Ano;Departamento;gabinete;sector;subsector;institucion;proyecto;monto;
2019;Atlántida;Gabinete de Infraestructura, Servicios y Empr;Agroforestal y Turismo;Desarrollo Productivo;Cuenta del Desafío del Milenio-Honduras;PROYECTO DE COMPETITIVIDAD RURAL EN HONDURAS, (COMRURAL);69711066.000000000000000000000000000000;
2019;Atlántida;Gabinete de Infraestructura, Servicios y Empr;Promoción y Protección Humana;Protección Social;Cuenta del Desafío del Milenio-Honduras;Centros de Atención Integral para mejorar las condiciones de vida de las mujeres hondureñas (Ciudad Mujer);54938971.000000000000000000000000000000;
2019;Atlántida;Gabinete de Infraestructura, Servicios y Empr;Promoción y Protección Humana;Protección Social;Fondo Hondureño de Inversión Social;PROGRAMA DE INFRAESTRUCTURA PARA LA SEGURIDAD CIUDADANA;47080712.000000000000000000000000000000;
2019;Atlántida;Gabinete Social;Promoción y Protección Humana;Protección Social;Secretaría de Desarrollo e Inclusión Social;ATENCIÓN A MUJERES, JÓVENES, NIÑOS Y NIÑAS EN SITUACIÓN DE VIOLENCIA Y RIESGO SOCIAL;1527325.000000000000000000000000000000;
2019;Atlántida;Gabinete Social;Promoción y Protección Humana;Protección Social;Secretaría de Desarrollo e Inclusión Social;BOLSON ESCOLAR Y EQUIPO DE UTILES;233023.000000000000000000000000000000;
2019;Atlántida;Gabinete Social;Promoción y Protección Humana;Protección Social;Secretaría de Desarrollo e Inclusión Social;CENTROS DE ATENCIÓN A PERSONAS  CON CAPACIDADES ESPECIALES Y ADULTOS MAYORES EN SITUACIÓN DE VULNERABILIDAD;3857214.000000000000000000000000000000;
2019;Choluteca;Gabinete de Infraestructura, Servicios y Empr;Agroforestal y Turismo;Desarrollo Productivo;Cuenta del Desafío del Milenio-Honduras;ALIANZA PARA EL CORREDOR SECO (USAID-GAFSP);98116528.000000000000000000000000000000;
2019;Choluteca;Gabinete de Infraestructura, Servicios y Empr;Promoción y Protección Humana;Protección Social;Cuenta del Desafío del Milenio-Honduras;Centros de Atención Integral para mejorar las condiciones de vida de las mujeres hondureñas (Ciudad Mujer);103045746.000000000000000000000000000000;
2019;Choluteca;Gabinete de Infraestructura, Servicios y Empr;Comunicaciones y Energía;Carreteras;Cuenta del Desafío del Milenio-Honduras;CORREDOR PACÍFICO-PROGRAMA DE INTEGRACIÓN VIAL REGIONAL;372447722.000000000000000000000000000000;
2019;Choluteca;Gabinete Social;Promoción y Protección Humana;Educación;Secretaría de Educación;PROGRAMA DE MEJORA DE LA INFRAESTRUCTURA ESCOLAR (PROMINE/KFW, FASE II);53541.000000000000000000000000000000;
2019;Choluteca;Gabinete Social;Promoción y Protección Humana;Protección Social;Secretaría de Desarrollo e Inclusión Social;ATENCIÓN A MUJERES, JÓVENES, NIÑOS Y NIÑAS EN SITUACIÓN DE VIOLENCIA Y RIESGO SOCIAL;1527325.000000000000000000000000000000;
2019;Choluteca;Gabinete Social;Promoción y Protección Humana;Protección Social;Secretaría de Desarrollo e Inclusión Social;BOLSON ESCOLAR Y EQUIPO DE UTILES;449200.000000000000000000000000000000;
2019;Choluteca;Gabinete Social;Promoción y Protección Humana;Protección Social;Secretaría de Desarrollo e Inclusión Social;CENTROS DE ATENCIÓN A PERSONAS  CON CAPACIDADES ESPECIALES Y ADULTOS MAYORES EN SITUACIÓN DE VULNERABILIDAD;3857214.000000000000000000000000000000;
2019;Choluteca;Gabinete Social;Promoción y Protección Humana;Protección Social;Secretaría de Desarrollo e Inclusión Social;OPORTUNIDADES PARA MADRES Y JOVENES COMO ESTRATEGIA DE SALIDA DEL BONO VIDA MEJOR;2688800.000000000000000000000000000000;
2019;Choluteca;Gabinete Social;Promoción y Protección Humana;Salud;Secretaría de Desarrollo e Inclusión Social;PROGRAMA APOYO A LA RED DE INCLUSIÓN SOCIAL CON PRIORIDAD EN OCCIDENTE;13413210.000000000000000000000000000000;
2019;Choluteca;Gabinete Social;Promoción y Protección Humana;Salud;Secretaría de Salud;CONSTRUCCION Y MODERNIZACION DEL HOSPITAL REGIONAL DEL SUR EN CHOLUTECA;250000000.000000000000000000000000000000;
2019;Choluteca;Gabinete Social;Promoción y Protección Humana;Salud;Secretaría de Salud;PROGRAMA APOYO A LA RED DE INCLUSIÓN SOCIAL CON PRIORIDAD EN OCCIDENTE;7185649.000000000000000000000000000000;
2019;Choluteca;Gabinete Económico;Agroforestal y Turismo;Desarrollo Productivo;Secretaría de Agricultura y Ganadería;PROGRAMA DE DESARROLLO RURAL SOSTENIBLE PARA LA REGION SUR (EMPRENDESUR);57641615.000000000000000000000000000000;
2019;Choluteca;Gabinete de Infraestructura, Servicios y Empr;Comunicaciones y Energía;Energía;Empresa Nacional de Energía Eléctrica;APOYO AL PLAN ESTRATÉGICO DE ACCESO UNIVERSAL A ELECTRICIDAD;384000.000000000000000000000000000000;
2019;Colón;Gabinete de Infraestructura, Servicios y Empr;Comunicaciones y Energía;Carreteras;Cuenta del Desafío del Milenio-Honduras;CORREDOR PACÍFICO-PROGRAMA DE INTEGRACIÓN VIAL REGIONAL;12287682.000000000000000000000000000000;
2019;Colón;Gabinete Social;Promoción y Protección Humana;Protección Social;Secretaría de Desarrollo e Inclusión Social;ATENCIÓN A MUJERES, JÓVENES, NIÑOS Y NIÑAS EN SITUACIÓN DE VIOLENCIA Y RIESGO SOCIAL;1527325.000000000000000000000000000000;
2019;Colón;Gabinete Social;Promoción y Protección Humana;Protección Social;Secretaría de Desarrollo e Inclusión Social;BOLSON ESCOLAR Y EQUIPO DE UTILES;229092.000000000000000000000000000000;
2019;Colón;Gabinete Social;Promoción y Protección Humana;Protección Social;Secretaría de Desarrollo e Inclusión Social;CENTROS DE ATENCIÓN A PERSONAS  CON CAPACIDADES ESPECIALES Y ADULTOS MAYORES EN SITUACIÓN DE VULNERABILIDAD;3857215.000000000000000000000000000000;
2019;Colón;Gabinete Económico;Agroforestal y Turismo;Recursos Forestal Y Ambie;Instituto Nacional de Conservación y Desarrollo Forestal;MEDIDA COMPLEMENTARIA AL PROYECTO DE ORDENAMIENTO TERRITORIAL COMUNAL Y PROTECCIÓN DEL MEDIO AMBIENTE EN RÍO PLÁTANO (MC-PROTEP);837128.000000000000000000000000000000;
2019;Comayagua;Gabinete de Infraestructura, Servicios y Empr;Agroforestal y Turismo;Desarrollo Productivo;Cuenta del Desafío del Milenio-Honduras;PROYECTO DE COMPETITIVIDAD RURAL EN HONDURAS, (COMRURAL);76048459.000000000000000000000000000000;
2019;Comayagua;Gabinete de Infraestructura, Servicios y Empr;Comunicaciones y Energía;Carreteras;Cuenta del Desafío del Milenio-Honduras;Ampliación y Mejoramiento de Carretera CA-5 Norte Segmentos I y II (Sección 2A), Tramo Las Mercedes-Empalme Villa de San Antonio;344632770.000000000000000000000000000000;
2019;Comayagua;Gabinete Económico;Fortalecimiento Institucional;Modernización Del Estado;Secretaría de Finanzas;MANEJO SOSTENIBLE DE BOSQUES;63959581.000000000000000000000000000000;
2019;Comayagua;Gabinete de Infraestructura, Servicios y Empr;Fortalecimiento Institucional;Seguridad Y Defensa;Fondo Hondureño de Inversión Social;PROYECTO CONVIVENCIA Y ESPACIOS SEGUROS PARA LOS JÓVENES EN HONDURAS;26562517.000000000000000000000000000000;
2019;Comayagua;Gabinete Social;Promoción y Protección Humana;Protección Social;Secretaría de Desarrollo e Inclusión Social;ATENCIÓN A MUJERES, JÓVENES, NIÑOS Y NIÑAS EN SITUACIÓN DE VIOLENCIA Y RIESGO SOCIAL;1527325.000000000000000000000000000000;
2019;Comayagua;Gabinete Social;Promoción y Protección Humana;Protección Social;Secretaría de Desarrollo e Inclusión Social;BOLSON ESCOLAR Y EQUIPO DE UTILES;336900.000000000000000000000000000000;
2019;Comayagua;Gabinete Social;Promoción y Protección Humana;Protección Social;Secretaría de Desarrollo e Inclusión Social;CENTROS DE ATENCIÓN A PERSONAS  CON CAPACIDADES ESPECIALES Y ADULTOS MAYORES EN SITUACIÓN DE VULNERABILIDAD;3857215.000000000000000000000000000000;
2019;Comayagua;Gabinete Social;Promoción y Protección Humana;Protección Social;Secretaría de Desarrollo e Inclusión Social;OPORTUNIDADES PARA MADRES Y JOVENES COMO ESTRATEGIA DE SALIDA DEL BONO VIDA MEJOR;2567300.000000000000000000000000000000;
2019;Comayagua;Gabinete Económico;Agroforestal y Turismo;Riego;Secretaría de Agricultura y Ganadería;PROYECTO DE DESAROLLO AGRICOLA BAJO RIEGO (PDABR);56094575.000000000000000000000000000000;
2019;Comayagua;Gabinete Económico;Fortalecimiento Institucional;Modernización Del Estado;Secretaría de Trabajo y Seguridad Social;FORTALECIMIENTO INSTITUCIONAL DE EMPLEO DECENTE Y OPORTUNIDADES DE EMPLEO PARA JÓVENES EN HONDURAS (EURO+LABOR);11200000.000000000000000000000000000000;
2019;Comayagua;Gabinete de Infraestructura, Servicios y Empr;Comunicaciones y Energía;Carreteras;Secretaría de Infraestructura y Servicios Públicos;RECONSTRUCCION Y PAVIMENTACION CARRETERA LA LIBERTAD - LAS L;55400000.000000000000000000000000000000;
2019;Copán;Gabinete de Infraestructura, Servicios y Empr;Comunicaciones y Energía;Energía;Programa Nacional de Desarrollo Rural y Urbano Sostenible;PROYECTO DE ENERGÍA RENOVABLE PARA EL DESARROLLO RURAL SOSTENIBLE PRO-ENERGÍA RURAL;155099.000000000000000000000000000000;
2019;Copán;Gabinete de Infraestructura, Servicios y Empr;Agroforestal y Turismo;Desarrollo Productivo;Cuenta del Desafío del Milenio-Honduras;PROYECTO DE COMPETITIVIDAD RURAL EN HONDURAS, (COMRURAL);72879756.000000000000000000000000000000;
2019;Copán;Gabinete de Infraestructura, Servicios y Empr;Agroforestal y Turismo;Desarrollo Productivo;Cuenta del Desafío del Milenio-Honduras;ALIANZA PARA EL CORREDOR SECO (USAID-GAFSP);2736642.000000000000000000000000000000;
2019;Copán;Gabinete de Infraestructura, Servicios y Empr;Comunicaciones y Energía;Energía;Fondo Hondureño de Inversión Social;PRODUCTIVIDAD Y OPORTUNIDAD PARA EL DESARROLLO A TRAVÉS DE ENERGÍA RENOVABLE (PODER);2300000.000000000000000000000000000000;
2019;Copán;Gabinete de Infraestructura, Servicios y Empr;Comunicaciones y Energía;Energía;Programa Nacional de Desarrollo Rural y Urbano Sostenible;PROYECTO DE ENERGÍA RENOVABLE PARA EL DESARROLLO RURAL SOSTENIBLE PRO-ENERGÍA RURAL;232649.000000000000000000000000000000;
2019;Copán;Gabinete de Infraestructura, Servicios y Empr;Promoción y Protección Humana;Educación;Fondo Hondureño de Inversión Social;PROGRAMA DE MEJORA DE LA INFRAESTRUCTURA ESCOLAR (PROMINE/KFW, FASE II);12936077.000000000000000000000000000000;
2019;Copán;Gabinete Social;Promoción y Protección Humana;Educación;Secretaría de Educación;PROGRAMA DE MEJORA DE LA INFRAESTRUCTURA ESCOLAR (PROMINE/KFW, FASE II);321248.000000000000000000000000000000;
2019;Copán;Gabinete Social;Promoción y Protección Humana;Protección Social;Secretaría de Desarrollo e Inclusión Social;ATENCIÓN A MUJERES, JÓVENES, NIÑOS Y NIÑAS EN SITUACIÓN DE VIOLENCIA Y RIESGO SOCIAL;1527326.000000000000000000000000000000;
2019;Copán;Gabinete Social;Promoción y Protección Humana;Protección Social;Secretaría de Desarrollo e Inclusión Social;BOLSON ESCOLAR Y EQUIPO DE UTILES;314440.000000000000000000000000000000;
2019;Copán;Gabinete Social;Promoción y Protección Humana;Protección Social;Secretaría de Desarrollo e Inclusión Social;CENTROS DE ATENCIÓN A PERSONAS  CON CAPACIDADES ESPECIALES Y ADULTOS MAYORES EN SITUACIÓN DE VULNERABILIDAD;3857215.000000000000000000000000000000;
2019;Copán;Gabinete Social;Promoción y Protección Humana;Protección Social;Secretaría de Desarrollo e Inclusión Social;OPORTUNIDADES PARA MADRES Y JOVENES COMO ESTRATEGIA DE SALIDA DEL BONO VIDA MEJOR;4882964.000000000000000000000000000000;
2019;Copán;Gabinete Social;Promoción y Protección Humana;Protección Social;Secretaría de Desarrollo e Inclusión Social;PROGRAMA DE APOYO AL SISTEMA DE PROTECCION SOCIAL (BONO VIDA MEJOR) BID 3371/BL-HO;2720119.000000000000000000000000000000;
2019;Copán;Gabinete Social;Promoción y Protección Humana;Salud;Secretaría de Desarrollo e Inclusión Social;PROGRAMA APOYO A LA RED DE INCLUSIÓN SOCIAL CON PRIORIDAD EN OCCIDENTE;41017771.000000000000000000000000000000;
2019;Copán;Gabinete Social;Promoción y Protección Humana;Salud;Secretaría de Salud;PROGRAMA APOYO A LA RED DE INCLUSIÓN SOCIAL CON PRIORIDAD EN OCCIDENTE;11536229.000000000000000000000000000000;
2019;Copán;Gabinete de Infraestructura, Servicios y Empr;Comunicaciones y Energía;Carreteras;Secretaría de Infraestructura y Servicios Públicos;REHABILITACIÓN VIAL DEL CORREDOR DE OCCIDENTE: LA ENTRADA - COPAN RUINAS - EL FLORIDO Y LA ENTRADA-SANTA ROSA DE COPAN;637885413.000000000000000000000000000000;
2019;Copán;Gabinete de Infraestructura, Servicios y Empr;Comunicaciones y Energía;Carreteras;Secretaría de Infraestructura y Servicios Públicos;REHABILITACIÓN VIAL DEL CORREDOR DE OCCIDENTE: LA ENTRADA - COPAN RUINAS - EL FLORIDO Y LA ENTRADA-SANTA ROSA DE COPAN;686544000.000000000000000000000000000000;
2019;Copán;Gabinete de Infraestructura, Servicios y Empr;Comunicaciones y Energía;Carreteras;Secretaría de Infraestructura y Servicios Públicos;REHABILITACIÓN VIAL DEL CORREDOR DE OCCIDENTE: LA ENTRADA - COPAN RUINAS - EL FLORIDO Y LA ENTRADA-SANTA ROSA DE COPAN;686089719.000000000000000000000000000000;
2019;Cortés;Entes Adscritos a la Presidencia de la Repúbl;Fortalecimiento Institucional;Modernización Del Estado;Servicio de Administración de Rentas;Fortalecimiento Institucional y Operativo de la Administración Tributaria;4242954.000000000000000000000000000000;
2019;Cortés;Gabinete de Infraestructura, Servicios y Empr;Promoción y Protección Humana;Protección Social;Cuenta del Desafío del Milenio-Honduras;Centros de Atención Integral para mejorar las condiciones de vida de las mujeres hondureñas (Ciudad Mujer);10697540.000000000000000000000000000000;
2019;Cortés;Gabinete de Infraestructura, Servicios y Empr;Comunicaciones y Energía;Carreteras;Cuenta del Desafío del Milenio-Honduras;PROGRAMA VIAL DE INTEGRACION VIAL REGIONAL II;429574043.000000000000000000000000000000;
2019;Cortés;Gabinete de Infraestructura, Servicios y Empr;Fortalecimiento Institucional;Seguridad Y Defensa;Fondo Hondureño de Inversión Social;PROYECTO CONVIVENCIA Y ESPACIOS SEGUROS PARA LOS JÓVENES EN HONDURAS;12409783.000000000000000000000000000000;
2019;Cortés;Gabinete de Infraestructura, Servicios y Empr;Promoción y Protección Humana;Protección Social;Fondo Hondureño de Inversión Social;PROGRAMA DE INFRAESTRUCTURA PARA LA SEGURIDAD CIUDADANA;23457655.000000000000000000000000000000;
2019;Cortés;Gabinete Social;Promoción y Protección Humana;Educación;Universidad Pedagógica Nacional Francisco Morazán;Construcción de Edificio Multifuncional de Talleres  y Laboratorios en el Centro Universitario Regional de San Pedro Sula de la UPNFM;12045398.000000000000000000000000000000;
2019;Cortés;Gabinete Social;Promoción y Protección Humana;Protección Social;Dirección Nacional del Programa Ciudad Mujer;Centros de Atención Integral para mejorar las condiciones de vida de las mujeres hondureñas (Ciudad Mujer);1897046.000000000000000000000000000000;
2019;Cortés;Gabinete Social;Promoción y Protección Humana;Protección Social;Secretaría de Desarrollo e Inclusión Social;ATENCIÓN A MUJERES, JÓVENES, NIÑOS Y NIÑAS EN SITUACIÓN DE VIOLENCIA Y RIESGO SOCIAL;1527326.000000000000000000000000000000;
2019;Cortés;Gabinete Social;Promoción y Protección Humana;Protección Social;Secretaría de Desarrollo e Inclusión Social;BOLSON ESCOLAR Y EQUIPO DE UTILES;499735.000000000000000000000000000000;
2019;Cortés;Gabinete Social;Promoción y Protección Humana;Protección Social;Secretaría de Desarrollo e Inclusión Social;CENTROS DE ATENCIÓN A PERSONAS  CON CAPACIDADES ESPECIALES Y ADULTOS MAYORES EN SITUACIÓN DE VULNERABILIDAD;3857215.000000000000000000000000000000;
2019;Cortés;Gabinete Social;Promoción y Protección Humana;Protección Social;Secretaría de Desarrollo e Inclusión Social;OPORTUNIDADES PARA MADRES Y JOVENES COMO ESTRATEGIA DE SALIDA DEL BONO VIDA MEJOR;2567300.000000000000000000000000000000;
2019;Cortés;Gabinete Social;Promoción y Protección Humana;Salud;Secretaría de Salud;PROGRAMA APOYO A LA RED DE INCLUSIÓN SOCIAL CON PRIORIDAD EN OCCIDENTE;32522933.000000000000000000000000000000;
2019;Cortés;Gabinete de Infraestructura, Servicios y Empr;Comunicaciones y Energía;Energía;Empresa Nacional de Energía Eléctrica;PROYECTO DE REHABILITACIÓN Y REPOTENCIACIÓN DEL COMPLEJO HIDROELÉCTRICO CAÑAVERAL-RÍO LINDO;785428864.000000000000000000000000000000;
2019;Cortés;Gabinete de Prevención, Seguridad y Defensa;Fortalecimiento Institucional;Seguridad Y Defensa;Secretaría de Seguridad;PROGRAMA DE CONVIVENCIA CIUDADANA Y MEJORAMIENTO DE BARRIOS;34299360.000000000000000000000000000000;
2019;El Paraíso;Gabinete de Infraestructura, Servicios y Empr;Agroforestal y Turismo;Desarrollo Productivo;Cuenta del Desafío del Milenio-Honduras;ALIANZA PARA EL CORREDOR SECO (USAID-GAFSP);44493529.000000000000000000000000000000;
2019;El Paraíso;Gabinete Económico;Fortalecimiento Institucional;Modernización Del Estado;Secretaría de Finanzas;MANEJO SOSTENIBLE DE BOSQUES;6007825.000000000000000000000000000000;
2019;El Paraíso;Gabinete Social;Promoción y Protección Humana;Protección Social;Secretaría de Desarrollo e Inclusión Social;ATENCIÓN A MUJERES, JÓVENES, NIÑOS Y NIÑAS EN SITUACIÓN DE VIOLENCIA Y RIESGO SOCIAL;1527326.000000000000000000000000000000;
2019;El Paraíso;Gabinete Social;Promoción y Protección Humana;Protección Social;Secretaría de Desarrollo e Inclusión Social;BOLSON ESCOLAR Y EQUIPO DE UTILES;404280.000000000000000000000000000000;
2019;El Paraíso;Gabinete Social;Promoción y Protección Humana;Protección Social;Secretaría de Desarrollo e Inclusión Social;CENTROS DE ATENCIÓN A PERSONAS  CON CAPACIDADES ESPECIALES Y ADULTOS MAYORES EN SITUACIÓN DE VULNERABILIDAD;3857215.000000000000000000000000000000;
2019;El Paraíso;Gabinete Social;Promoción y Protección Humana;Protección Social;Secretaría de Desarrollo e Inclusión Social;OPORTUNIDADES PARA MADRES Y JOVENES COMO ESTRATEGIA DE SALIDA DEL BONO VIDA MEJOR;82660.000000000000000000000000000000;
2019;El Paraíso;Gabinete Social;Promoción y Protección Humana;Salud;Secretaría de Desarrollo e Inclusión Social;PROGRAMA APOYO A LA RED DE INCLUSIÓN SOCIAL CON PRIORIDAD EN OCCIDENTE;71810077.000000000000000000000000000000;
2019;El Paraíso;Gabinete Económico;Agroforestal y Turismo;Desarrollo Productivo;Secretaría de Agricultura y Ganadería;PROGRAMA DE DESARROLLO RURAL SOSTENIBLE PARA LA REGION SUR (EMPRENDESUR);18392885.000000000000000000000000000000;
2019;El Paraíso;Gabinete Económico;Agroforestal y Turismo;Recursos Forestal Y Ambie;Instituto Nacional de Conservación y Desarrollo Forestal;ADAPTACION AL CAMBIO CLIMATICO EN EL SECTOR FORESTAL (CLIFOR);1577678.000000000000000000000000000000;
2019;Francisco Morazán;Entes Adscritos a la Presidencia de la Repúbl;Fortalecimiento Institucional;Modernización Del Estado;Servicio de Administración de Rentas;Fortalecimiento Institucional y Operativo de la Administración Tributaria;91054679.000000000000000000000000000000;
2019;Francisco Morazán;Gabinete de Infraestructura, Servicios y Empr;Agroforestal y Turismo;Desarrollo Productivo;Cuenta del Desafío del Milenio-Honduras;PROYECTO DE COMPETITIVIDAD RURAL EN HONDURAS, (COMRURAL);137614937.000000000000000000000000000000;
2019;Francisco Morazán;Gabinete de Infraestructura, Servicios y Empr;Agroforestal y Turismo;Desarrollo Productivo;Cuenta del Desafío del Milenio-Honduras;ALIANZA PARA EL CORREDOR SECO (USAID-GAFSP);97171692.000000000000000000000000000000;
2019;Francisco Morazán;Gabinete de Infraestructura, Servicios y Empr;Comunicaciones y Energía;Carreteras;Cuenta del Desafío del Milenio-Honduras;Ampliación y Mejoramiento de Carretera CA-5 Norte Segmentos I y II (Sección 2A), Tramo Las Mercedes-Empalme Villa de San Antonio;6600000.000000000000000000000000000000;
2019;Francisco Morazán;Gabinete de Infraestructura, Servicios y Empr;Promoción y Protección Humana;Protección Social;Cuenta del Desafío del Milenio-Honduras;Centros de Atención Integral para mejorar las condiciones de vida de las mujeres hondureñas (Ciudad Mujer);6194406.000000000000000000000000000000;
2019;Francisco Morazán;Gabinete de Infraestructura, Servicios y Empr;Comunicaciones y Energía;Carreteras;Cuenta del Desafío del Milenio-Honduras;CONSTRUCCION DEL CORREDOR LOGISTICO VILLA DE SAN ANTONIO - GOASCORAN SECCION II Y III;11094437.000000000000000000000000000000;
2019;Francisco Morazán;Gabinete de Infraestructura, Servicios y Empr;Comunicaciones y Energía;Carreteras;Cuenta del Desafío del Milenio-Honduras;CORREDOR PACÍFICO-PROGRAMA DE INTEGRACIÓN VIAL REGIONAL;411353460.000000000000000000000000000000;
2019;Francisco Morazán;Gabinete de Infraestructura, Servicios y Empr;Comunicaciones y Energía;Carreteras;Cuenta del Desafío del Milenio-Honduras;PROGRAMA VIAL DE INTEGRACION VIAL REGIONAL II;55757898.000000000000000000000000000000;
2019;Francisco Morazán;Gabinete de Infraestructura, Servicios y Empr;Agroforestal y Turismo;Recursos Forestal Y Ambie;Cuenta del Desafío del Milenio-Honduras;PROGRAMA PILOTO DE RESILIENCIA CLIMÁTICA (PPCR);19339856.000000000000000000000000000000;
2019;Francisco Morazán;Gabinete de Infraestructura, Servicios y Empr;Fortalecimiento Institucional;Modernización Del Estado;Cuenta del Desafío del Milenio-Honduras;ADMINISTRACION DEL PROGRAMA, MONITOREO Y EVALUACION (PROGRAMA UMBRAL);9192259.000000000000000000000000000000;
2019;Francisco Morazán;Gabinete de Infraestructura, Servicios y Empr;Fortalecimiento Institucional;Modernización Del Estado;Cuenta del Desafío del Milenio-Honduras;PROYECTO ASOCIACIONES PUBLICO-PRIVADAS (PROGRAMA UMBRAL);2191348.000000000000000000000000000000;
2019;Francisco Morazán;Gabinete de Infraestructura, Servicios y Empr;Fortalecimiento Institucional;Modernización Del Estado;Cuenta del Desafío del Milenio-Honduras;PROYECTO DE ADMINISTRACION FINANCIERA PUBLICA (PROGRAMA UMBRAL);22155228.000000000000000000000000000000;
2019;Francisco Morazán;Entes sin Adscripción a un Gabinete Sectorial;Fortalecimiento Institucional;Descentralización;Secretaría de Coordinación General del Gobierno;APOYO A LA GESTIÓN BASADA EN RESULTADOS A NIVEL MUNICIPAL;270000.000000000000000000000000000000;
2019;Francisco Morazán;Entes que no forman parte del Poder Ejecutivo;Fortalecimiento Institucional;Modernización Del Estado;Poder Judicial;PROMOVIENDO UNA JUSTICIA RAPIDA Y ACCESIBLE EN HONDURAS (EUROJUSTICIA);155127571.000000000000000000000000000000;
2019;Francisco Morazán;Gabinete Económico;Agroforestal y Turismo;Desarrollo Productivo;Secretaría de Finanzas;PROYECTO DE COMPETITIVIDAD RURAL EN HONDURAS, (COMRURAL);720000.000000000000000000000000000000;
2019;Francisco Morazán;Gabinete Económico;Fortalecimiento Institucional;Modernización Del Estado;Instituto Hondureño de Ciencia, Tecnología e Innovación;Apoyo al Fortalecimiento del Sistema Nacional de Ciencia, Tecnología e Innovación de Honduras.;437000.000000000000000000000000000000;
2019;Francisco Morazán;Gabinete Económico;Fortalecimiento Institucional;Modernización Del Estado;Secretaría de Finanzas;APOYO A LA ESTRATEGIA DE INVERSION PUBLICA DE MEDIANO PLAZO;1232000.000000000000000000000000000000;
2019;Francisco Morazán;Gabinete Económico;Fortalecimiento Institucional;Modernización Del Estado;Secretaría de Finanzas;MANEJO SOSTENIBLE DE BOSQUES;85687690.000000000000000000000000000000;
2019;Francisco Morazán;Gabinete Económico;Fortalecimiento Institucional;Modernización Del Estado;Secretaría de Finanzas;PROYECTO MEJORA DE LOS SISTEMAS DE GESTION DE LAS FINANZAS PUBLICAS;3589600.000000000000000000000000000000;
2019;Francisco Morazán;Gabinete Económico;Promoción y Protección Humana;Protección Social;Secretaría de Finanzas;APOYO A LA IMPLEMENTACIÓN DEL PLAN DE LA ALIANZA PARA LA PROSPERIDAD DEL TRIÁNGULO NORTE (PAPTN);8344423.000000000000000000000000000000;
2019;Francisco Morazán;Gabinete de Infraestructura, Servicios y Empr;Comunicaciones y Energía;Energía;Fondo Hondureño de Inversión Social;PRODUCTIVIDAD Y OPORTUNIDAD PARA EL DESARROLLO A TRAVÉS DE ENERGÍA RENOVABLE (PODER);11837275.000000000000000000000000000000;
2019;Francisco Morazán;Gabinete de Infraestructura, Servicios y Empr;Comunicaciones y Energía;Energía;Programa Nacional de Desarrollo Rural y Urbano Sostenible;PROYECTO DE ENERGÍA RENOVABLE PARA EL DESARROLLO RURAL SOSTENIBLE PRO-ENERGÍA RURAL;14833000.000000000000000000000000000000;
2019;Francisco Morazán;Gabinete de Infraestructura, Servicios y Empr;Fortalecimiento Institucional;Seguridad Y Defensa;Fondo Hondureño de Inversión Social;PROGRAMA DE CONVIVENCIA CIUDADANA Y MEJORAMIENTO DE BARRIOS;117716409.000000000000000000000000000000;
2019;Francisco Morazán;Gabinete de Infraestructura, Servicios y Empr;Fortalecimiento Institucional;Seguridad Y Defensa;Fondo Hondureño de Inversión Social;PROYECTO CONVIVENCIA Y ESPACIOS SEGUROS PARA LOS JÓVENES EN HONDURAS;8505699.000000000000000000000000000000;
2019;Francisco Morazán;Gabinete de Infraestructura, Servicios y Empr;Promoción y Protección Humana;Protección Social;Fondo Hondureño de Inversión Social;PROGRAMA DE INFRAESTRUCTURA PARA LA SEGURIDAD CIUDADANA;35743302.000000000000000000000000000000;
2019;Francisco Morazán;Gabinete de Infraestructura, Servicios y Empr;Promoción y Protección Humana;Educación;Fondo Hondureño de Inversión Social;PROGRAMA DE MEJORA DE LA INFRAESTRUCTURA ESCOLAR (PROMINE/KFW, FASE II);64168869.000000000000000000000000000000;
2019;Francisco Morazán;Gabinete Social;Promoción y Protección Humana;Educación;Secretaría de Educación;Fortalecimiento del Desarrollo Profesional Docente;16869800.000000000000000000000000000000;
2019;Francisco Morazán;Gabinete Social;Promoción y Protección Humana;Educación;Secretaría de Educación;PROGRAMA DE MEJORA DE LA INFRAESTRUCTURA ESCOLAR (PROMINE/KFW, FASE II);306472.000000000000000000000000000000;
2019;Francisco Morazán;Gabinete Social;Promoción y Protección Humana;Protección Social;Dirección Nacional del Programa Ciudad Mujer;Centros de Atención Integral para mejorar las condiciones de vida de las mujeres hondureñas (Ciudad Mujer);17352588.000000000000000000000000000000;
2019;Francisco Morazán;Gabinete de Infraestructura, Servicios y Empr;Promoción y Protección Humana;Protección Social;Fondo Hondureño de Inversión Social;PROYECTO DE INFRAESTRUCTURA RURAL (BCIE);5486442.000000000000000000000000000000;
2019;Francisco Morazán;Gabinete Social;Promoción y Protección Humana;Protección Social;Secretaría de Desarrollo e Inclusión Social;ATENCIÓN A MUJERES, JÓVENES, NIÑOS Y NIÑAS EN SITUACIÓN DE VIOLENCIA Y RIESGO SOCIAL;8474240.000000000000000000000000000000;
2019;Francisco Morazán;Gabinete Social;Promoción y Protección Humana;Protección Social;Secretaría de Desarrollo e Inclusión Social;BOLSON ESCOLAR Y EQUIPO DE UTILES;862630.000000000000000000000000000000;
2019;Francisco Morazán;Gabinete Social;Promoción y Protección Humana;Protección Social;Secretaría de Desarrollo e Inclusión Social;CENTROS DE ATENCIÓN A PERSONAS  CON CAPACIDADES ESPECIALES Y ADULTOS MAYORES EN SITUACIÓN DE VULNERABILIDAD;11143062.000000000000000000000000000000;
2019;Francisco Morazán;Gabinete Social;Promoción y Protección Humana;Protección Social;Secretaría de Desarrollo e Inclusión Social;OPORTUNIDADES PARA MADRES Y JOVENES COMO ESTRATEGIA DE SALIDA DEL BONO VIDA MEJOR;7025190.000000000000000000000000000000;
2019;Francisco Morazán;Gabinete Social;Promoción y Protección Humana;Protección Social;Secretaría de Desarrollo e Inclusión Social;PROGRAMA DE APOYO AL SISTEMA DE PROTECCION SOCIAL (BONO VIDA MEJOR) BID 3371/BL-HO;170579907.000000000000000000000000000000;
2019;Francisco Morazán;Gabinete Social;Promoción y Protección Humana;Protección Social;Secretaría de Desarrollo e Inclusión Social;SEGUNDO FINANCIAMIENTO ADICIONAL PARA EL PROYECTO DE PROTECCION SOCIAL(BONO VIDA MEJOR) BM 5603;20702563.000000000000000000000000000000;
2019;Francisco Morazán;Gabinete Social;Promoción y Protección Humana;Educación;Secretaría de Educación;Mejora de la Calidad Educativa para el Desarrollo de Habilidades para el Empleo: Proyecto Joven;75484952.000000000000000000000000000000;
2019;Francisco Morazán;Gabinete Social;Promoción y Protección Humana;Salud;Secretaría de Desarrollo e Inclusión Social;PROGRAMA APOYO A LA RED DE INCLUSIÓN SOCIAL CON PRIORIDAD EN OCCIDENTE;30849869.000000000000000000000000000000;
2019;Francisco Morazán;Gabinete Social;Promoción y Protección Humana;Salud;Secretaría de Salud;PROGRAMA APOYO A LA RED DE INCLUSIÓN SOCIAL CON PRIORIDAD EN OCCIDENTE;5722071.000000000000000000000000000000;
2019;Francisco Morazán;Gabinete Social;Promoción y Protección Humana;Salud;Secretaría de Salud;REEQUIPAMIENTO BIOMEDICO HOSPITAL MARIA ESPECIALIDADES PEDIATRICAS (HMEP);93576144.000000000000000000000000000000;
2019;Francisco Morazán;Gabinete Económico;Fortalecimiento Institucional;Modernización Del Estado;Secretaría de Agricultura y Ganadería;FORTALECIMIENTO DE LAS CAPACIDADES DE LA UNIDAD ADMINISTRADORA DE PROYECTOS (UAP), DE LA SECRETARIA DE AGRICULTURA Y GANADERIA (SAG) EN HONDURAS.;3051939.000000000000000000000000000000;
2019;Francisco Morazán;Gabinete Económico;Agroforestal y Turismo;Riego;Secretaría de Agricultura y Ganadería;PROYECTO DE DESAROLLO AGRICOLA BAJO RIEGO (PDABR);310102070.000000000000000000000000000000;
2019;Francisco Morazán;Gabinete Económico;Agroforestal y Turismo;Desarrollo Productivo;Secretaría de Agricultura y Ganadería;PROGRAMA DE DESARROLLO RURAL SOSTENIBLE PARA LA REGION SUR (EMPRENDESUR);18485475.000000000000000000000000000000;
2019;Francisco Morazán;Gabinete Económico;Agroforestal y Turismo;Desarrollo Productivo;Secretaría de Agricultura y Ganadería;PROYECTO DE COMPETITIVIDAD Y DESARROLLO SOSTENIBLE DEL CORREDOR FRONTERIZO SUR OCCIDENTAL PRO-LENCA;39385637.000000000000000000000000000000;
2019;Francisco Morazán;Gabinete Económico;Agroforestal y Turismo;Riego;Secretaría de Agricultura y Ganadería;PROYECTO DE  DESARROLLO AGRÍCOLA BAJO RIEGO DEL VALLE DE JAMASTRAN FASE 1;93337527.000000000000000000000000000000;
2019;Francisco Morazán;Gabinete Económico;Agroforestal y Turismo;Recursos Forestal Y Ambie;Instituto Nacional de Conservación y Desarrollo Forestal;ADAPTACION AL CAMBIO CLIMATICO EN EL SECTOR FORESTAL (CLIFOR);118936074.000000000000000000000000000000;
2019;Francisco Morazán;Gabinete Económico;Agroforestal y Turismo;Recursos Forestal Y Ambie;Instituto Nacional de Conservación y Desarrollo Forestal;MEDIDA COMPLEMENTARIA AL PROYECTO DE ORDENAMIENTO TERRITORIAL COMUNAL Y PROTECCIÓN DEL MEDIO AMBIENTE EN RÍO PLÁTANO (MC-PROTEP);31055286.000000000000000000000000000000;
2019;Francisco Morazán;Gabinete Económico;Fortalecimiento Institucional;Modernización Del Estado;Instituto Hondureño de Ciencia, Tecnología e Innovación;Apoyo al Fortalecimiento del Sistema Nacional de Ciencia, Tecnología e Innovación de Honduras.;3255945.000000000000000000000000000000;
2019;Francisco Morazán;Gabinete Económico;Fortalecimiento Institucional;Modernización Del Estado;Secretaría de Trabajo y Seguridad Social;FORTALECIMIENTO INSTITUCIONAL DE EMPLEO DECENTE Y OPORTUNIDADES DE EMPLEO PARA JÓVENES EN HONDURAS (EURO+LABOR);48743034.000000000000000000000000000000;
2019;Francisco Morazán;Gabinete de Gobernabilidad;Agroforestal y Turismo;Desarrollo Productivo;Instituto Nacional Agrario;PRODUCCION AGROPECUARIA NACIONAL (PAN);5000000.000000000000000000000000000000;
2019;Francisco Morazán;Gabinete de Gobernabilidad;Agroforestal y Turismo;Desarrollo Productivo;Instituto Nacional Agrario;PROGRAMA TITULACION DE TIERRAS;5000000.000000000000000000000000000000;
2019;Francisco Morazán;Gabinete de Infraestructura, Servicios y Empr;Comunicaciones y Energía;Comunicaciones;Empresa Hondureña de Telecomunicaciones;Proyecto Servicios Convergentes de Nueva Generación;41996196.000000000000000000000000000000;
2019;Francisco Morazán;Gabinete de Infraestructura, Servicios y Empr;Comunicaciones y Energía;Energía;Empresa Nacional de Energía Eléctrica;APOYO A LA INTEGRACION DE HONDURAS EN EL MERCADO REGIONAL (MER);43938362.000000000000000000000000000000;
2019;Francisco Morazán;Gabinete de Infraestructura, Servicios y Empr;Comunicaciones y Energía;Energía;Empresa Nacional de Energía Eléctrica;APOYO AL PLAN ESTRATÉGICO DE ACCESO UNIVERSAL A ELECTRICIDAD;3912000.000000000000000000000000000000;
2019;Francisco Morazán;Gabinete de Infraestructura, Servicios y Empr;Comunicaciones y Energía;Energía;Empresa Nacional de Energía Eléctrica;PROYECTO DE REHABILITACIÓN Y REPOTENCIACIÓN DEL COMPLEJO HIDROELÉCTRICO CAÑAVERAL-RÍO LINDO;10929331.000000000000000000000000000000;
2019;Francisco Morazán;Gabinete de Prevención, Seguridad y Defensa;Agroforestal y Turismo;Recursos Forestal Y Ambie;Comisión Permanente de Contingencias;PROYECTO GESTION DE RIESGOS DE DESASTRES;117506288.000000000000000000000000000000;
2019;Francisco Morazán;Gabinete de Prevención, Seguridad y Defensa;Fortalecimiento Institucional;Seguridad Y Defensa;Secretaría de Seguridad;PROGRAMA DE CONVIVENCIA CIUDADANA Y MEJORAMIENTO DE BARRIOS;110196128.000000000000000000000000000000;
2019;Gracias a Dios;Gabinete Social;Promoción y Protección Humana;Educación;Secretaría de Educación;PROGRAMA DE MEJORA DE LA INFRAESTRUCTURA ESCOLAR (PROMINE/KFW, FASE II);1820405.000000000000000000000000000000;
2019;Gracias a Dios;Gabinete Social;Promoción y Protección Humana;Protección Social;Secretaría de Desarrollo e Inclusión Social;BOLSON ESCOLAR Y EQUIPO DE UTILES;336900.000000000000000000000000000000;
2019;Gracias a Dios;Gabinete Social;Promoción y Protección Humana;Protección Social;Secretaría de Desarrollo e Inclusión Social;CENTROS DE ATENCIÓN A PERSONAS  CON CAPACIDADES ESPECIALES Y ADULTOS MAYORES EN SITUACIÓN DE VULNERABILIDAD;3857215.000000000000000000000000000000;
2019;Gracias a Dios;Gabinete Económico;Agroforestal y Turismo;Recursos Forestal Y Ambie;Instituto Nacional de Conservación y Desarrollo Forestal;ADAPTACION AL CAMBIO CLIMATICO EN EL SECTOR FORESTAL (CLIFOR);3929955.000000000000000000000000000000;
2019;Gracias a Dios;Gabinete Económico;Agroforestal y Turismo;Recursos Forestal Y Ambie;Instituto Nacional de Conservación y Desarrollo Forestal;MEDIDA COMPLEMENTARIA AL PROYECTO DE ORDENAMIENTO TERRITORIAL COMUNAL Y PROTECCIÓN DEL MEDIO AMBIENTE EN RÍO PLÁTANO (MC-PROTEP);726232.000000000000000000000000000000;
2019;Intibucá;Gabinete de Infraestructura, Servicios y Empr;Agroforestal y Turismo;Desarrollo Productivo;Cuenta del Desafío del Milenio-Honduras;ALIANZA PARA EL CORREDOR SECO (USAID-GAFSP);32174239.000000000000000000000000000000;
2019;Intibucá;Gabinete de Infraestructura, Servicios y Empr;Comunicaciones y Energía;Energía;Fondo Hondureño de Inversión Social;PRODUCTIVIDAD Y OPORTUNIDAD PARA EL DESARROLLO A TRAVÉS DE ENERGÍA RENOVABLE (PODER);9343922.000000000000000000000000000000;
2019;Intibucá;Gabinete de Infraestructura, Servicios y Empr;Comunicaciones y Energía;Energía;Programa Nacional de Desarrollo Rural y Urbano Sostenible;PROYECTO DE ENERGÍA RENOVABLE PARA EL DESARROLLO RURAL SOSTENIBLE PRO-ENERGÍA RURAL;12051215.000000000000000000000000000000;
2019;Intibucá;Gabinete de Infraestructura, Servicios y Empr;Promoción y Protección Humana;Educación;Fondo Hondureño de Inversión Social;PROGRAMA DE MEJORA DE LA INFRAESTRUCTURA ESCOLAR (PROMINE/KFW, FASE II);13196027.000000000000000000000000000000;
2019;Intibucá;Gabinete Social;Promoción y Protección Humana;Educación;Secretaría de Educación;Fortalecimiento del Desarrollo Profesional Docente;23302339.000000000000000000000000000000;
2019;Intibucá;Gabinete Social;Promoción y Protección Humana;Educación;Secretaría de Educación;PROGRAMA DE MEJORA DE LA INFRAESTRUCTURA ESCOLAR (PROMINE/KFW, FASE II);428331.000000000000000000000000000000;
2019;Intibucá;Gabinete de Infraestructura, Servicios y Empr;Promoción y Protección Humana;Protección Social;Fondo Hondureño de Inversión Social;PROYECTO DE INFRAESTRUCTURA RURAL (BCIE);3593630.000000000000000000000000000000;
2019;Intibucá;Gabinete Social;Promoción y Protección Humana;Protección Social;Secretaría de Desarrollo e Inclusión Social;ATENCIÓN A MUJERES, JÓVENES, NIÑOS Y NIÑAS EN SITUACIÓN DE VIOLENCIA Y RIESGO SOCIAL;1527326.000000000000000000000000000000;
2019;Intibucá;Gabinete Social;Promoción y Protección Humana;Protección Social;Secretaría de Desarrollo e Inclusión Social;BOLSON ESCOLAR Y EQUIPO DE UTILES;269520.000000000000000000000000000000;
2019;Intibucá;Gabinete Social;Promoción y Protección Humana;Protección Social;Secretaría de Desarrollo e Inclusión Social;CENTROS DE ATENCIÓN A PERSONAS  CON CAPACIDADES ESPECIALES Y ADULTOS MAYORES EN SITUACIÓN DE VULNERABILIDAD;3857215.000000000000000000000000000000;
2019;Intibucá;Gabinete Social;Promoción y Protección Humana;Protección Social;Secretaría de Desarrollo e Inclusión Social;OPORTUNIDADES PARA MADRES Y JOVENES COMO ESTRATEGIA DE SALIDA DEL BONO VIDA MEJOR;257928.000000000000000000000000000000;
2019;Intibucá;Gabinete Social;Promoción y Protección Humana;Protección Social;Secretaría de Desarrollo e Inclusión Social;PROGRAMA DE APOYO AL SISTEMA DE PROTECCION SOCIAL (BONO VIDA MEJOR) BID 3371/BL-HO;4802322.000000000000000000000000000000;
2019;Intibucá;Gabinete Social;Promoción y Protección Humana;Salud;Secretaría de Desarrollo e Inclusión Social;PROGRAMA APOYO A LA RED DE INCLUSIÓN SOCIAL CON PRIORIDAD EN OCCIDENTE;53275408.000000000000000000000000000000;
2019;Intibucá;Gabinete Social;Promoción y Protección Humana;Salud;Secretaría de Salud;PROGRAMA APOYO A LA RED DE INCLUSIÓN SOCIAL CON PRIORIDAD EN OCCIDENTE;15689463.000000000000000000000000000000;
2019;Intibucá;Gabinete Económico;Agroforestal y Turismo;Desarrollo Productivo;Secretaría de Agricultura y Ganadería;PROYECTO DE COMPETITIVIDAD Y DESARROLLO SOSTENIBLE DEL CORREDOR FRONTERIZO SUR OCCIDENTAL PRO-LENCA;33985049.000000000000000000000000000000;
2019;Islas de la Bahía;Gabinete Social;Promoción y Protección Humana;Protección Social;Secretaría de Desarrollo e Inclusión Social;BOLSON ESCOLAR Y EQUIPO DE UTILES;224600.000000000000000000000000000000;
2019;La Paz;Gabinete de Infraestructura, Servicios y Empr;Agroforestal y Turismo;Desarrollo Productivo;Cuenta del Desafío del Milenio-Honduras;ALIANZA PARA EL CORREDOR SECO (USAID-GAFSP);40320532.000000000000000000000000000000;
2019;La Paz;Gabinete de Infraestructura, Servicios y Empr;Comunicaciones y Energía;Carreteras;Cuenta del Desafío del Milenio-Honduras;CONSTRUCCION DEL CORREDOR LOGISTICO VILLA DE SAN ANTONIO - GOASCORAN SECCION II Y III;382610946.000000000000000000000000000000;
2019;La Paz;Entes que no forman parte del Poder Ejecutivo;Fortalecimiento Institucional;Modernización Del Estado;Poder Judicial;PROMOVIENDO UNA JUSTICIA RAPIDA Y ACCESIBLE EN HONDURAS (EUROJUSTICIA);8716664.000000000000000000000000000000;
2019;La Paz;Gabinete de Infraestructura, Servicios y Empr;Comunicaciones y Energía;Energía;Programa Nacional de Desarrollo Rural y Urbano Sostenible;PROYECTO DE ENERGÍA RENOVABLE PARA EL DESARROLLO RURAL SOSTENIBLE PRO-ENERGÍA RURAL;14470764.000000000000000000000000000000;
2019;La Paz;Gabinete Social;Promoción y Protección Humana;Educación;Secretaría de Educación;Fortalecimiento del Desarrollo Profesional Docente;27828077.000000000000000000000000000000;
2019;La Paz;Gabinete Social;Promoción y Protección Humana;Educación;Secretaría de Educación;PROGRAMA DE MEJORA DE LA INFRAESTRUCTURA ESCOLAR (PROMINE/KFW, FASE II);428331.000000000000000000000000000000;
2019;La Paz;Gabinete Social;Promoción y Protección Humana;Protección Social;Secretaría de Desarrollo e Inclusión Social;ATENCIÓN A MUJERES, JÓVENES, NIÑOS Y NIÑAS EN SITUACIÓN DE VIOLENCIA Y RIESGO SOCIAL;1527326.000000000000000000000000000000;
2019;La Paz;Gabinete Social;Promoción y Protección Humana;Protección Social;Secretaría de Desarrollo e Inclusión Social;BOLSON ESCOLAR Y EQUIPO DE UTILES;422012.000000000000000000000000000000;
2019;La Paz;Gabinete Social;Promoción y Protección Humana;Protección Social;Secretaría de Desarrollo e Inclusión Social;CENTROS DE ATENCIÓN A PERSONAS  CON CAPACIDADES ESPECIALES Y ADULTOS MAYORES EN SITUACIÓN DE VULNERABILIDAD;3857215.000000000000000000000000000000;
2019;La Paz;Gabinete Social;Promoción y Protección Humana;Protección Social;Secretaría de Desarrollo e Inclusión Social;OPORTUNIDADES PARA MADRES Y JOVENES COMO ESTRATEGIA DE SALIDA DEL BONO VIDA MEJOR;2998956.000000000000000000000000000000;
2019;La Paz;Gabinete Social;Promoción y Protección Humana;Protección Social;Secretaría de Desarrollo e Inclusión Social;PROGRAMA DE APOYO AL SISTEMA DE PROTECCION SOCIAL (BONO VIDA MEJOR) BID 3371/BL-HO;10356912.000000000000000000000000000000;
2019;La Paz;Gabinete Social;Promoción y Protección Humana;Salud;Secretaría de Desarrollo e Inclusión Social;PROGRAMA APOYO A LA RED DE INCLUSIÓN SOCIAL CON PRIORIDAD EN OCCIDENTE;6161978.000000000000000000000000000000;
2019;La Paz;Gabinete Social;Promoción y Protección Humana;Salud;Secretaría de Salud;PROGRAMA APOYO A LA RED DE INCLUSIÓN SOCIAL CON PRIORIDAD EN OCCIDENTE;2279353.000000000000000000000000000000;
2019;La Paz;Gabinete Económico;Agroforestal y Turismo;Desarrollo Productivo;Secretaría de Agricultura y Ganadería;PROGRAMA DE DESARROLLO RURAL SOSTENIBLE PARA LA REGION SUR (EMPRENDESUR);12301533.000000000000000000000000000000;
2019;La Paz;Gabinete Económico;Agroforestal y Turismo;Desarrollo Productivo;Secretaría de Agricultura y Ganadería;PROYECTO DE COMPETITIVIDAD Y DESARROLLO SOSTENIBLE DEL CORREDOR FRONTERIZO SUR OCCIDENTAL PRO-LENCA;12370808.000000000000000000000000000000;
2019;La Paz;Gabinete de Prevención, Seguridad y Defensa;Fortalecimiento Institucional;Seguridad Y Defensa;Secretaría de Seguridad;PROGRAMA DE CONVIVENCIA CIUDADANA Y MEJORAMIENTO DE BARRIOS;54894788.000000000000000000000000000000;
2019;Lempira;Gabinete de Infraestructura, Servicios y Empr;Agroforestal y Turismo;Desarrollo Productivo;Cuenta del Desafío del Milenio-Honduras;ALIANZA PARA EL CORREDOR SECO (USAID-GAFSP);49827784.000000000000000000000000000000;
2019;Lempira;Gabinete de Infraestructura, Servicios y Empr;Comunicaciones y Energía;Energía;Fondo Hondureño de Inversión Social;PRODUCTIVIDAD Y OPORTUNIDAD PARA EL DESARROLLO A TRAVÉS DE ENERGÍA RENOVABLE (PODER);8001513.000000000000000000000000000000;
2019;Lempira;Gabinete de Infraestructura, Servicios y Empr;Comunicaciones y Energía;Energía;Programa Nacional de Desarrollo Rural y Urbano Sostenible;PROYECTO DE ENERGÍA RENOVABLE PARA EL DESARROLLO RURAL SOSTENIBLE PRO-ENERGÍA RURAL;23264894.000000000000000000000000000000;
2019;Lempira;Gabinete de Infraestructura, Servicios y Empr;Fortalecimiento Institucional;Seguridad Y Defensa;Fondo Hondureño de Inversión Social;PROYECTO CONVIVENCIA Y ESPACIOS SEGUROS PARA LOS JÓVENES EN HONDURAS;15318574.000000000000000000000000000000;
2019;Lempira;Gabinete de Infraestructura, Servicios y Empr;Promoción y Protección Humana;Educación;Fondo Hondureño de Inversión Social;PROGRAMA DE MEJORA DE LA INFRAESTRUCTURA ESCOLAR (PROMINE/KFW, FASE II);5179215.000000000000000000000000000000;
2019;Lempira;Gabinete Social;Promoción y Protección Humana;Educación;Secretaría de Educación;PROGRAMA DE MEJORA DE LA INFRAESTRUCTURA ESCOLAR (PROMINE/KFW, FASE II);160624.000000000000000000000000000000;
2019;Lempira;Gabinete de Infraestructura, Servicios y Empr;Promoción y Protección Humana;Protección Social;Fondo Hondureño de Inversión Social;PROYECTO DE INFRAESTRUCTURA RURAL (BCIE);6729568.000000000000000000000000000000;
2019;Lempira;Gabinete Social;Promoción y Protección Humana;Protección Social;Secretaría de Desarrollo e Inclusión Social;BOLSON ESCOLAR Y EQUIPO DE UTILES;561500.000000000000000000000000000000;
2019;Lempira;Gabinete Social;Promoción y Protección Humana;Protección Social;Secretaría de Desarrollo e Inclusión Social;CENTROS DE ATENCIÓN A PERSONAS  CON CAPACIDADES ESPECIALES Y ADULTOS MAYORES EN SITUACIÓN DE VULNERABILIDAD;3857215.000000000000000000000000000000;
2019;Lempira;Gabinete Social;Promoción y Protección Humana;Protección Social;Secretaría de Desarrollo e Inclusión Social;OPORTUNIDADES PARA MADRES Y JOVENES COMO ESTRATEGIA DE SALIDA DEL BONO VIDA MEJOR;3185824.000000000000000000000000000000;
2019;Lempira;Gabinete Social;Promoción y Protección Humana;Protección Social;Secretaría de Desarrollo e Inclusión Social;PROGRAMA DE APOYO AL SISTEMA DE PROTECCION SOCIAL (BONO VIDA MEJOR) BID 3371/BL-HO;8842463.000000000000000000000000000000;
2019;Lempira;Gabinete Social;Promoción y Protección Humana;Educación;Secretaría de Educación;Mejora de la Calidad Educativa para el Desarrollo de Habilidades para el Empleo: Proyecto Joven;126893874.000000000000000000000000000000;
2019;Lempira;Gabinete Social;Promoción y Protección Humana;Salud;Secretaría de Desarrollo e Inclusión Social;PROGRAMA APOYO A LA RED DE INCLUSIÓN SOCIAL CON PRIORIDAD EN OCCIDENTE;31910360.000000000000000000000000000000;
2019;Lempira;Gabinete Social;Promoción y Protección Humana;Salud;Secretaría de Salud;PROGRAMA APOYO A LA RED DE INCLUSIÓN SOCIAL CON PRIORIDAD EN OCCIDENTE;3966102.000000000000000000000000000000;
2019;Lempira;Gabinete Económico;Agroforestal y Turismo;Desarrollo Productivo;Secretaría de Agricultura y Ganadería;PROYECTO DE COMPETITIVIDAD Y DESARROLLO SOSTENIBLE DEL CORREDOR FRONTERIZO SUR OCCIDENTAL PRO-LENCA;67355506.000000000000000000000000000000;
2019;Lempira;Gabinete de Infraestructura, Servicios y Empr;Comunicaciones y Energía;Carreteras;Secretaría de Infraestructura y Servicios Públicos;CONSTRUCCIÓN Y PAVIMENTACIÓN CON CONCRETO HIDRÁULICO DEL TRAMO CARRETERO VALLADOLID - LA VIRTUD ¿ MAPULACA, CON UNA LONGITUD APROXIMADA DE 30 KM, LOCALIZADO EN EL DEPARTAMENTO DE LEMPIRA.;220000000.000000000000000000000000000000;
2019;Ocotepeque;Gabinete de Infraestructura, Servicios y Empr;Agroforestal y Turismo;Desarrollo Productivo;Cuenta del Desafío del Milenio-Honduras;ALIANZA PARA EL CORREDOR SECO (USAID-GAFSP);6328229.000000000000000000000000000000;
2019;Ocotepeque;Gabinete de Infraestructura, Servicios y Empr;Comunicaciones y Energía;Energía;Programa Nacional de Desarrollo Rural y Urbano Sostenible;PROYECTO DE ENERGÍA RENOVABLE PARA EL DESARROLLO RURAL SOSTENIBLE PRO-ENERGÍA RURAL;527337.000000000000000000000000000000;
2019;Ocotepeque;Gabinete de Infraestructura, Servicios y Empr;Promoción y Protección Humana;Educación;Fondo Hondureño de Inversión Social;PROGRAMA DE MEJORA DE LA INFRAESTRUCTURA ESCOLAR (PROMINE/KFW, FASE II);26561982.000000000000000000000000000000;
2019;Ocotepeque;Gabinete Social;Promoción y Protección Humana;Educación;Secretaría de Educación;PROGRAMA DE MEJORA DE LA INFRAESTRUCTURA ESCOLAR (PROMINE/KFW, FASE II);535413.000000000000000000000000000000;
2019;Ocotepeque;Gabinete Social;Promoción y Protección Humana;Protección Social;Secretaría de Desarrollo e Inclusión Social;ATENCIÓN A MUJERES, JÓVENES, NIÑOS Y NIÑAS EN SITUACIÓN DE VIOLENCIA Y RIESGO SOCIAL;1527326.000000000000000000000000000000;
2019;Ocotepeque;Gabinete Social;Promoción y Protección Humana;Protección Social;Secretaría de Desarrollo e Inclusión Social;BOLSON ESCOLAR Y EQUIPO DE UTILES;332506.000000000000000000000000000000;
2019;Ocotepeque;Gabinete Social;Promoción y Protección Humana;Protección Social;Secretaría de Desarrollo e Inclusión Social;CENTROS DE ATENCIÓN A PERSONAS  CON CAPACIDADES ESPECIALES Y ADULTOS MAYORES EN SITUACIÓN DE VULNERABILIDAD;3857215.000000000000000000000000000000;
2019;Ocotepeque;Gabinete Social;Promoción y Protección Humana;Protección Social;Secretaría de Desarrollo e Inclusión Social;OPORTUNIDADES PARA MADRES Y JOVENES COMO ESTRATEGIA DE SALIDA DEL BONO VIDA MEJOR;3176948.000000000000000000000000000000;
2019;Ocotepeque;Gabinete Social;Promoción y Protección Humana;Protección Social;Secretaría de Desarrollo e Inclusión Social;PROGRAMA DE APOYO AL SISTEMA DE PROTECCION SOCIAL (BONO VIDA MEJOR) BID 3371/BL-HO;4224610.000000000000000000000000000000;
2019;Ocotepeque;Gabinete Social;Promoción y Protección Humana;Salud;Secretaría de Desarrollo e Inclusión Social;PROGRAMA APOYO A LA RED DE INCLUSIÓN SOCIAL CON PRIORIDAD EN OCCIDENTE;2509304.000000000000000000000000000000;
2019;Ocotepeque;Gabinete Social;Promoción y Protección Humana;Salud;Secretaría de Salud;PROGRAMA APOYO A LA RED DE INCLUSIÓN SOCIAL CON PRIORIDAD EN OCCIDENTE;1723716.000000000000000000000000000000;
2019;Olancho;Gabinete Social;Promoción y Protección Humana;Educación;Universidad Nacional de Agricultura;PROYECTO INCLUSIÓN SOCIAL A LA EDUCACIÓN SUPERIOR E IMPULSO DE LA PRODUCCIÓN SUSTENTABLE (UNA/PINPROS);29269958.000000000000000000000000000000;
2019;Olancho;Gabinete Económico;Fortalecimiento Institucional;Modernización Del Estado;Secretaría de Finanzas;MANEJO SOSTENIBLE DE BOSQUES;12015652.000000000000000000000000000000;
2019;Olancho;Gabinete Social;Promoción y Protección Humana;Protección Social;Secretaría de Desarrollo e Inclusión Social;ATENCIÓN A MUJERES, JÓVENES, NIÑOS Y NIÑAS EN SITUACIÓN DE VIOLENCIA Y RIESGO SOCIAL;1527326.000000000000000000000000000000;
2019;Olancho;Gabinete Social;Promoción y Protección Humana;Protección Social;Secretaría de Desarrollo e Inclusión Social;BOLSON ESCOLAR Y EQUIPO DE UTILES;539040.000000000000000000000000000000;
2019;Olancho;Gabinete Social;Promoción y Protección Humana;Protección Social;Secretaría de Desarrollo e Inclusión Social;CENTROS DE ATENCIÓN A PERSONAS  CON CAPACIDADES ESPECIALES Y ADULTOS MAYORES EN SITUACIÓN DE VULNERABILIDAD;3857215.000000000000000000000000000000;
2019;Olancho;Gabinete Social;Promoción y Protección Humana;Salud;Secretaría de Desarrollo e Inclusión Social;PROGRAMA APOYO A LA RED DE INCLUSIÓN SOCIAL CON PRIORIDAD EN OCCIDENTE;1905619.000000000000000000000000000000;
2019;Olancho;Gabinete Social;Promoción y Protección Humana;Salud;Secretaría de Salud;PROGRAMA APOYO A LA RED DE INCLUSIÓN SOCIAL CON PRIORIDAD EN OCCIDENTE;5830717.000000000000000000000000000000;
2019;Olancho;Gabinete Económico;Agroforestal y Turismo;Recursos Forestal Y Ambie;Instituto Nacional de Conservación y Desarrollo Forestal;ADAPTACION AL CAMBIO CLIMATICO EN EL SECTOR FORESTAL (CLIFOR);3439274.000000000000000000000000000000;
2019;Olancho;Gabinete Económico;Agroforestal y Turismo;Recursos Forestal Y Ambie;Instituto Nacional de Conservación y Desarrollo Forestal;MEDIDA COMPLEMENTARIA AL PROYECTO DE ORDENAMIENTO TERRITORIAL COMUNAL Y PROTECCIÓN DEL MEDIO AMBIENTE EN RÍO PLÁTANO (MC-PROTEP);1149709.000000000000000000000000000000;
2019;Olancho;Gabinete de Infraestructura, Servicios y Empr;Comunicaciones y Energía;Carreteras;Secretaría de Infraestructura y Servicios Públicos;CONSTRUCCION Y PAVIMENTACION CARRETERA CATACAMAS-CUEVAS DE TALGUA;55000000.000000000000000000000000000000;
2019;Santa Bárbara;Gabinete de Infraestructura, Servicios y Empr;Agroforestal y Turismo;Desarrollo Productivo;Cuenta del Desafío del Milenio-Honduras;PROYECTO DE COMPETITIVIDAD RURAL EN HONDURAS, (COMRURAL);28518183.000000000000000000000000000000;
2019;Santa Bárbara;Gabinete de Infraestructura, Servicios y Empr;Agroforestal y Turismo;Desarrollo Productivo;Cuenta del Desafío del Milenio-Honduras;ALIANZA PARA EL CORREDOR SECO (USAID-GAFSP);3162200.000000000000000000000000000000;
2019;Santa Bárbara;Gabinete de Infraestructura, Servicios y Empr;Comunicaciones y Energía;Energía;Fondo Hondureño de Inversión Social;PRODUCTIVIDAD Y OPORTUNIDAD PARA EL DESARROLLO A TRAVÉS DE ENERGÍA RENOVABLE (PODER);3926993.000000000000000000000000000000;
2019;Santa Bárbara;Gabinete de Infraestructura, Servicios y Empr;Comunicaciones y Energía;Energía;Programa Nacional de Desarrollo Rural y Urbano Sostenible;PROYECTO DE ENERGÍA RENOVABLE PARA EL DESARROLLO RURAL SOSTENIBLE PRO-ENERGÍA RURAL;1302834.000000000000000000000000000000;
2019;Santa Bárbara;Gabinete de Infraestructura, Servicios y Empr;Promoción y Protección Humana;Educación;Fondo Hondureño de Inversión Social;PROGRAMA DE MEJORA DE LA INFRAESTRUCTURA ESCOLAR (PROMINE/KFW, FASE II);1115249.000000000000000000000000000000;
2019;Santa Bárbara;Gabinete Social;Promoción y Protección Humana;Educación;Secretaría de Educación;PROGRAMA DE MEJORA DE LA INFRAESTRUCTURA ESCOLAR (PROMINE/KFW, FASE II);160624.000000000000000000000000000000;
2019;Santa Bárbara;Gabinete Social;Promoción y Protección Humana;Protección Social;Secretaría de Desarrollo e Inclusión Social;ATENCIÓN A MUJERES, JÓVENES, NIÑOS Y NIÑAS EN SITUACIÓN DE VIOLENCIA Y RIESGO SOCIAL;1527326.000000000000000000000000000000;
2019;Santa Bárbara;Gabinete Social;Promoción y Protección Humana;Protección Social;Secretaría de Desarrollo e Inclusión Social;BOLSON ESCOLAR Y EQUIPO DE UTILES;445582.000000000000000000000000000000;
2019;Santa Bárbara;Gabinete Social;Promoción y Protección Humana;Protección Social;Secretaría de Desarrollo e Inclusión Social;CENTROS DE ATENCIÓN A PERSONAS  CON CAPACIDADES ESPECIALES Y ADULTOS MAYORES EN SITUACIÓN DE VULNERABILIDAD;3857215.000000000000000000000000000000;
2019;Santa Bárbara;Gabinete Social;Promoción y Protección Humana;Protección Social;Secretaría de Desarrollo e Inclusión Social;OPORTUNIDADES PARA MADRES Y JOVENES COMO ESTRATEGIA DE SALIDA DEL BONO VIDA MEJOR;2821320.000000000000000000000000000000;
2019;Santa Bárbara;Gabinete Social;Promoción y Protección Humana;Protección Social;Secretaría de Desarrollo e Inclusión Social;PROGRAMA DE APOYO AL SISTEMA DE PROTECCION SOCIAL (BONO VIDA MEJOR) BID 3371/BL-HO;11689120.000000000000000000000000000000;
2019;Valle;Gabinete de Infraestructura, Servicios y Empr;Comunicaciones y Energía;Carreteras;Cuenta del Desafío del Milenio-Honduras;CONSTRUCCION DEL CORREDOR LOGISTICO VILLA DE SAN ANTONIO - GOASCORAN SECCION II Y III;978635084.000000000000000000000000000000;
2019;Valle;Gabinete de Infraestructura, Servicios y Empr;Comunicaciones y Energía;Carreteras;Cuenta del Desafío del Milenio-Honduras;CORREDOR PACÍFICO-PROGRAMA DE INTEGRACIÓN VIAL REGIONAL;62430158.000000000000000000000000000000;
2019;Valle;Gabinete Social;Promoción y Protección Humana;Educación;Secretaría de Educación;PROGRAMA DE MEJORA DE LA INFRAESTRUCTURA ESCOLAR (PROMINE/KFW, FASE II);53541.000000000000000000000000000000;
2019;Valle;Gabinete Social;Promoción y Protección Humana;Protección Social;Secretaría de Desarrollo e Inclusión Social;ATENCIÓN A MUJERES, JÓVENES, NIÑOS Y NIÑAS EN SITUACIÓN DE VIOLENCIA Y RIESGO SOCIAL;1527326.000000000000000000000000000000;
2019;Valle;Gabinete Social;Promoción y Protección Humana;Protección Social;Secretaría de Desarrollo e Inclusión Social;BOLSON ESCOLAR Y EQUIPO DE UTILES;269520.000000000000000000000000000000;
2019;Valle;Gabinete Social;Promoción y Protección Humana;Protección Social;Secretaría de Desarrollo e Inclusión Social;CENTROS DE ATENCIÓN A PERSONAS  CON CAPACIDADES ESPECIALES Y ADULTOS MAYORES EN SITUACIÓN DE VULNERABILIDAD;3857215.000000000000000000000000000000;
2019;Valle;Gabinete Social;Promoción y Protección Humana;Protección Social;Secretaría de Desarrollo e Inclusión Social;OPORTUNIDADES PARA MADRES Y JOVENES COMO ESTRATEGIA DE SALIDA DEL BONO VIDA MEJOR;2567300.000000000000000000000000000000;
2019;Valle;Gabinete Económico;Agroforestal y Turismo;Desarrollo Productivo;Secretaría de Agricultura y Ganadería;PROGRAMA DE DESARROLLO RURAL SOSTENIBLE PARA LA REGION SUR (EMPRENDESUR);4766893.000000000000000000000000000000;
2019;Yoro;Gabinete Económico;Fortalecimiento Institucional;Modernización Del Estado;Secretaría de Finanzas;MANEJO SOSTENIBLE DE BOSQUES;6007825.000000000000000000000000000000;
2019;Yoro;Gabinete Social;Promoción y Protección Humana;Protección Social;Secretaría de Desarrollo e Inclusión Social;ATENCIÓN A MUJERES, JÓVENES, NIÑOS Y NIÑAS EN SITUACIÓN DE VIOLENCIA Y RIESGO SOCIAL;1527326.000000000000000000000000000000;
2019;Yoro;Gabinete Social;Promoción y Protección Humana;Protección Social;Secretaría de Desarrollo e Inclusión Social;BOLSON ESCOLAR Y EQUIPO DE UTILES;269520.000000000000000000000000000000;
2019;Yoro;Gabinete Social;Promoción y Protección Humana;Protección Social;Secretaría de Desarrollo e Inclusión Social;CENTROS DE ATENCIÓN A PERSONAS  CON CAPACIDADES ESPECIALES Y ADULTOS MAYORES EN SITUACIÓN DE VULNERABILIDAD;3857215.000000000000000000000000000000;
2019;Yoro;Gabinete Social;Promoción y Protección Humana;Protección Social;Secretaría de Desarrollo e Inclusión Social;OPORTUNIDADES PARA MADRES Y JOVENES COMO ESTRATEGIA DE SALIDA DEL BONO VIDA MEJOR;102410.000000000000000000000000000000;
2019;Yoro;Gabinete Económico;Agroforestal y Turismo;Riego;Secretaría de Agricultura y Ganadería;PROYECTO DE DESAROLLO AGRICOLA BAJO RIEGO (PDABR);82483228.000000000000000000000000000000;
2019;Yoro;Gabinete Económico;Agroforestal y Turismo;Recursos Forestal Y Ambie;Instituto Nacional de Conservación y Desarrollo Forestal;ADAPTACION AL CAMBIO CLIMATICO EN EL SECTOR FORESTAL (CLIFOR);1393530.000000000000000000000000000000;
2019;Yoro;Gabinete de Infraestructura, Servicios y Empr;Comunicaciones y Energía;Comunicaciones;Empresa Hondureña de Telecomunicaciones;Proyecto Servicios Convergentes de Nueva Generación;36442980.000000000000000000000000000000;
2019;Sin Asignar;Gabinete Económico;Agroforestal y Turismo;Desarrollo Productivo;Secretaría de Agricultura y Ganadería;PROYECTO DE TRANSFORMACIÓN EN REGADIO EN LA RIBERA DEL AGUAN;264419695.000000000000000000000000000000;
2019;Sin Asignar;Gabinete de Infraestructura, Servicios y Empr;Comunicaciones y Energía;Carreteras;Cuenta del Desafío del Milenio-Honduras;PROYECTO INTERCONECTOR LA CAÑADA - SANTA ROSA;283903923.000000000000000000000000000000;
2019;Sin Asignar;Gabinete de Infraestructura, Servicios y Empr;Comunicaciones y Energía;Energía;Empresa Nacional de Energía Eléctrica;PROYECTOS DE TRANSMISIÓN DE ENERGÍA;277394323.000000000000000000000000000000;
2019;Sin Asignar;Gabinete de Infraestructura, Servicios y Empr;Comunicaciones y Energía;Transporte y Obras Públic;Alcaldia Municipal del Distrito Central;PROYECTO DE TRANSPORTE PUBLICO PARA EL DISTRITO CENTRAL (TEGUCIGALPA - COMAYAGUELA);132118389.000000000000000000000000000000;
2020;Atlántida;Entes que no forman parte del Poder Ejecutivo;FORTALECIMIENTO INSTITUCIONAL;MODERNIZACION DEL ESTADO;Poder Judicial;PROMOVIENDO UNA JUSTICIA RAPIDA Y ACCESIBLE EN HONDURAS (EUROJUSTICIA);2872929.324000000000000000000000000000;
2020;Colón;Entes que no forman parte del Poder Ejecutivo;FORTALECIMIENTO INSTITUCIONAL;MODERNIZACION DEL ESTADO;Poder Judicial;PROMOVIENDO UNA JUSTICIA RAPIDA Y ACCESIBLE EN HONDURAS (EUROJUSTICIA);1907640.834000000000000000000000000000;
2020;Comayagua;Entes que no forman parte del Poder Ejecutivo;FORTALECIMIENTO INSTITUCIONAL;MODERNIZACION DEL ESTADO;Poder Judicial;PROMOVIENDO UNA JUSTICIA RAPIDA Y ACCESIBLE EN HONDURAS (EUROJUSTICIA);3072978.790000000000000000000000000000;
2020;Copan;Entes que no forman parte del Poder Ejecutivo;FORTALECIMIENTO INSTITUCIONAL;MODERNIZACION DEL ESTADO;Poder Judicial;PROMOVIENDO UNA JUSTICIA RAPIDA Y ACCESIBLE EN HONDURAS (EUROJUSTICIA);4743747.924000000000000000000000000000;
2020;Cortés;Entes que no forman parte del Poder Ejecutivo;FORTALECIMIENTO INSTITUCIONAL;MODERNIZACION DEL ESTADO;Poder Judicial;PROMOVIENDO UNA JUSTICIA RAPIDA Y ACCESIBLE EN HONDURAS (EUROJUSTICIA);4241903.644000000000000000000000000000;
2020;Choluteca;Entes que no forman parte del Poder Ejecutivo;FORTALECIMIENTO INSTITUCIONAL;MODERNIZACION DEL ESTADO;Poder Judicial;PROMOVIENDO UNA JUSTICIA RAPIDA Y ACCESIBLE EN HONDURAS (EUROJUSTICIA);2872929.324000000000000000000000000000;
2020;El Paraíso;Entes que no forman parte del Poder Ejecutivo;FORTALECIMIENTO INSTITUCIONAL;MODERNIZACION DEL ESTADO;Poder Judicial;PROMOVIENDO UNA JUSTICIA RAPIDA Y ACCESIBLE EN HONDURAS (EUROJUSTICIA);3072978.790000000000000000000000000000;
2020;Francisco Morazán;Entes que no forman parte del Poder Ejecutivo;FORTALECIMIENTO INSTITUCIONAL;MODERNIZACION DEL ESTADO;Poder Judicial;PROMOVIENDO UNA JUSTICIA RAPIDA Y ACCESIBLE EN HONDURAS (EUROJUSTICIA);18212867.570000000000000000000000000000;
2020;Gracias a Dios;Entes que no forman parte del Poder Ejecutivo;FORTALECIMIENTO INSTITUCIONAL;MODERNIZACION DEL ESTADO;Poder Judicial;PROMOVIENDO UNA JUSTICIA RAPIDA Y ACCESIBLE EN HONDURAS (EUROJUSTICIA);1704004.470000000000000000000000000000;
2020;Intibucá;Entes que no forman parte del Poder Ejecutivo;FORTALECIMIENTO INSTITUCIONAL;MODERNIZACION DEL ESTADO;Poder Judicial;PROMOVIENDO UNA JUSTICIA RAPIDA Y ACCESIBLE EN HONDURAS (EUROJUSTICIA);4743747.924000000000000000000000000000;
2020;Islas de la Bahía;Entes que no forman parte del Poder Ejecutivo;FORTALECIMIENTO INSTITUCIONAL;MODERNIZACION DEL ESTADO;Poder Judicial;PROMOVIENDO UNA JUSTICIA RAPIDA Y ACCESIBLE EN HONDURAS (EUROJUSTICIA);1704004.470000000000000000000000000000;
2020;La Paz;Entes que no forman parte del Poder Ejecutivo;FORTALECIMIENTO INSTITUCIONAL;MODERNIZACION DEL ESTADO;Poder Judicial;PROMOVIENDO UNA JUSTICIA RAPIDA Y ACCESIBLE EN HONDURAS (EUROJUSTICIA);7016301.390000000000000000000000000000;
2020;Lempira;Entes que no forman parte del Poder Ejecutivo;FORTALECIMIENTO INSTITUCIONAL;MODERNIZACION DEL ESTADO;Poder Judicial;PROMOVIENDO UNA JUSTICIA RAPIDA Y ACCESIBLE EN HONDURAS (EUROJUSTICIA);4743747.924000000000000000000000000000;
2020;Ocotepeque;Entes que no forman parte del Poder Ejecutivo;FORTALECIMIENTO INSTITUCIONAL;MODERNIZACION DEL ESTADO;Poder Judicial;PROMOVIENDO UNA JUSTICIA RAPIDA Y ACCESIBLE EN HONDURAS (EUROJUSTICIA);4540111.560000000000000000000000000000;
2020;Olancho;Entes que no forman parte del Poder Ejecutivo;FORTALECIMIENTO INSTITUCIONAL;MODERNIZACION DEL ESTADO;Poder Judicial;PROMOVIENDO UNA JUSTICIA RAPIDA Y ACCESIBLE EN HONDURAS (EUROJUSTICIA);2669292.960000000000000000000000000000;
2020;Santa Barbara;Entes que no forman parte del Poder Ejecutivo;FORTALECIMIENTO INSTITUCIONAL;MODERNIZACION DEL ESTADO;Poder Judicial;PROMOVIENDO UNA JUSTICIA RAPIDA Y ACCESIBLE EN HONDURAS (EUROJUSTICIA);3778459.434000000000000000000000000000;
2020;Valle;Entes que no forman parte del Poder Ejecutivo;FORTALECIMIENTO INSTITUCIONAL;MODERNIZACION DEL ESTADO;Poder Judicial;PROMOVIENDO UNA JUSTICIA RAPIDA Y ACCESIBLE EN HONDURAS (EUROJUSTICIA);1907640.834000000000000000000000000000;
2020;Yoro;Entes que no forman parte del Poder Ejecutivo;FORTALECIMIENTO INSTITUCIONAL;MODERNIZACION DEL ESTADO;Poder Judicial;PROMOVIENDO UNA JUSTICIA RAPIDA Y ACCESIBLE EN HONDURAS (EUROJUSTICIA);1907640.834000000000000000000000000000;
2020;Olancho;Gabinete Económico;AGROFORESTAL Y TURISMO;RECURSOS FORESTAL Y AMBIENTE;Instituto Nacional de Conservación y Desarrollo Forestal;MEDIDA COMPLEMENTARIA AL PROYECTO DE ORDENAMIENTO TERRITORIAL COMUNAL Y PROTECCIÓN DEL MEDIO AMBIENTE EN RÍO PLÁTANO (MC-PROTEP);27057581.440000000000000000000000000000;
2020;Colón;Gabinete Económico;AGROFORESTAL Y TURISMO;RECURSOS FORESTAL Y AMBIENTE;Instituto Nacional de Conservación y Desarrollo Forestal;MEDIDA COMPLEMENTARIA AL PROYECTO DE ORDENAMIENTO TERRITORIAL COMUNAL Y PROTECCIÓN DEL MEDIO AMBIENTE EN RÍO PLÁTANO (MC-PROTEP);18936549.770000000000000000000000000000;
2020;Gracias a Dios;Gabinete Económico;AGROFORESTAL Y TURISMO;RECURSOS FORESTAL Y AMBIENTE;Instituto Nacional de Conservación y Desarrollo Forestal;MEDIDA COMPLEMENTARIA AL PROYECTO DE ORDENAMIENTO TERRITORIAL COMUNAL Y PROTECCIÓN DEL MEDIO AMBIENTE EN RÍO PLÁTANO (MC-PROTEP);5551938.790000000000000000000000000000;
2020;Francisco Morazán;Gabinete Económico;FORTALECIMIENTO INSTITUCIONAL;MODERNIZACION DEL ESTADO;Servicio de Administración de Rentas;Fortalecimiento Institucional y Operativo de la Administración Tributaria;94165765.000000000000000000000000000000;
2020;Comayagua;Gabinete Económico;PROMOCION Y PROTECCION HUMANA;EDUCACION;Centro Nacional de Educación para el Trabajo;FORTALECIMIENTO DE CAPACIDADES INSTITUCIONALES PARA LA FORMACIÓN DE EMPRENDEDORES EMPRESARIALES INNOVADORES UBICADO EN LOS MUNICIPIOS DE COMAYAGUA JESUS DE OTORO Y YAMARANGUILA IXCHEL;2047624.000000000000000000000000000000;
2020;Francisco Morazán;Gabinete Económico;FORTALECIMIENTO INSTITUCIONAL;MODERNIZACION DEL ESTADO;Secretaría de Finanzas;Modernización Integral de la Gestión de las Finanzas Públicas;100000000.000000000000000000000000000000;
2020;Francisco Morazán;Gabinete Económico;FORTALECIMIENTO INSTITUCIONAL;MODERNIZACION DEL ESTADO;Secretaría de Finanzas;MANEJO SOSTENIBLE DE BOSQUES;132390231.000000000000000000000000000000;
2020;Comayagua;Gabinete Económico;FORTALECIMIENTO INSTITUCIONAL;MODERNIZACION DEL ESTADO;Secretaría de Finanzas;MANEJO SOSTENIBLE DE BOSQUES;61828096.000000000000000000000000000000;
2020;Francisco Morazán;Gabinete Económico;FORTALECIMIENTO INSTITUCIONAL;MODERNIZACION DEL ESTADO;Secretaría de Finanzas;APOYO A LA ESTRATEGIA DE INVERSION PUBLICA DE MEDIANO PLAZO;1695650.000000000000000000000000000000;
2020;Francisco Morazán;Gabinete Económico;FORTALECIMIENTO INSTITUCIONAL;MODERNIZACION DEL ESTADO;Secretaría de Trabajo y Seguridad Social;FORTALECIMIENTO INSTITUCIONAL DE EMPLEO DECENTE Y OPORTUNIDADES DE EMPLEO PARA JÓVENES EN HONDURAS (EURO+LABOR);108962975.000000000000000000000000000000;
2020;Comayagua;Gabinete Económico;FORTALECIMIENTO INSTITUCIONAL;MODERNIZACION DEL ESTADO;Secretaría de Trabajo y Seguridad Social;FORTALECIMIENTO INSTITUCIONAL DE EMPLEO DECENTE Y OPORTUNIDADES DE EMPLEO PARA JÓVENES EN HONDURAS (EURO+LABOR);33002084.000000000000000000000000000000;
2020;Intibucá;Gabinete Económico;AGROFORESTAL Y TURISMO;DESARROLLO PRODUCTIVO;Secretaría de Agricultura y Ganadería;PROYECTO DE COMPETITIVIDAD Y DESARROLLO SOSTENIBLE DEL CORREDOR FRONTERIZO SUR OCCIDENTAL PRO-LENCA;74553200.000000000000000000000000000000;
2020;Lempira;Gabinete Económico;AGROFORESTAL Y TURISMO;DESARROLLO PRODUCTIVO;Secretaría de Agricultura y Ganadería;PROYECTO DE COMPETITIVIDAD Y DESARROLLO SOSTENIBLE DEL CORREDOR FRONTERIZO SUR OCCIDENTAL PRO-LENCA;78360280.000000000000000000000000000000;
2020;La Paz;Gabinete Económico;AGROFORESTAL Y TURISMO;DESARROLLO PRODUCTIVO;Secretaría de Agricultura y Ganadería;PROYECTO DE COMPETITIVIDAD Y DESARROLLO SOSTENIBLE DEL CORREDOR FRONTERIZO SUR OCCIDENTAL PRO-LENCA;40404750.000000000000000000000000000000;
2020;Francisco Morazán;Gabinete Económico;AGROFORESTAL Y TURISMO;RIEGO;Secretaría de Agricultura y Ganadería;PROYECTO DE DESAROLLO AGRICOLA BAJO RIEGO (PDABR);132913293.000000000000000000000000000000;
2020;Yoro;Gabinete Económico;AGROFORESTAL Y TURISMO;RIEGO;Secretaría de Agricultura y Ganadería;PROYECTO DE DESAROLLO AGRICOLA BAJO RIEGO (PDABR);156847295.000000000000000000000000000000;
2020;Comayagua;Gabinete Económico;AGROFORESTAL Y TURISMO;RIEGO;Secretaría de Agricultura y Ganadería;PROYECTO DE DESAROLLO AGRICOLA BAJO RIEGO (PDABR);146910756.000000000000000000000000000000;
2020;El Paraíso;Gabinete Económico;AGROFORESTAL Y TURISMO;RIEGO;Secretaría de Agricultura y Ganadería;PROYECTO DE  DESARROLLO AGRÍCOLA BAJO RIEGO DEL VALLE DE JAMASTRAN FASE 1;97363072.000000000000000000000000000000;
2020;Francisco Morazán;Gabinete Económico;FORTALECIMIENTO INSTITUCIONAL;MODERNIZACION DEL ESTADO;Secretaría de Agricultura y Ganadería;FORTALECIMIENTO DE LAS CAPACIDADES DE LA UNIDAD ADMINISTRADORA DE PROYECTOS (UAP) DE LA SECRETARIA DE AGRICULTURA Y GANADERIA (SAG) EN HONDURAS;3096536.000000000000000000000000000000;
2020;Francisco Morazán;Gabinete Económico;AGROFORESTAL Y TURISMO;DESARROLLO PRODUCTIVO;Secretaría de Agricultura y Ganadería;PROYECTO DE TRANSFORMACIÓN EN REGADÍO EN LA RIBERA DEL AGUAN;0.000000000000000000000000000000;
2020;Choluteca;Gabinete Sectorial de Infraestructura Servicios y Empresas Públicas;PROMOCION Y PROTECCION HUMANA;EDUCACION;Fondo Hondureño de Inversión Social;PROGRAMA MODERNIZACION DE LA INFRAESTRUCTURA EDUCATIVA Y SU GESTION LOCAL;4600377.394552500000000000000000000000;
2020;Copan;Gabinete Sectorial de Infraestructura Servicios y Empresas Públicas;PROMOCION Y PROTECCION HUMANA;EDUCACION;Fondo Hondureño de Inversión Social;PROGRAMA MODERNIZACION DE LA INFRAESTRUCTURA EDUCATIVA Y SU GESTION LOCAL;17487859.599000000000000000000000000000;
2020;Francisco Morazán;Gabinete Sectorial de Infraestructura Servicios y Empresas Públicas;PROMOCION Y PROTECCION HUMANA;EDUCACION;Fondo Hondureño de Inversión Social;PROGRAMA MODERNIZACION DE LA INFRAESTRUCTURA EDUCATIVA Y SU GESTION LOCAL;16383659.124000000000000000000000000000;
2020;Gracias a Dios;Gabinete Sectorial de Infraestructura Servicios y Empresas Públicas;PROMOCION Y PROTECCION HUMANA;EDUCACION;Fondo Hondureño de Inversión Social;PROGRAMA MODERNIZACION DE LA INFRAESTRUCTURA EDUCATIVA Y SU GESTION LOCAL;24375252.226395000000000000000000000000;
2020;Intibucá;Gabinete Sectorial de Infraestructura Servicios y Empresas Públicas;PROMOCION Y PROTECCION HUMANA;EDUCACION;Fondo Hondureño de Inversión Social;PROGRAMA MODERNIZACION DE LA INFRAESTRUCTURA EDUCATIVA Y SU GESTION LOCAL;22608474.108500000000000000000000000000;
2020;La Paz;Gabinete Sectorial de Infraestructura Servicios y Empresas Públicas;PROMOCION Y PROTECCION HUMANA;EDUCACION;Fondo Hondureño de Inversión Social;PROGRAMA MODERNIZACION DE LA INFRAESTRUCTURA EDUCATIVA Y SU GESTION LOCAL;17289414.369500000000000000000000000000;
2020;Lempira;Gabinete Sectorial de Infraestructura Servicios y Empresas Públicas;PROMOCION Y PROTECCION HUMANA;EDUCACION;Fondo Hondureño de Inversión Social;PROGRAMA MODERNIZACION DE LA INFRAESTRUCTURA EDUCATIVA Y SU GESTION LOCAL;10185444.262000000000000000000000000000;
2020;Ocotepeque;Gabinete Sectorial de Infraestructura Servicios y Empresas Públicas;PROMOCION Y PROTECCION HUMANA;EDUCACION;Fondo Hondureño de Inversión Social;PROGRAMA MODERNIZACION DE LA INFRAESTRUCTURA EDUCATIVA Y SU GESTION LOCAL;18482686.236000000000000000000000000000;
2020;Santa Barbara;Gabinete Sectorial de Infraestructura Servicios y Empresas Públicas;PROMOCION Y PROTECCION HUMANA;EDUCACION;Fondo Hondureño de Inversión Social;PROGRAMA MODERNIZACION DE LA INFRAESTRUCTURA EDUCATIVA Y SU GESTION LOCAL;4494609.680052500000000000000000000000;
2020;Atlántida;Gabinete Sectorial de Infraestructura Servicios y Empresas Públicas;PROMOCION Y PROTECCION HUMANA;PROTECCION SOCIAL;Fondo Hondureño de Inversión Social;PROGRAMA DE INFRAESTRUCTURA PARA LA SEGURIDAD CIUDADANA;25117806.100000000000000000000000000000;
2020;Cortés;Gabinete Sectorial de Infraestructura Servicios y Empresas Públicas;PROMOCION Y PROTECCION HUMANA;PROTECCION SOCIAL;Fondo Hondureño de Inversión Social;PROGRAMA DE INFRAESTRUCTURA PARA LA SEGURIDAD CIUDADANA;4874356.340000000000000000000000000000;
2020;Francisco Morazán;Gabinete Sectorial de Infraestructura Servicios y Empresas Públicas;PROMOCION Y PROTECCION HUMANA;PROTECCION SOCIAL;Fondo Hondureño de Inversión Social;PROGRAMA DE INFRAESTRUCTURA PARA LA SEGURIDAD CIUDADANA;115330128.560000000000000000000000000000;
2020;Francisco Morazán;Gabinete Sectorial de Infraestructura Servicios y Empresas Públicas;FORTALECIMIENTO INSTITUCIONAL;SEGURIDAD Y DEFENSA;Fondo Hondureño de Inversión Social;PROGRAMA DE CONVIVENCIA CIUDADANA Y MEJORAMIENTO DE BARRIOS;134871251.000000000000000000000000000000;
2020;Comayagua;Gabinete Sectorial de Infraestructura Servicios y Empresas Públicas;FORTALECIMIENTO INSTITUCIONAL;SEGURIDAD Y DEFENSA;Fondo Hondureño de Inversión Social;PROYECTO CONVIVENCIA Y ESPACIOS SEGUROS PARA LOS JÓVENES EN HONDURAS;9003404.000000000000000000000000000000;
2020;Cortés;Gabinete Sectorial de Infraestructura Servicios y Empresas Públicas;FORTALECIMIENTO INSTITUCIONAL;SEGURIDAD Y DEFENSA;Fondo Hondureño de Inversión Social;PROYECTO CONVIVENCIA Y ESPACIOS SEGUROS PARA LOS JÓVENES EN HONDURAS;1263018.000000000000000000000000000000;
2020;Lempira;Gabinete Sectorial de Infraestructura Servicios y Empresas Públicas;FORTALECIMIENTO INSTITUCIONAL;SEGURIDAD Y DEFENSA;Fondo Hondureño de Inversión Social;PROYECTO CONVIVENCIA Y ESPACIOS SEGUROS PARA LOS JÓVENES EN HONDURAS;2940578.000000000000000000000000000000;
2020;Francisco Morazán;Gabinete Sectorial de Infraestructura Servicios y Empresas Públicas;FORTALECIMIENTO INSTITUCIONAL;SEGURIDAD Y DEFENSA;Fondo Hondureño de Inversión Social;PROYECTO CONVIVENCIA Y ESPACIOS SEGUROS PARA LOS JÓVENES EN HONDURAS;9268156.000000000000000000000000000000;
2020;Ocotepeque;Gabinete Sectorial de Infraestructura Servicios y Empresas Públicas;PROMOCION Y PROTECCION HUMANA;PROTECCION SOCIAL;Fondo Hondureño de Inversión Social;ACTIVIDAD PILOTO DE INFRAESTRUCTURA EN EL OCCIDENTE DE HONDURAS;8495993.970000000000000000000000000000;
2020;Intibucá;Gabinete Sectorial de Infraestructura Servicios y Empresas Públicas;PROMOCION Y PROTECCION HUMANA;PROTECCION SOCIAL;Fondo Hondureño de Inversión Social;ACTIVIDAD PILOTO DE INFRAESTRUCTURA EN EL OCCIDENTE DE HONDURAS;8607230.390000000000000000000000000000;
2020;La Paz;Gabinete Sectorial de Infraestructura Servicios y Empresas Públicas;PROMOCION Y PROTECCION HUMANA;PROTECCION SOCIAL;Fondo Hondureño de Inversión Social;ACTIVIDAD PILOTO DE INFRAESTRUCTURA EN EL OCCIDENTE DE HONDURAS;2658732.580000000000000000000000000000;
2020;Lempira;Gabinete Sectorial de Infraestructura Servicios y Empresas Públicas;PROMOCION Y PROTECCION HUMANA;PROTECCION SOCIAL;Fondo Hondureño de Inversión Social;ACTIVIDAD PILOTO DE INFRAESTRUCTURA EN EL OCCIDENTE DE HONDURAS;5300000.000000000000000000000000000000;
2020;Copan;Gabinete Sectorial de Infraestructura Servicios y Empresas Públicas;PROMOCION Y PROTECCION HUMANA;PROTECCION SOCIAL;Fondo Hondureño de Inversión Social;ACTIVIDAD PILOTO DE INFRAESTRUCTURA EN EL OCCIDENTE DE HONDURAS;5000000.000000000000000000000000000000;
2020;Santa Barbara;Gabinete Sectorial de Infraestructura Servicios y Empresas Públicas;PROMOCION Y PROTECCION HUMANA;PROTECCION SOCIAL;Fondo Hondureño de Inversión Social;ACTIVIDAD PILOTO DE INFRAESTRUCTURA EN EL OCCIDENTE DE HONDURAS;3500000.000000000000000000000000000000;
2020;Cortés;Gabinete Sectorial de Infraestructura Servicios y Empresas Públicas;PROMOCION Y PROTECCION HUMANA;PROTECCION SOCIAL;Fondo Hondureño de Inversión Social;ACTIVIDAD PILOTO DE INFRAESTRUCTURA EN EL OCCIDENTE DE HONDURAS;1500000.000000000000000000000000000000;
2020;Valle;Gabinete Sectorial de Infraestructura Servicios y Empresas Públicas;PROMOCION Y PROTECCION HUMANA;PROTECCION SOCIAL;Fondo Hondureño de Inversión Social;ACTIVIDAD PILOTO DE INFRAESTRUCTURA EN EL OCCIDENTE DE HONDURAS;2500000.000000000000000000000000000000;
2020;Choluteca;Gabinete Sectorial de Infraestructura Servicios y Empresas Públicas;PROMOCION Y PROTECCION HUMANA;PROTECCION SOCIAL;Fondo Hondureño de Inversión Social;ACTIVIDAD PILOTO DE INFRAESTRUCTURA EN EL OCCIDENTE DE HONDURAS;2500000.000000000000000000000000000000;
2020;Francisco Morazán;Gabinete Sectorial de Infraestructura Servicios y Empresas Públicas;PROMOCION Y PROTECCION HUMANA;PROTECCION SOCIAL;Fondo Hondureño de Inversión Social;ACTIVIDAD PILOTO DE INFRAESTRUCTURA EN EL OCCIDENTE DE HONDURAS;25521139.060000000000000000000000000000;
2020;Choluteca;Gabinete Sectorial de Infraestructura Servicios y Empresas Públicas;AGROFORESTAL Y TURISMO;DESARROLLO PRODUCTIVO;Inversión Estratégica de Honduras (INVEST-HONDURAS);ALIANZA PARA EL CORREDOR SECO (USAID-GAFSP);85151568.811792900000000000000000000000;
2020;Copan;Gabinete Sectorial de Infraestructura Servicios y Empresas Públicas;AGROFORESTAL Y TURISMO;DESARROLLO PRODUCTIVO;Inversión Estratégica de Honduras (INVEST-HONDURAS);ALIANZA PARA EL CORREDOR SECO (USAID-GAFSP);2375026.582136310000000000000000000000;
2020;El Paraíso;Gabinete Sectorial de Infraestructura Servicios y Empresas Públicas;AGROFORESTAL Y TURISMO;DESARROLLO PRODUCTIVO;Inversión Estratégica de Honduras (INVEST-HONDURAS);ALIANZA PARA EL CORREDOR SECO (USAID-GAFSP);38614226.488735400000000000000000000000;
2020;Francisco Morazán;Gabinete Sectorial de Infraestructura Servicios y Empresas Públicas;AGROFORESTAL Y TURISMO;DESARROLLO PRODUCTIVO;Inversión Estratégica de Honduras (INVEST-HONDURAS);ALIANZA PARA EL CORREDOR SECO (USAID-GAFSP);84331582.273310400000000000000000000000;
2020;Intibucá;Gabinete Sectorial de Infraestructura Servicios y Empresas Públicas;AGROFORESTAL Y TURISMO;DESARROLLO PRODUCTIVO;Inversión Estratégica de Honduras (INVEST-HONDURAS);ALIANZA PARA EL CORREDOR SECO (USAID-GAFSP);27922786.984859000000000000000000000000;
2020;La Paz;Gabinete Sectorial de Infraestructura Servicios y Empresas Públicas;AGROFORESTAL Y TURISMO;DESARROLLO PRODUCTIVO;Inversión Estratégica de Honduras (INVEST-HONDURAS);ALIANZA PARA EL CORREDOR SECO (USAID-GAFSP);34992641.867237000000000000000000000000;
2020;Lempira;Gabinete Sectorial de Infraestructura Servicios y Empresas Públicas;AGROFORESTAL Y TURISMO;DESARROLLO PRODUCTIVO;Inversión Estratégica de Honduras (INVEST-HONDURAS);ALIANZA PARA EL CORREDOR SECO (USAID-GAFSP);43243621.142858100000000000000000000000;
2020;Ocotepeque;Gabinete Sectorial de Infraestructura Servicios y Empresas Públicas;AGROFORESTAL Y TURISMO;DESARROLLO PRODUCTIVO;Inversión Estratégica de Honduras (INVEST-HONDURAS);ALIANZA PARA EL CORREDOR SECO (USAID-GAFSP);5492026.933676780000000000000000000000;
2020;Santa Barbara;Gabinete Sectorial de Infraestructura Servicios y Empresas Públicas;AGROFORESTAL Y TURISMO;DESARROLLO PRODUCTIVO;Inversión Estratégica de Honduras (INVEST-HONDURAS);ALIANZA PARA EL CORREDOR SECO (USAID-GAFSP);2744351.915394110000000000000000000000;
2020;Cortés;Gabinete Sectorial de Infraestructura Servicios y Empresas Públicas;COMUNICACIONES Y ENERGIA;CARRETERAS;Inversión Estratégica de Honduras (INVEST-HONDURAS);PROGRAMA VIAL DE INTEGRACION VIAL REGIONAL II;218344859.000000000000000000000000000000;
2020;Francisco Morazán;Gabinete Sectorial de Infraestructura Servicios y Empresas Públicas;COMUNICACIONES Y ENERGIA;CARRETERAS;Inversión Estratégica de Honduras (INVEST-HONDURAS);PROGRAMA VIAL DE INTEGRACION VIAL REGIONAL II;37625009.000000000000000000000000000000;
2020;Choluteca;Gabinete Sectorial de Infraestructura Servicios y Empresas Públicas;COMUNICACIONES Y ENERGIA;CARRETERAS;Inversión Estratégica de Honduras (INVEST-HONDURAS);CORREDOR PACÍFICO-PROGRAMA DE INTEGRACIÓN VIAL REGIONAL;50642178.860737300000000000000000000000;
2020;Valle;Gabinete Sectorial de Infraestructura Servicios y Empresas Públicas;COMUNICACIONES Y ENERGIA;CARRETERAS;Inversión Estratégica de Honduras (INVEST-HONDURAS);CORREDOR PACÍFICO-PROGRAMA DE INTEGRACIÓN VIAL REGIONAL;38908083.139262700000000000000000000000;
2020;Francisco Morazán;Gabinete Sectorial de Infraestructura Servicios y Empresas Públicas;COMUNICACIONES Y ENERGIA;CARRETERAS;Inversión Estratégica de Honduras (INVEST-HONDURAS);CORREDOR PACÍFICO-PROGRAMA DE INTEGRACIÓN VIAL REGIONAL;47750422.000000000000000000000000000000;
2020;Choluteca;Gabinete Sectorial de Infraestructura Servicios y Empresas Públicas;PROMOCION Y PROTECCION HUMANA;PROTECCION SOCIAL;Inversión Estratégica de Honduras (INVEST-HONDURAS);CENTROS DE ATENCIÓN INTEGRAL PARA MEJORAR LAS CONDICIONES DE VIDA DE LAS MUJERES HONDUREÑAS (CIUDAD MUJER);85480462.000000000000000000000000000000;
2020;Francisco Morazán;Gabinete Sectorial de Infraestructura Servicios y Empresas Públicas;PROMOCION Y PROTECCION HUMANA;PROTECCION SOCIAL;Inversión Estratégica de Honduras (INVEST-HONDURAS);CENTROS DE ATENCIÓN INTEGRAL PARA MEJORAR LAS CONDICIONES DE VIDA DE LAS MUJERES HONDUREÑAS (CIUDAD MUJER);1625657.000000000000000000000000000000;
2020;El Paraíso;Gabinete Sectorial de Infraestructura Servicios y Empresas Públicas;COMUNICACIONES Y ENERGIA;CARRETERAS;Inversión Estratégica de Honduras (INVEST-HONDURAS);REHABILITACIÓN Y MEJORAMIENTO DEL CORREDOR DE ORIENTE CARRETERA TEGUCIGALPA-DANLÍ FASE I: TRAMO NETEAPA-DANLÍ;683547184.000000000000000000000000000000;
2020;Francisco Morazán;Gabinete Sectorial de Infraestructura Servicios y Empresas Públicas;AGROFORESTAL Y TURISMO;RECURSOS FORESTAL Y AMBIENTE;Inversión Estratégica de Honduras (INVEST-HONDURAS);PROGRAMA PILOTO DE RESILIENCIA CLIMÁTICA (PPCR);8504085.000000000000000000000000000000;
2020;Francisco Morazán;Gabinete Sectorial de Infraestructura Servicios y Empresas Públicas;COMUNICACIONES Y ENERGIA;CARRETERAS;Inversión Estratégica de Honduras (INVEST-HONDURAS);Libramiento Anillo Periférico CA-5 Sur;159822927.000000000000000000000000000000;
2020;Intibucá;Gabinete Sectorial de Infraestructura Servicios y Empresas Públicas;COMUNICACIONES Y ENERGIA;CARRETERAS;Inversión Estratégica de Honduras (INVEST-HONDURAS);PAVIMENTACION DE LA CARRETERA LA ESPERANZA - CAMASCA;151199340.000000000000000000000000000000;
2020;Francisco Morazán;Gabinete Sectorial de Infraestructura Servicios y Empresas Públicas;COMUNICACIONES Y ENERGIA;TRANSPORTE Y OBRAS PUBLICAS;Inversión Estratégica de Honduras (INVEST-HONDURAS);FORTALECIMIENTO INTEGRAL DE LA RED DE ATENCIÓN DE TRAUMAS Y URGENCIAS  DE TEGUCIGALPA;0.000000000000000000000000000000;
2020;Atlántida;Gabinete Sectorial de Infraestructura Servicios y Empresas Públicas;AGROFORESTAL Y TURISMO;DESARROLLO PRODUCTIVO;Inversión Estratégica de Honduras (INVEST-HONDURAS);PROYECTO DE COMPETITIVIDAD RURAL EN HONDURAS (COMRURAL);26044245.213384000000000000000000000000;
2020;Comayagua;Gabinete Sectorial de Infraestructura Servicios y Empresas Públicas;AGROFORESTAL Y TURISMO;DESARROLLO PRODUCTIVO;Inversión Estratégica de Honduras (INVEST-HONDURAS);PROYECTO DE COMPETITIVIDAD RURAL EN HONDURAS (COMRURAL);28411912.597864700000000000000000000000;
2020;Copan;Gabinete Sectorial de Infraestructura Servicios y Empresas Públicas;AGROFORESTAL Y TURISMO;DESARROLLO PRODUCTIVO;Inversión Estratégica de Honduras (INVEST-HONDURAS);PROYECTO DE COMPETITIVIDAD RURAL EN HONDURAS (COMRURAL);27228076.477206600000000000000000000000;
2020;Francisco Morazán;Gabinete Sectorial de Infraestructura Servicios y Empresas Públicas;AGROFORESTAL Y TURISMO;DESARROLLO PRODUCTIVO;Inversión Estratégica de Honduras (INVEST-HONDURAS);PROYECTO DE COMPETITIVIDAD RURAL EN HONDURAS (COMRURAL);51413317.424415700000000000000000000000;
2020;Santa Barbara;Gabinete Sectorial de Infraestructura Servicios y Empresas Públicas;AGROFORESTAL Y TURISMO;DESARROLLO PRODUCTIVO;Inversión Estratégica de Honduras (INVEST-HONDURAS);PROYECTO DE COMPETITIVIDAD RURAL EN HONDURAS (COMRURAL);10654471.287129100000000000000000000000;
2020;Francisco Morazán;Gabinete Sectorial de Infraestructura Servicios y Empresas Públicas;COMUNICACIONES Y ENERGIA;CARRETERAS;Inversión Estratégica de Honduras (INVEST-HONDURAS);CONSTRUCCION DEL CORREDOR LOGISTICO VILLA DE SAN ANTONIO - GOASCORAN SECCION II Y III;5283308.000000000000000000000000000000;
2020;Comayagua;Gabinete Sectorial de Infraestructura Servicios y Empresas Públicas;COMUNICACIONES Y ENERGIA;CARRETERAS;Inversión Estratégica de Honduras (INVEST-HONDURAS);Ampliación y Mejoramiento de Carretera CA-5 Norte Segmentos I y II (Sección 2A) Tramo Las Mercedes-Empalme Villa de San Antonio;318313851.000000000000000000000000000000;
2020;Comayagua;Gabinete Sectorial de Infraestructura Servicios y Empresas Públicas;COMUNICACIONES Y ENERGIA;CARRETERAS;Inversión Estratégica de Honduras (INVEST-HONDURAS);PROYECTO CARRETERA VILLA DE SAN ANTONIO - GOASCORAN SECCION I;417139703.458767000000000000000000000000;
2020;La Paz;Gabinete Sectorial de Infraestructura Servicios y Empresas Públicas;COMUNICACIONES Y ENERGIA;CARRETERAS;Inversión Estratégica de Honduras (INVEST-HONDURAS);PROYECTO CARRETERA VILLA DE SAN ANTONIO - GOASCORAN SECCION I;209447776.541233000000000000000000000000;
2020;Colón;Gabinete Sectorial de Infraestructura Servicios y Empresas Públicas;COMUNICACIONES Y ENERGIA;CARRETERAS;Secretaría de Infraestructura y Servicios Públicos;Obra de Mitigación de Riesgos Estructurales en las Riberas de los Ríos en los Departamentos de Copan Ocotepeque Intibucá Colon Cortes Francisco Morazán Lempira Valle y Olancho;8310000.000000000000000000000000000000;
2020;Copan;Gabinete Sectorial de Infraestructura Servicios y Empresas Públicas;COMUNICACIONES Y ENERGIA;CARRETERAS;Secretaría de Infraestructura y Servicios Públicos;Obra de Mitigación de Riesgos Estructurales en las Riberas de los Ríos en los Departamentos de Copan Ocotepeque Intibucá Colon Cortes Francisco Morazán Lempira Valle y Olancho;2220000.000000000000000000000000000000;
2020;Cortés;Gabinete Sectorial de Infraestructura Servicios y Empresas Públicas;COMUNICACIONES Y ENERGIA;CARRETERAS;Secretaría de Infraestructura y Servicios Públicos;Obra de Mitigación de Riesgos Estructurales en las Riberas de los Ríos en los Departamentos de Copan Ocotepeque Intibucá Colon Cortes Francisco Morazán Lempira Valle y Olancho;2000000.000000000000000000000000000000;
2020;Francisco Morazán;Gabinete Sectorial de Infraestructura Servicios y Empresas Públicas;COMUNICACIONES Y ENERGIA;CARRETERAS;Secretaría de Infraestructura y Servicios Públicos;Obra de Mitigación de Riesgos Estructurales en las Riberas de los Ríos en los Departamentos de Copan Ocotepeque Intibucá Colon Cortes Francisco Morazán Lempira Valle y Olancho;1650000.000000000000000000000000000000;
2020;Intibucá;Gabinete Sectorial de Infraestructura Servicios y Empresas Públicas;COMUNICACIONES Y ENERGIA;CARRETERAS;Secretaría de Infraestructura y Servicios Públicos;Obra de Mitigación de Riesgos Estructurales en las Riberas de los Ríos en los Departamentos de Copan Ocotepeque Intibucá Colon Cortes Francisco Morazán Lempira Valle y Olancho;2220000.000000000000000000000000000000;
2020;Lempira;Gabinete Sectorial de Infraestructura Servicios y Empresas Públicas;COMUNICACIONES Y ENERGIA;CARRETERAS;Secretaría de Infraestructura y Servicios Públicos;Obra de Mitigación de Riesgos Estructurales en las Riberas de los Ríos en los Departamentos de Copan Ocotepeque Intibucá Colon Cortes Francisco Morazán Lempira Valle y Olancho;2220000.000000000000000000000000000000;
2020;Ocotepeque;Gabinete Sectorial de Infraestructura Servicios y Empresas Públicas;COMUNICACIONES Y ENERGIA;CARRETERAS;Secretaría de Infraestructura y Servicios Públicos;Obra de Mitigación de Riesgos Estructurales en las Riberas de los Ríos en los Departamentos de Copan Ocotepeque Intibucá Colon Cortes Francisco Morazán Lempira Valle y Olancho;4720000.000000000000000000000000000000;
2020;Olancho;Gabinete Sectorial de Infraestructura Servicios y Empresas Públicas;COMUNICACIONES Y ENERGIA;CARRETERAS;Secretaría de Infraestructura y Servicios Públicos;Obra de Mitigación de Riesgos Estructurales en las Riberas de los Ríos en los Departamentos de Copan Ocotepeque Intibucá Colon Cortes Francisco Morazán Lempira Valle y Olancho;4440000.000000000000000000000000000000;
2020;Valle;Gabinete Sectorial de Infraestructura Servicios y Empresas Públicas;COMUNICACIONES Y ENERGIA;CARRETERAS;Secretaría de Infraestructura y Servicios Públicos;Obra de Mitigación de Riesgos Estructurales en las Riberas de los Ríos en los Departamentos de Copan Ocotepeque Intibucá Colon Cortes Francisco Morazán Lempira Valle y Olancho;2220000.000000000000000000000000000000;
2020;Atlántida;Gabinete Sectorial de Infraestructura Servicios y Empresas Públicas;COMUNICACIONES Y ENERGIA;CARRETERAS;Secretaría de Infraestructura y Servicios Públicos;CONSTRUCCIÓN DE INFRAESTRUCTURA EN ÁREAS DEPORTIVAS Y DE CONVIVENCIA SOCIAL EN COLÓN INTIBUCÁ YORO COPÁN OCOTEPEQUE ATLÁNTIDA Y COMAYAGUA;2214285.710000000000000000000000000000;
2020;Colón;Gabinete Sectorial de Infraestructura Servicios y Empresas Públicas;COMUNICACIONES Y ENERGIA;CARRETERAS;Secretaría de Infraestructura y Servicios Públicos;CONSTRUCCIÓN DE INFRAESTRUCTURA EN ÁREAS DEPORTIVAS Y DE CONVIVENCIA SOCIAL EN COLÓN INTIBUCÁ YORO COPÁN OCOTEPEQUE ATLÁNTIDA Y COMAYAGUA;2214285.710000000000000000000000000000;
2020;Comayagua;Gabinete Sectorial de Infraestructura Servicios y Empresas Públicas;COMUNICACIONES Y ENERGIA;CARRETERAS;Secretaría de Infraestructura y Servicios Públicos;CONSTRUCCIÓN DE INFRAESTRUCTURA EN ÁREAS DEPORTIVAS Y DE CONVIVENCIA SOCIAL EN COLÓN INTIBUCÁ YORO COPÁN OCOTEPEQUE ATLÁNTIDA Y COMAYAGUA;2214285.710000000000000000000000000000;
2020;Copan;Gabinete Sectorial de Infraestructura Servicios y Empresas Públicas;COMUNICACIONES Y ENERGIA;CARRETERAS;Secretaría de Infraestructura y Servicios Públicos;CONSTRUCCIÓN DE INFRAESTRUCTURA EN ÁREAS DEPORTIVAS Y DE CONVIVENCIA SOCIAL EN COLÓN INTIBUCÁ YORO COPÁN OCOTEPEQUE ATLÁNTIDA Y COMAYAGUA;1714285.740000000000000000000000000000;
2020;Intibucá;Gabinete Sectorial de Infraestructura Servicios y Empresas Públicas;COMUNICACIONES Y ENERGIA;CARRETERAS;Secretaría de Infraestructura y Servicios Públicos;CONSTRUCCIÓN DE INFRAESTRUCTURA EN ÁREAS DEPORTIVAS Y DE CONVIVENCIA SOCIAL EN COLÓN INTIBUCÁ YORO COPÁN OCOTEPEQUE ATLÁNTIDA Y COMAYAGUA;2214285.710000000000000000000000000000;
2020;Ocotepeque;Gabinete Sectorial de Infraestructura Servicios y Empresas Públicas;COMUNICACIONES Y ENERGIA;CARRETERAS;Secretaría de Infraestructura y Servicios Públicos;CONSTRUCCIÓN DE INFRAESTRUCTURA EN ÁREAS DEPORTIVAS Y DE CONVIVENCIA SOCIAL EN COLÓN INTIBUCÁ YORO COPÁN OCOTEPEQUE ATLÁNTIDA Y COMAYAGUA;2214285.710000000000000000000000000000;
2020;Yoro;Gabinete Sectorial de Infraestructura Servicios y Empresas Públicas;COMUNICACIONES Y ENERGIA;CARRETERAS;Secretaría de Infraestructura y Servicios Públicos;CONSTRUCCIÓN DE INFRAESTRUCTURA EN ÁREAS DEPORTIVAS Y DE CONVIVENCIA SOCIAL EN COLÓN INTIBUCÁ YORO COPÁN OCOTEPEQUE ATLÁNTIDA Y COMAYAGUA;2214285.710000000000000000000000000000;
2020;Atlántida;Gabinete Sectorial de Infraestructura Servicios y Empresas Públicas;COMUNICACIONES Y ENERGIA;CARRETERAS;Secretaría de Infraestructura y Servicios Públicos;CONSTRUCCIÓN Y PAVIMENTACIÓN DE 11040 METROS LINEALES DE CALLES EN LOS DEPARTAMENTOS FRANCISCO MORAZÁN EL PARAÍSO CHOLUTECA VALLE CORTÉS COMAYAGUA COPÁN ATLÁNTIDA COLÓN INTIBUCÁ LEMPIRA OC;6655216.470000000000000000000000000000;
2020;Colón;Gabinete Sectorial de Infraestructura Servicios y Empresas Públicas;COMUNICACIONES Y ENERGIA;CARRETERAS;Secretaría de Infraestructura y Servicios Públicos;CONSTRUCCIÓN Y PAVIMENTACIÓN DE 11040 METROS LINEALES DE CALLES EN LOS DEPARTAMENTOS FRANCISCO MORAZÁN EL PARAÍSO CHOLUTECA VALLE CORTÉS COMAYAGUA COPÁN ATLÁNTIDA COLÓN INTIBUCÁ LEMPIRA OC;11902027.450000000000000000000000000000;
2020;Comayagua;Gabinete Sectorial de Infraestructura Servicios y Empresas Públicas;COMUNICACIONES Y ENERGIA;CARRETERAS;Secretaría de Infraestructura y Servicios Públicos;CONSTRUCCIÓN Y PAVIMENTACIÓN DE 11040 METROS LINEALES DE CALLES EN LOS DEPARTAMENTOS FRANCISCO MORAZÁN EL PARAÍSO CHOLUTECA VALLE CORTÉS COMAYAGUA COPÁN ATLÁNTIDA COLÓN INTIBUCÁ LEMPIRA OC;13310432.940000000000000000000000000000;
2020;Copan;Gabinete Sectorial de Infraestructura Servicios y Empresas Públicas;COMUNICACIONES Y ENERGIA;CARRETERAS;Secretaría de Infraestructura y Servicios Públicos;CONSTRUCCIÓN Y PAVIMENTACIÓN DE 11040 METROS LINEALES DE CALLES EN LOS DEPARTAMENTOS FRANCISCO MORAZÁN EL PARAÍSO CHOLUTECA VALLE CORTÉS COMAYAGUA COPÁN ATLÁNTIDA COLÓN INTIBUCÁ LEMPIRA OC;8873621.960000000000000000000000000000;
2020;Cortés;Gabinete Sectorial de Infraestructura Servicios y Empresas Públicas;COMUNICACIONES Y ENERGIA;CARRETERAS;Secretaría de Infraestructura y Servicios Públicos;CONSTRUCCIÓN Y PAVIMENTACIÓN DE 11040 METROS LINEALES DE CALLES EN LOS DEPARTAMENTOS FRANCISCO MORAZÁN EL PARAÍSO CHOLUTECA VALLE CORTÉS COMAYAGUA COPÁN ATLÁNTIDA COLÓN INTIBUCÁ LEMPIRA OC;4436810.980000000000000000000000000000;
2020;Choluteca;Gabinete Sectorial de Infraestructura Servicios y Empresas Públicas;COMUNICACIONES Y ENERGIA;CARRETERAS;Secretaría de Infraestructura y Servicios Públicos;CONSTRUCCIÓN Y PAVIMENTACIÓN DE 11040 METROS LINEALES DE CALLES EN LOS DEPARTAMENTOS FRANCISCO MORAZÁN EL PARAÍSO CHOLUTECA VALLE CORTÉS COMAYAGUA COPÁN ATLÁNTIDA COLÓN INTIBUCÁ LEMPIRA OC;2218405.490000000000000000000000000000;
2020;El Paraíso;Gabinete Sectorial de Infraestructura Servicios y Empresas Públicas;COMUNICACIONES Y ENERGIA;CARRETERAS;Secretaría de Infraestructura y Servicios Públicos;CONSTRUCCIÓN Y PAVIMENTACIÓN DE 11040 METROS LINEALES DE CALLES EN LOS DEPARTAMENTOS FRANCISCO MORAZÁN EL PARAÍSO CHOLUTECA VALLE CORTÉS COMAYAGUA COPÁN ATLÁNTIDA COLÓN INTIBUCÁ LEMPIRA OC;2218405.490000000000000000000000000000;
2020;Francisco Morazán;Gabinete Sectorial de Infraestructura Servicios y Empresas Públicas;COMUNICACIONES Y ENERGIA;CARRETERAS;Secretaría de Infraestructura y Servicios Públicos;CONSTRUCCIÓN Y PAVIMENTACIÓN DE 11040 METROS LINEALES DE CALLES EN LOS DEPARTAMENTOS FRANCISCO MORAZÁN EL PARAÍSO CHOLUTECA VALLE CORTÉS COMAYAGUA COPÁN ATLÁNTIDA COLÓN INTIBUCÁ LEMPIRA OC;8221326.420000000000000000000000000000;
2020;Intibucá;Gabinete Sectorial de Infraestructura Servicios y Empresas Públicas;COMUNICACIONES Y ENERGIA;CARRETERAS;Secretaría de Infraestructura y Servicios Públicos;CONSTRUCCIÓN Y PAVIMENTACIÓN DE 11040 METROS LINEALES DE CALLES EN LOS DEPARTAMENTOS FRANCISCO MORAZÁN EL PARAÍSO CHOLUTECA VALLE CORTÉS COMAYAGUA COPÁN ATLÁNTIDA COLÓN INTIBUCÁ LEMPIRA OC;4436810.980000000000000000000000000000;
2020;Lempira;Gabinete Sectorial de Infraestructura Servicios y Empresas Públicas;COMUNICACIONES Y ENERGIA;CARRETERAS;Secretaría de Infraestructura y Servicios Públicos;CONSTRUCCIÓN Y PAVIMENTACIÓN DE 11040 METROS LINEALES DE CALLES EN LOS DEPARTAMENTOS FRANCISCO MORAZÁN EL PARAÍSO CHOLUTECA VALLE CORTÉS COMAYAGUA COPÁN ATLÁNTIDA COLÓN INTIBUCÁ LEMPIRA OC;4436810.980000000000000000000000000000;
2020;Ocotepeque;Gabinete Sectorial de Infraestructura Servicios y Empresas Públicas;COMUNICACIONES Y ENERGIA;CARRETERAS;Secretaría de Infraestructura y Servicios Públicos;CONSTRUCCIÓN Y PAVIMENTACIÓN DE 11040 METROS LINEALES DE CALLES EN LOS DEPARTAMENTOS FRANCISCO MORAZÁN EL PARAÍSO CHOLUTECA VALLE CORTÉS COMAYAGUA COPÁN ATLÁNTIDA COLÓN INTIBUCÁ LEMPIRA OC;13310433.400000000000000000000000000000;
2020;Santa Barbara;Gabinete Sectorial de Infraestructura Servicios y Empresas Públicas;COMUNICACIONES Y ENERGIA;CARRETERAS;Secretaría de Infraestructura y Servicios Públicos;CONSTRUCCIÓN Y PAVIMENTACIÓN DE 11040 METROS LINEALES DE CALLES EN LOS DEPARTAMENTOS FRANCISCO MORAZÁN EL PARAÍSO CHOLUTECA VALLE CORTÉS COMAYAGUA COPÁN ATLÁNTIDA COLÓN INTIBUCÁ LEMPIRA OC;2218405.490000000000000000000000000000;
2020;Valle;Gabinete Sectorial de Infraestructura Servicios y Empresas Públicas;COMUNICACIONES Y ENERGIA;CARRETERAS;Secretaría de Infraestructura y Servicios Públicos;CONSTRUCCIÓN Y PAVIMENTACIÓN DE 11040 METROS LINEALES DE CALLES EN LOS DEPARTAMENTOS FRANCISCO MORAZÁN EL PARAÍSO CHOLUTECA VALLE CORTÉS COMAYAGUA COPÁN ATLÁNTIDA COLÓN INTIBUCÁ LEMPIRA OC;4436810.980000000000000000000000000000;
2020;Yoro;Gabinete Sectorial de Infraestructura Servicios y Empresas Públicas;COMUNICACIONES Y ENERGIA;CARRETERAS;Secretaría de Infraestructura y Servicios Públicos;CONSTRUCCIÓN Y PAVIMENTACIÓN DE 11040 METROS LINEALES DE CALLES EN LOS DEPARTAMENTOS FRANCISCO MORAZÁN EL PARAÍSO CHOLUTECA VALLE CORTÉS COMAYAGUA COPÁN ATLÁNTIDA COLÓN INTIBUCÁ LEMPIRA OC;14524431.970000000000000000000000000000;
2020;Olancho;Gabinete Sectorial de Infraestructura Servicios y Empresas Públicas;COMUNICACIONES Y ENERGIA;CARRETERAS;Secretaría de Infraestructura y Servicios Públicos;CONSTRUCCION Y PAVIMENTACION CARRETERA CATACAMAS-CUEVAS DE TALGUA;28183065.000000000000000000000000000000;
2020;Atlántida;Gabinete Sectorial de Infraestructura Servicios y Empresas Públicas;COMUNICACIONES Y ENERGIA;CARRETERAS;Secretaría de Infraestructura y Servicios Públicos;REHABILITACIÓN VIAL DEL CORREDOR DE OCCIDENTE: LA ENTRADA - COPAN RUINAS - EL FLORIDO Y LA ENTRADA-SANTA ROSA DE COPAN;0.000000000000000000000000000000;
2020;Colón;Gabinete Sectorial de Infraestructura Servicios y Empresas Públicas;COMUNICACIONES Y ENERGIA;CARRETERAS;Secretaría de Infraestructura y Servicios Públicos;REHABILITACIÓN VIAL DEL CORREDOR DE OCCIDENTE: LA ENTRADA - COPAN RUINAS - EL FLORIDO Y LA ENTRADA-SANTA ROSA DE COPAN;0.000000000000000000000000000000;
2020;Comayagua;Gabinete Sectorial de Infraestructura Servicios y Empresas Públicas;COMUNICACIONES Y ENERGIA;CARRETERAS;Secretaría de Infraestructura y Servicios Públicos;REHABILITACIÓN VIAL DEL CORREDOR DE OCCIDENTE: LA ENTRADA - COPAN RUINAS - EL FLORIDO Y LA ENTRADA-SANTA ROSA DE COPAN;0.000000000000000000000000000000;
2020;Copan;Gabinete Sectorial de Infraestructura Servicios y Empresas Públicas;COMUNICACIONES Y ENERGIA;CARRETERAS;Secretaría de Infraestructura y Servicios Públicos;REHABILITACIÓN VIAL DEL CORREDOR DE OCCIDENTE: LA ENTRADA - COPAN RUINAS - EL FLORIDO Y LA ENTRADA-SANTA ROSA DE COPAN;0.000000000000000000000000000000;
2020;Cortés;Gabinete Sectorial de Infraestructura Servicios y Empresas Públicas;COMUNICACIONES Y ENERGIA;CARRETERAS;Secretaría de Infraestructura y Servicios Públicos;REHABILITACIÓN VIAL DEL CORREDOR DE OCCIDENTE: LA ENTRADA - COPAN RUINAS - EL FLORIDO Y LA ENTRADA-SANTA ROSA DE COPAN;0.000000000000000000000000000000;
2020;Choluteca;Gabinete Sectorial de Infraestructura Servicios y Empresas Públicas;COMUNICACIONES Y ENERGIA;CARRETERAS;Secretaría de Infraestructura y Servicios Públicos;REHABILITACIÓN VIAL DEL CORREDOR DE OCCIDENTE: LA ENTRADA - COPAN RUINAS - EL FLORIDO Y LA ENTRADA-SANTA ROSA DE COPAN;0.000000000000000000000000000000;
2020;El Paraíso;Gabinete Sectorial de Infraestructura Servicios y Empresas Públicas;COMUNICACIONES Y ENERGIA;CARRETERAS;Secretaría de Infraestructura y Servicios Públicos;REHABILITACIÓN VIAL DEL CORREDOR DE OCCIDENTE: LA ENTRADA - COPAN RUINAS - EL FLORIDO Y LA ENTRADA-SANTA ROSA DE COPAN;0.000000000000000000000000000000;
2020;Francisco Morazán;Gabinete Sectorial de Infraestructura Servicios y Empresas Públicas;COMUNICACIONES Y ENERGIA;CARRETERAS;Secretaría de Infraestructura y Servicios Públicos;REHABILITACIÓN VIAL DEL CORREDOR DE OCCIDENTE: LA ENTRADA - COPAN RUINAS - EL FLORIDO Y LA ENTRADA-SANTA ROSA DE COPAN;0.000000000000000000000000000000;
2020;Gracias a Dios;Gabinete Sectorial de Infraestructura Servicios y Empresas Públicas;COMUNICACIONES Y ENERGIA;CARRETERAS;Secretaría de Infraestructura y Servicios Públicos;REHABILITACIÓN VIAL DEL CORREDOR DE OCCIDENTE: LA ENTRADA - COPAN RUINAS - EL FLORIDO Y LA ENTRADA-SANTA ROSA DE COPAN;0.000000000000000000000000000000;
2020;Intibucá;Gabinete Sectorial de Infraestructura Servicios y Empresas Públicas;COMUNICACIONES Y ENERGIA;CARRETERAS;Secretaría de Infraestructura y Servicios Públicos;REHABILITACIÓN VIAL DEL CORREDOR DE OCCIDENTE: LA ENTRADA - COPAN RUINAS - EL FLORIDO Y LA ENTRADA-SANTA ROSA DE COPAN;0.000000000000000000000000000000;
2020;Islas de la Bahía;Gabinete Sectorial de Infraestructura Servicios y Empresas Públicas;COMUNICACIONES Y ENERGIA;CARRETERAS;Secretaría de Infraestructura y Servicios Públicos;REHABILITACIÓN VIAL DEL CORREDOR DE OCCIDENTE: LA ENTRADA - COPAN RUINAS - EL FLORIDO Y LA ENTRADA-SANTA ROSA DE COPAN;0.000000000000000000000000000000;
2020;La Paz;Gabinete Sectorial de Infraestructura Servicios y Empresas Públicas;COMUNICACIONES Y ENERGIA;CARRETERAS;Secretaría de Infraestructura y Servicios Públicos;REHABILITACIÓN VIAL DEL CORREDOR DE OCCIDENTE: LA ENTRADA - COPAN RUINAS - EL FLORIDO Y LA ENTRADA-SANTA ROSA DE COPAN;0.000000000000000000000000000000;
2020;Lempira;Gabinete Sectorial de Infraestructura Servicios y Empresas Públicas;COMUNICACIONES Y ENERGIA;CARRETERAS;Secretaría de Infraestructura y Servicios Públicos;REHABILITACIÓN VIAL DEL CORREDOR DE OCCIDENTE: LA ENTRADA - COPAN RUINAS - EL FLORIDO Y LA ENTRADA-SANTA ROSA DE COPAN;0.000000000000000000000000000000;
2020;Ocotepeque;Gabinete Sectorial de Infraestructura Servicios y Empresas Públicas;COMUNICACIONES Y ENERGIA;CARRETERAS;Secretaría de Infraestructura y Servicios Públicos;REHABILITACIÓN VIAL DEL CORREDOR DE OCCIDENTE: LA ENTRADA - COPAN RUINAS - EL FLORIDO Y LA ENTRADA-SANTA ROSA DE COPAN;0.000000000000000000000000000000;
2020;Olancho;Gabinete Sectorial de Infraestructura Servicios y Empresas Públicas;COMUNICACIONES Y ENERGIA;CARRETERAS;Secretaría de Infraestructura y Servicios Públicos;REHABILITACIÓN VIAL DEL CORREDOR DE OCCIDENTE: LA ENTRADA - COPAN RUINAS - EL FLORIDO Y LA ENTRADA-SANTA ROSA DE COPAN;0.000000000000000000000000000000;
2020;Santa Barbara;Gabinete Sectorial de Infraestructura Servicios y Empresas Públicas;COMUNICACIONES Y ENERGIA;CARRETERAS;Secretaría de Infraestructura y Servicios Públicos;REHABILITACIÓN VIAL DEL CORREDOR DE OCCIDENTE: LA ENTRADA - COPAN RUINAS - EL FLORIDO Y LA ENTRADA-SANTA ROSA DE COPAN;0.000000000000000000000000000000;
2020;Valle;Gabinete Sectorial de Infraestructura Servicios y Empresas Públicas;COMUNICACIONES Y ENERGIA;CARRETERAS;Secretaría de Infraestructura y Servicios Públicos;REHABILITACIÓN VIAL DEL CORREDOR DE OCCIDENTE: LA ENTRADA - COPAN RUINAS - EL FLORIDO Y LA ENTRADA-SANTA ROSA DE COPAN;0.000000000000000000000000000000;
2020;Yoro;Gabinete Sectorial de Infraestructura Servicios y Empresas Públicas;COMUNICACIONES Y ENERGIA;CARRETERAS;Secretaría de Infraestructura y Servicios Públicos;REHABILITACIÓN VIAL DEL CORREDOR DE OCCIDENTE: LA ENTRADA - COPAN RUINAS - EL FLORIDO Y LA ENTRADA-SANTA ROSA DE COPAN;0.000000000000000000000000000000;
2020;Lempira;Gabinete Sectorial de Infraestructura Servicios y Empresas Públicas;COMUNICACIONES Y ENERGIA;CARRETERAS;Secretaría de Infraestructura y Servicios Públicos;CONSTRUCCIÓN Y PAVIMENTACIÓN CON CONCRETO HIDRÁULICO DEL TRAMO CARRETERO VALLADOLID - LA VIRTUD ¿ MAPULACA CON UNA LONGITUD APROXIMADA DE 30 KM LOCALIZADO EN EL DEPARTAMENTO DE LEMPIRA;253229220.000000000000000000000000000000;
2020;Comayagua;Gabinete Sectorial de Infraestructura Servicios y Empresas Públicas;COMUNICACIONES Y ENERGIA;CARRETERAS;Secretaría de Infraestructura y Servicios Públicos;CORREDOR TURÍSTICO DISTRITO DE LOS LAGOS ETAPA 1: REHABILITACIÓN CON CONCRETO HIDRÁULICO TRAMOS: 1-CAÑAVERAL-RIO LINDO-CARACOL SECCIÓN 1 CON UNA LONGITUD APROXIMADA DE 700 KM 2- CAÑAVERAL-RÍO LINDO-;22500000.000000000000000000000000000000;
2020;Cortés;Gabinete Sectorial de Infraestructura Servicios y Empresas Públicas;COMUNICACIONES Y ENERGIA;CARRETERAS;Secretaría de Infraestructura y Servicios Públicos;CORREDOR TURÍSTICO DISTRITO DE LOS LAGOS ETAPA 1: REHABILITACIÓN CON CONCRETO HIDRÁULICO TRAMOS: 1-CAÑAVERAL-RIO LINDO-CARACOL SECCIÓN 1 CON UNA LONGITUD APROXIMADA DE 700 KM 2- CAÑAVERAL-RÍO LINDO-;105442589.480000000000000000000000000000;
2020;Choluteca;Gabinete Sectorial de Infraestructura Servicios y Empresas Públicas;COMUNICACIONES Y ENERGIA;CARRETERAS;Secretaría de Infraestructura y Servicios Públicos;CORREDOR TURÍSTICO DISTRITO DE LOS LAGOS ETAPA 1: REHABILITACIÓN CON CONCRETO HIDRÁULICO TRAMOS: 1-CAÑAVERAL-RIO LINDO-CARACOL SECCIÓN 1 CON UNA LONGITUD APROXIMADA DE 700 KM 2- CAÑAVERAL-RÍO LINDO-;24272568.520000000000000000000000000000;
2020;Ocotepeque;Gabinete Sectorial de Infraestructura Servicios y Empresas Públicas;COMUNICACIONES Y ENERGIA;ENERGIA;Programa Nacional de Desarrollo Rural y Urbano Sostenible;PROYECTO DE ENERGÍA RENOVABLE PARA EL DESARROLLO RURAL SOSTENIBLE PRO-ENERGÍA RURAL;116955.462301933000000000000000000000;
2020;Lempira;Gabinete Sectorial de Infraestructura Servicios y Empresas Públicas;COMUNICACIONES Y ENERGIA;ENERGIA;Programa Nacional de Desarrollo Rural y Urbano Sostenible;PROYECTO DE ENERGÍA RENOVABLE PARA EL DESARROLLO RURAL SOSTENIBLE PRO-ENERGÍA RURAL;78087263.663590400000000000000000000000;
2020;Copan;Gabinete Sectorial de Infraestructura Servicios y Empresas Públicas;COMUNICACIONES Y ENERGIA;ENERGIA;Programa Nacional de Desarrollo Rural y Urbano Sostenible;PROYECTO DE ENERGÍA RENOVABLE PARA EL DESARROLLO RURAL SOSTENIBLE PRO-ENERGÍA RURAL;207920.821870103000000000000000000000;
2020;Intibucá;Gabinete Sectorial de Infraestructura Servicios y Empresas Públicas;COMUNICACIONES Y ENERGIA;ENERGIA;Programa Nacional de Desarrollo Rural y Urbano Sostenible;PROYECTO DE ENERGÍA RENOVABLE PARA EL DESARROLLO RURAL SOSTENIBLE PRO-ENERGÍA RURAL;68925752.449939100000000000000000000000;
2020;Santa Barbara;Gabinete Sectorial de Infraestructura Servicios y Empresas Públicas;COMUNICACIONES Y ENERGIA;ENERGIA;Programa Nacional de Desarrollo Rural y Urbano Sostenible;PROYECTO DE ENERGÍA RENOVABLE PARA EL DESARROLLO RURAL SOSTENIBLE PRO-ENERGÍA RURAL;792698.133379767000000000000000000000;
2020;La Paz;Gabinete Sectorial de Infraestructura Servicios y Empresas Públicas;COMUNICACIONES Y ENERGIA;ENERGIA;Programa Nacional de Desarrollo Rural y Urbano Sostenible;PROYECTO DE ENERGÍA RENOVABLE PARA EL DESARROLLO RURAL SOSTENIBLE PRO-ENERGÍA RURAL;1130569.468918680000000000000000000000;
2020;Francisco Morazán;Gabinete Sectorial de Infraestructura Servicios y Empresas Públicas;COMUNICACIONES Y ENERGIA;ENERGIA;Empresa Nacional de Energía Eléctrica;APOYO AL PLAN ESTRATÉGICO DE ACCESO UNIVERSAL A ELECTRICIDAD;4605573.000000000000000000000000000000;
2020;Francisco Morazán;Gabinete Sectorial de Infraestructura Servicios y Empresas Públicas;COMUNICACIONES Y ENERGIA;ENERGIA;Empresa Nacional de Energía Eléctrica;PROYECTO DE REHABILITACIÓN Y REPOTENCIACIÓN DEL COMPLEJO HIDROELÉCTRICO CAÑAVERAL-RÍO LINDO;38251794.736842100000000000000000000000;
2020;Cortés;Gabinete Sectorial de Infraestructura Servicios y Empresas Públicas;COMUNICACIONES Y ENERGIA;ENERGIA;Empresa Nacional de Energía Eléctrica;PROYECTO DE REHABILITACIÓN Y REPOTENCIACIÓN DEL COMPLEJO HIDROELÉCTRICO CAÑAVERAL-RÍO LINDO;791233319.526316000000000000000000000000;
2020;Comayagua;Gabinete Sectorial de Infraestructura Servicios y Empresas Públicas;COMUNICACIONES Y ENERGIA;ENERGIA;Empresa Nacional de Energía Eléctrica;PROYECTO DE REHABILITACIÓN Y REPOTENCIACIÓN DEL COMPLEJO HIDROELÉCTRICO CAÑAVERAL-RÍO LINDO;8210526.315789470000000000000000000000;
2020;Santa Barbara;Gabinete Sectorial de Infraestructura Servicios y Empresas Públicas;COMUNICACIONES Y ENERGIA;ENERGIA;Empresa Nacional de Energía Eléctrica;PROYECTO DE REHABILITACIÓN Y REPOTENCIACIÓN DEL COMPLEJO HIDROELÉCTRICO CAÑAVERAL-RÍO LINDO;3789473.684210530000000000000000000000;
2020;Yoro;Gabinete Sectorial de Infraestructura Servicios y Empresas Públicas;COMUNICACIONES Y ENERGIA;ENERGIA;Empresa Nacional de Energía Eléctrica;PROYECTO DE REHABILITACIÓN Y REPOTENCIACIÓN DEL COMPLEJO HIDROELÉCTRICO CAÑAVERAL-RÍO LINDO;3157894.736842110000000000000000000000;
2020;Francisco Morazán;Gabinete Sectorial de Infraestructura Servicios y Empresas Públicas;COMUNICACIONES Y ENERGIA;ENERGIA;Empresa Nacional de Energía Eléctrica;PROYECTO DE REHABILITACIÓN Y REPOTENCIACIÓN DEL COMPLEJO HIDROELÉCTRICO CAÑAVERAL-RÍO LINDO;65749157.000000000000000000000000000000;
2020;Cortés;Gabinete Sectorial de Infraestructura Servicios y Empresas Públicas;COMUNICACIONES Y ENERGIA;ENERGIA;Empresa Nacional de Energía Eléctrica;PROYECTO DE REHABILITACIÓN Y REPOTENCIACIÓN DEL COMPLEJO HIDROELÉCTRICO CAÑAVERAL-RÍO LINDO;770533.000000000000000000000000000000;
2020;Yoro;Gabinete Sectorial de Infraestructura Servicios y Empresas Públicas;COMUNICACIONES Y ENERGIA;ENERGIA;Empresa Nacional de Energía Eléctrica;PROYECTO DE REHABILITACIÓN Y REPOTENCIACIÓN DEL COMPLEJO HIDROELÉCTRICO CAÑAVERAL-RÍO LINDO;69003943.000000000000000000000000000000;
2020;Francisco Morazán;Gabinete Sectorial de Infraestructura Servicios y Empresas Públicas;COMUNICACIONES Y ENERGIA;ENERGIA;Empresa Nacional de Energía Eléctrica;APOYO AL DESARROLLO SOSTENIBLE DE LAS ENERGÍAS RENOVABLES;4288332.000000000000000000000000000000;
2020;Islas de la Bahía;Gabinete Sectorial de Infraestructura Servicios y Empresas Públicas;COMUNICACIONES Y ENERGIA;ENERGIA;Empresa Nacional de Energía Eléctrica;ELECTRIFICACIÓN RURAL EN LUGARES AISLADOS;17322760.666666700000000000000000000000;
2020;Choluteca;Gabinete Sectorial de Infraestructura Servicios y Empresas Públicas;COMUNICACIONES Y ENERGIA;ENERGIA;Empresa Nacional de Energía Eléctrica;ELECTRIFICACIÓN RURAL EN LUGARES AISLADOS;1982268.666666670000000000000000000000;
2020;Gracias a Dios;Gabinete Sectorial de Infraestructura Servicios y Empresas Públicas;COMUNICACIONES Y ENERGIA;ENERGIA;Empresa Nacional de Energía Eléctrica;ELECTRIFICACIÓN RURAL EN LUGARES AISLADOS;17322760.666666700000000000000000000000;
2020;Francisco Morazán;Gabinete Sectorial de Infraestructura Servicios y Empresas Públicas;COMUNICACIONES Y ENERGIA;ENERGIA;Empresa Nacional de Energía Eléctrica;APOYO AL PROGRAMA NACIONAL DE TRANSMISIÓN DE ENERGÍA ELÉCTRICA (INCLUYE 4598BL-HO y 4599SX-HO);12928274.139162500000000000000000000000;
2020;Cortés;Gabinete Sectorial de Infraestructura Servicios y Empresas Públicas;COMUNICACIONES Y ENERGIA;ENERGIA;Empresa Nacional de Energía Eléctrica;APOYO AL PROGRAMA NACIONAL DE TRANSMISIÓN DE ENERGÍA ELÉCTRICA (INCLUYE 4598BL-HO y 4599SX-HO);191459259.860837000000000000000000000000;
2020;Francisco Morazán;Gabinete Sectorial de Infraestructura Servicios y Empresas Públicas;COMUNICACIONES Y ENERGIA;COMUNICACIONES;Empresa Hondureña de Telecomunicaciones;Proyecto Servicios Convergentes de Nueva Generación;87136431.000000000000000000000000000000;
2020;Francisco Morazán;Gabinete Sectorial de Infraestructura Servicios y Empresas Públicas;COMUNICACIONES Y ENERGIA;TRANSPORTE Y OBRAS PUBLICAS;Alcaldia Municipal del Distrito Central;PROYECTO DE TRANSPORTE PUBLICO PARA EL DISTRITO CENTRAL (TEGUCIGALPA - COMAYAGUELA);141035699.000000000000000000000000000000;
2020;Francisco Morazán;Gabinete Sectorial de Infraestructura Servicios y Empresas Públicas;COMUNICACIONES Y ENERGIA;CARRETERAS;Servicios Financieros de la Administración Central; Proyectos en el Marco del Mediano Plazo;2970183822.000000000000000000000000000000;
2020;Santa Barbara;Gabinete Sectorial de Seguridad y Defensa;Agroforestal y Turismo;Recursos Forestales y Ambiente;Comisión Permanente de Contingencias;Proyecto Gestión de Riessgos de Desastres;4459866.860000000000000000000000000000;
2020;Cortés;Gabinete Sectorial de Seguridad y Defensa;Agroforestal y Turismo;Recursos Forestales y Ambiente;Comisión Permanente de Contingencias;Proyecto Gestión de Riessgos de Desastres;44396412.720000000000000000000000000000;
2020;Atlántida;Gabinete Sectorial de Seguridad y Defensa;Agroforestal y Turismo;Recursos Forestales y Ambiente;Comisión Permanente de Contingencias;Proyecto Gestión de Riessgos de Desastres;4867084.180000000000000000000000000000;
2020;Yoro;Gabinete Sectorial de Seguridad y Defensa;Agroforestal y Turismo;Recursos Forestales y Ambiente;Comisión Permanente de Contingencias;Proyecto Gestión de Riessgos de Desastres;23766814.730000000000000000000000000000;
2020;Francisco Morazán;Gabinete Sectorial de Seguridad y Defensa;Agroforestal y Turismo;Recursos Forestales y Ambiente;Comisión Permanente de Contingencias;Proyecto Gestión de Riessgos de Desastres;30809821.510000000000000000000000000000;
2020;Francisco Morazán;Gabinete Sectorial de Seguridad y Defensa;FORTALECIMIENTO INSTITUCIONAL;SEGURIDAD Y DEFENSA;Secretaría de Seguridad;PROGRAMA DE CONVIVENCIA CIUDADANA Y MEJORAMIENTO DE BARRIOS;303819895.500000000000000000000000000000;
2020;Cortés;Gabinete Sectorial de Seguridad y Defensa;FORTALECIMIENTO INSTITUCIONAL;SEGURIDAD Y DEFENSA;Secretaría de Seguridad;OGRAMA DE CONVIVENCIA CIUDADANA Y MEJORAMIENTO DE BARRIOS;108988443.500000000000000000000000000000;
2020;Santa Barbara;Gabinete Social;PROMOCION Y PROTECCION HUMANA;EDUCACION;Secretaría de Educación;PROGRAMA DE MEJORA DE LA INFRAESTRUCTURA ESCOLAR (PROMINE/KFW FASE II);571546.039348569000000000000000000000;
2020;Intibucá;Gabinete Social;PROMOCION Y PROTECCION HUMANA;EDUCACION;Secretaría de Educación;PROGRAMA DE MEJORA DE LA INFRAESTRUCTURA ESCOLAR (PROMINE/KFW FASE II);1182739.739287490000000000000000000000;
2020;Ocotepeque;Gabinete Social;PROMOCION Y PROTECCION HUMANA;EDUCACION;Secretaría de Educación;PROGRAMA DE MEJORA DE LA INFRAESTRUCTURA ESCOLAR (PROMINE/KFW FASE II);1590202.205913430000000000000000000000;
2020;La Paz;Gabinete Social;PROMOCION Y PROTECCION HUMANA;EDUCACION;Secretaría de Educación;PROGRAMA DE MEJORA DE LA INFRAESTRUCTURA ESCOLAR (PROMINE/KFW FASE II);1364792.669798120000000000000000000000;
2020;Gracias a Dios;Gabinete Social;PROMOCION Y PROTECCION HUMANA;EDUCACION;Secretaría de Educación;PROGRAMA DE MEJORA DE LA INFRAESTRUCTURA ESCOLAR (PROMINE/KFW FASE II);3145979.869818680000000000000000000000;
2020;Copan;Gabinete Social;PROMOCION Y PROTECCION HUMANA;EDUCACION;Secretaría de Educación;PROGRAMA DE MEJORA DE LA INFRAESTRUCTURA ESCOLAR (PROMINE/KFW FASE II);979008.505974514000000000000000000000;
2020;Lempira;Gabinete Social;PROMOCION Y PROTECCION HUMANA;EDUCACION;Secretaría de Educación;PROGRAMA DE MEJORA DE LA INFRAESTRUCTURA ESCOLAR (PROMINE/KFW FASE II);753598.969859199000000000000000000000;
2020;Lempira;Gabinete Social;PROMOCION Y PROTECCION HUMANA;EDUCACION;Secretaría de Educación;Mejora de la Calidad Educativa para el Desarrollo de Habilidades para el Empleo: Proyecto Joven;21103726.258992800000000000000000000000;
2020;Santa Barbara;Gabinete Social;PROMOCION Y PROTECCION HUMANA;EDUCACION;Secretaría de Educación;Mejora de la Calidad Educativa para el Desarrollo de Habilidades para el Empleo: Proyecto Joven;9261656.115107910000000000000000000000;
2020;Intibucá;Gabinete Social;PROMOCION Y PROTECCION HUMANA;EDUCACION;Secretaría de Educación;Mejora de la Calidad Educativa para el Desarrollo de Habilidades para el Empleo: Proyecto Joven;5991715.539568350000000000000000000000;
2020;La Paz;Gabinete Social;PROMOCION Y PROTECCION HUMANA;EDUCACION;Secretaría de Educación;Mejora de la Calidad Educativa para el Desarrollo de Habilidades para el Empleo: Proyecto Joven;11396626.402877700000000000000000000000;
2020;Ocotepeque;Gabinete Social;PROMOCION Y PROTECCION HUMANA;EDUCACION;Secretaría de Educación;Mejora de la Calidad Educativa para el Desarrollo de Habilidades para el Empleo: Proyecto Joven;6578993.669064750000000000000000000000;
2020;Francisco Morazán;Gabinete Social;PROMOCION Y PROTECCION HUMANA;EDUCACION;Secretaría de Educación;Mejora de la Calidad Educativa para el Desarrollo de Habilidades para el Empleo: Proyecto Joven;376899682.000000000000000000000000000000;
2020;Copan;Gabinete Social;PROMOCION Y PROTECCION HUMANA;EDUCACION;Secretaría de Educación;Mejora de la Calidad Educativa para el Desarrollo de Habilidades para el Empleo: Proyecto Joven;12084792.014388500000000000000000000000;
2020;Choluteca;Gabinete Social;PROMOCION Y PROTECCION HUMANA;SALUD;Secretaría de Salud;CONSTRUCCION Y MODERNIZACION DEL HOSPITAL REGIONAL DEL SUR EN CHOLUTECA;260573930.000000000000000000000000000000;
2020;Francisco Morazán;Gabinete Social;PROMOCION Y PROTECCION HUMANA;SALUD;Secretaría de Salud;REEQUIPAMIENTO BIOMEDICO HOSPITAL MARIA ESPECIALIDADES PEDIATRICAS (HMEP);13972976.000000000000000000000000000000;
2020;Cortés;Gabinete Social;PROMOCION Y PROTECCION HUMANA;SALUD;Secretaría de Salud;PROYECTO DE MEJORA DE LA GESTION Y CALIDAD DE LOS SERVICIOS DE SALUD MATERNO-NEONATAL;53668428.000000000000000000000000000000;
2020;La Paz;Gabinete Social;PROMOCION Y PROTECCION HUMANA;SALUD;Secretaría de Salud;PROYECTO DE MEJORA DE LA GESTION Y CALIDAD DE LOS SERVICIOS DE SALUD MATERNO-NEONATAL;45986533.000000000000000000000000000000;
2020;Intibucá;Gabinete Social;PROMOCION Y PROTECCION HUMANA;SALUD;Secretaría de Salud;PROYECTO DE MEJORA DE LA GESTION Y CALIDAD DE LOS SERVICIOS DE SALUD MATERNO-NEONATAL;50053427.000000000000000000000000000000;
2020;Lempira;Gabinete Social;PROMOCION Y PROTECCION HUMANA;SALUD;Secretaría de Salud;PROYECTO DE MEJORA DE LA GESTION Y CALIDAD DE LOS SERVICIOS DE SALUD MATERNO-NEONATAL;51820483.000000000000000000000000000000;
2020;Ocotepeque;Gabinete Social;PROMOCION Y PROTECCION HUMANA;SALUD;Secretaría de Salud;PROYECTO DE MEJORA DE LA GESTION Y CALIDAD DE LOS SERVICIOS DE SALUD MATERNO-NEONATAL;21609810.000000000000000000000000000000;
2020;Choluteca;Gabinete Social;PROMOCION Y PROTECCION HUMANA;SALUD;Secretaría de Salud;PROYECTO DE MEJORA DE LA GESTION Y CALIDAD DE LOS SERVICIOS DE SALUD MATERNO-NEONATAL;42413470.000000000000000000000000000000;
2020;Francisco Morazán;Gabinete Social;PROMOCION Y PROTECCION HUMANA;SALUD;Secretaría de Salud;PROYECTO DE MEJORA DE LA GESTION Y CALIDAD DE LOS SERVICIOS DE SALUD MATERNO-NEONATAL;161486200.000000000000000000000000000000;
2020;Olancho;Gabinete Social;PROMOCION Y PROTECCION HUMANA;SALUD;Secretaría de Salud;PROYECTO DE MEJORA DE LA GESTION Y CALIDAD DE LOS SERVICIOS DE SALUD MATERNO-NEONATAL;80308653.000000000000000000000000000000;
2020;Copan;Gabinete Social;PROMOCION Y PROTECCION HUMANA;SALUD;Secretaría de Salud;PROYECTO DE MEJORA DE LA GESTION Y CALIDAD DE LOS SERVICIOS DE SALUD MATERNO-NEONATAL;138683499.000000000000000000000000000000;
2020;Valle;Gabinete Social;PROMOCION Y PROTECCION HUMANA;SALUD;Secretaría de Salud;PROYECTO DE MEJORA DE LA GESTION Y CALIDAD DE LOS SERVICIOS DE SALUD MATERNO-NEONATAL;6390474.000000000000000000000000000000;
2020;Intibucá;Gabinete Social;PROMOCION Y PROTECCION HUMANA;SALUD;Secretaría de Salud;PROGRAMA APOYO A LA RED DE INCLUSIÓN SOCIAL CON PRIORIDAD EN OCCIDENTE;15235976.000000000000000000000000000000;
2020;Lempira;Gabinete Social;PROMOCION Y PROTECCION HUMANA;SALUD;Secretaría de Salud;PROGRAMA APOYO A LA RED DE INCLUSIÓN SOCIAL CON PRIORIDAD EN OCCIDENTE;6573476.000000000000000000000000000000;
2020;Cortés;Gabinete Social;PROMOCION Y PROTECCION HUMANA;SALUD;Secretaría de Salud;PROGRAMA APOYO A LA RED DE INCLUSIÓN SOCIAL CON PRIORIDAD EN OCCIDENTE;25369740.000000000000000000000000000000;
2020;Francisco Morazán;Gabinete Social;PROMOCION Y PROTECCION HUMANA;SALUD;Secretaría de Salud;PROGRAMA APOYO A LA RED DE INCLUSIÓN SOCIAL CON PRIORIDAD EN OCCIDENTE;21127148.000000000000000000000000000000;
2020;Choluteca;Gabinete Social;PROMOCION Y PROTECCION HUMANA;SALUD;Secretaría de Salud;HONDURAS SALUD MESOAMERICA 2015 (HO-G1003) FASE II;851378.816801084000000000000000000000;
2020;Olancho;Gabinete Social;PROMOCION Y PROTECCION HUMANA;SALUD;Secretaría de Salud;HONDURAS SALUD MESOAMERICA 2015 (HO-G1003) FASE II;1059232.183198920000000000000000000000;
2020;Atlántida;Gabinete Social;PROMOCION Y PROTECCION HUMANA;PROTECCION SOCIAL;Secretaría de Desarrollo e Inclusión Social;BOLSON ESCOLAR Y EQUIPO DE UTILES;233023.000000000000000000000000000000;
2020;Colón;Gabinete Social;PROMOCION Y PROTECCION HUMANA;PROTECCION SOCIAL;Secretaría de Desarrollo e Inclusión Social;BOLSON ESCOLAR Y EQUIPO DE UTILES;229092.000000000000000000000000000000;
2020;Comayagua;Gabinete Social;PROMOCION Y PROTECCION HUMANA;PROTECCION SOCIAL;Secretaría de Desarrollo e Inclusión Social;BOLSON ESCOLAR Y EQUIPO DE UTILES;336900.000000000000000000000000000000;
2020;Copan;Gabinete Social;PROMOCION Y PROTECCION HUMANA;PROTECCION SOCIAL;Secretaría de Desarrollo e Inclusión Social;BOLSON ESCOLAR Y EQUIPO DE UTILES;314440.000000000000000000000000000000;
2020;Cortés;Gabinete Social;PROMOCION Y PROTECCION HUMANA;PROTECCION SOCIAL;Secretaría de Desarrollo e Inclusión Social;BOLSON ESCOLAR Y EQUIPO DE UTILES;499735.000000000000000000000000000000;
2020;Choluteca;Gabinete Social;PROMOCION Y PROTECCION HUMANA;PROTECCION SOCIAL;Secretaría de Desarrollo e Inclusión Social;BOLSON ESCOLAR Y EQUIPO DE UTILES;449200.000000000000000000000000000000;
2020;El Paraíso;Gabinete Social;PROMOCION Y PROTECCION HUMANA;PROTECCION SOCIAL;Secretaría de Desarrollo e Inclusión Social;BOLSON ESCOLAR Y EQUIPO DE UTILES;404280.000000000000000000000000000000;
2020;Francisco Morazán;Gabinete Social;PROMOCION Y PROTECCION HUMANA;PROTECCION SOCIAL;Secretaría de Desarrollo e Inclusión Social;BOLSON ESCOLAR Y EQUIPO DE UTILES;871340.000000000000000000000000000000;
2020;Gracias a Dios;Gabinete Social;PROMOCION Y PROTECCION HUMANA;PROTECCION SOCIAL;Secretaría de Desarrollo e Inclusión Social;BOLSON ESCOLAR Y EQUIPO DE UTILES;336900.000000000000000000000000000000;
2020;Intibucá;Gabinete Social;PROMOCION Y PROTECCION HUMANA;PROTECCION SOCIAL;Secretaría de Desarrollo e Inclusión Social;BOLSON ESCOLAR Y EQUIPO DE UTILES;269520.000000000000000000000000000000;
2020;Islas de la Bahía;Gabinete Social;PROMOCION Y PROTECCION HUMANA;PROTECCION SOCIAL;Secretaría de Desarrollo e Inclusión Social;BOLSON ESCOLAR Y EQUIPO DE UTILES;224600.000000000000000000000000000000;
2020;La Paz;Gabinete Social;PROMOCION Y PROTECCION HUMANA;PROTECCION SOCIAL;Secretaría de Desarrollo e Inclusión Social;BOLSON ESCOLAR Y EQUIPO DE UTILES;422012.000000000000000000000000000000;
2020;Lempira;Gabinete Social;PROMOCION Y PROTECCION HUMANA;PROTECCION SOCIAL;Secretaría de Desarrollo e Inclusión Social;BOLSON ESCOLAR Y EQUIPO DE UTILES;561500.000000000000000000000000000000;
2020;Ocotepeque;Gabinete Social;PROMOCION Y PROTECCION HUMANA;PROTECCION SOCIAL;Secretaría de Desarrollo e Inclusión Social;BOLSON ESCOLAR Y EQUIPO DE UTILES;332506.000000000000000000000000000000;
2020;Olancho;Gabinete Social;PROMOCION Y PROTECCION HUMANA;PROTECCION SOCIAL;Secretaría de Desarrollo e Inclusión Social;BOLSON ESCOLAR Y EQUIPO DE UTILES;539040.000000000000000000000000000000;
2020;Santa Barbara;Gabinete Social;PROMOCION Y PROTECCION HUMANA;PROTECCION SOCIAL;Secretaría de Desarrollo e Inclusión Social;BOLSON ESCOLAR Y EQUIPO DE UTILES;445582.000000000000000000000000000000;
2020;Valle;Gabinete Social;PROMOCION Y PROTECCION HUMANA;PROTECCION SOCIAL;Secretaría de Desarrollo e Inclusión Social;BOLSON ESCOLAR Y EQUIPO DE UTILES;269520.000000000000000000000000000000;
2020;Yoro;Gabinete Social;PROMOCION Y PROTECCION HUMANA;PROTECCION SOCIAL;Secretaría de Desarrollo e Inclusión Social;BOLSON ESCOLAR Y EQUIPO DE UTILES;260810.000000000000000000000000000000;
2020;Atlántida;Gabinete Social;PROMOCION Y PROTECCION HUMANA;PROTECCION SOCIAL;Secretaría de Desarrollo e Inclusión Social;ATENCIÓN A MUJERES JÓVENES NIÑOS Y NIÑAS EN SITUACIÓN DE VIOLENCIA Y RIESGO SOCIAL;900000.000000000000000000000000000000;
2020;Colón;Gabinete Social;PROMOCION Y PROTECCION HUMANA;PROTECCION SOCIAL;Secretaría de Desarrollo e Inclusión Social;ATENCIÓN A MUJERES JÓVENES NIÑOS Y NIÑAS EN SITUACIÓN DE VIOLENCIA Y RIESGO SOCIAL;900000.000000000000000000000000000000;
2020;Comayagua;Gabinete Social;PROMOCION Y PROTECCION HUMANA;PROTECCION SOCIAL;Secretaría de Desarrollo e Inclusión Social;ATENCIÓN A MUJERES JÓVENES NIÑOS Y NIÑAS EN SITUACIÓN DE VIOLENCIA Y RIESGO SOCIAL;900000.000000000000000000000000000000;
2020;Copan;Gabinete Social;PROMOCION Y PROTECCION HUMANA;PROTECCION SOCIAL;Secretaría de Desarrollo e Inclusión Social;ATENCIÓN A MUJERES JÓVENES NIÑOS Y NIÑAS EN SITUACIÓN DE VIOLENCIA Y RIESGO SOCIAL;900000.000000000000000000000000000000;
2020;Cortés;Gabinete Social;PROMOCION Y PROTECCION HUMANA;PROTECCION SOCIAL;Secretaría de Desarrollo e Inclusión Social;ATENCIÓN A MUJERES JÓVENES NIÑOS Y NIÑAS EN SITUACIÓN DE VIOLENCIA Y RIESGO SOCIAL;900000.000000000000000000000000000000;
2020;Choluteca;Gabinete Social;PROMOCION Y PROTECCION HUMANA;PROTECCION SOCIAL;Secretaría de Desarrollo e Inclusión Social;ATENCIÓN A MUJERES JÓVENES NIÑOS Y NIÑAS EN SITUACIÓN DE VIOLENCIA Y RIESGO SOCIAL;900000.000000000000000000000000000000;
2020;El Paraíso;Gabinete Social;PROMOCION Y PROTECCION HUMANA;PROTECCION SOCIAL;Secretaría de Desarrollo e Inclusión Social;ATENCIÓN A MUJERES JÓVENES NIÑOS Y NIÑAS EN SITUACIÓN DE VIOLENCIA Y RIESGO SOCIAL;900000.000000000000000000000000000000;
2020;Francisco Morazán;Gabinete Social;PROMOCION Y PROTECCION HUMANA;PROTECCION SOCIAL;Secretaría de Desarrollo e Inclusión Social;ATENCIÓN A MUJERES JÓVENES NIÑOS Y NIÑAS EN SITUACIÓN DE VIOLENCIA Y RIESGO SOCIAL;12961687.000000000000000000000000000000;
2020;Gracias a Dios;Gabinete Social;PROMOCION Y PROTECCION HUMANA;PROTECCION SOCIAL;Secretaría de Desarrollo e Inclusión Social;ATENCIÓN A MUJERES JÓVENES NIÑOS Y NIÑAS EN SITUACIÓN DE VIOLENCIA Y RIESGO SOCIAL;900000.000000000000000000000000000000;
2020;Intibucá;Gabinete Social;PROMOCION Y PROTECCION HUMANA;PROTECCION SOCIAL;Secretaría de Desarrollo e Inclusión Social;ATENCIÓN A MUJERES JÓVENES NIÑOS Y NIÑAS EN SITUACIÓN DE VIOLENCIA Y RIESGO SOCIAL;900000.000000000000000000000000000000;
2020;Islas de la Bahía;Gabinete Social;PROMOCION Y PROTECCION HUMANA;PROTECCION SOCIAL;Secretaría de Desarrollo e Inclusión Social;ATENCIÓN A MUJERES JÓVENES NIÑOS Y NIÑAS EN SITUACIÓN DE VIOLENCIA Y RIESGO SOCIAL;900000.000000000000000000000000000000;
2020;La Paz;Gabinete Social;PROMOCION Y PROTECCION HUMANA;PROTECCION SOCIAL;Secretaría de Desarrollo e Inclusión Social;ATENCIÓN A MUJERES JÓVENES NIÑOS Y NIÑAS EN SITUACIÓN DE VIOLENCIA Y RIESGO SOCIAL;900000.000000000000000000000000000000;
2020;Lempira;Gabinete Social;PROMOCION Y PROTECCION HUMANA;PROTECCION SOCIAL;Secretaría de Desarrollo e Inclusión Social;ATENCIÓN A MUJERES JÓVENES NIÑOS Y NIÑAS EN SITUACIÓN DE VIOLENCIA Y RIESGO SOCIAL;1831321.000000000000000000000000000000;
2020;Ocotepeque;Gabinete Social;PROMOCION Y PROTECCION HUMANA;PROTECCION SOCIAL;Secretaría de Desarrollo e Inclusión Social;ATENCIÓN A MUJERES JÓVENES NIÑOS Y NIÑAS EN SITUACIÓN DE VIOLENCIA Y RIESGO SOCIAL;900000.000000000000000000000000000000;
2020;Olancho;Gabinete Social;PROMOCION Y PROTECCION HUMANA;PROTECCION SOCIAL;Secretaría de Desarrollo e Inclusión Social;ATENCIÓN A MUJERES JÓVENES NIÑOS Y NIÑAS EN SITUACIÓN DE VIOLENCIA Y RIESGO SOCIAL;1963792.000000000000000000000000000000;
2020;Santa Barbara;Gabinete Social;PROMOCION Y PROTECCION HUMANA;PROTECCION SOCIAL;Secretaría de Desarrollo e Inclusión Social;ATENCIÓN A MUJERES JÓVENES NIÑOS Y NIÑAS EN SITUACIÓN DE VIOLENCIA Y RIESGO SOCIAL;900000.000000000000000000000000000000;
2020;Valle;Gabinete Social;PROMOCION Y PROTECCION HUMANA;PROTECCION SOCIAL;Secretaría de Desarrollo e Inclusión Social;ATENCIÓN A MUJERES JÓVENES NIÑOS Y NIÑAS EN SITUACIÓN DE VIOLENCIA Y RIESGO SOCIAL;900000.000000000000000000000000000000;
2020;Yoro;Gabinete Social;PROMOCION Y PROTECCION HUMANA;PROTECCION SOCIAL;Secretaría de Desarrollo e Inclusión Social;ATENCIÓN A MUJERES JÓVENES NIÑOS Y NIÑAS EN SITUACIÓN DE VIOLENCIA Y RIESGO SOCIAL;500000.000000000000000000000000000000;
2020;Atlántida;Gabinete Social;PROMOCION Y PROTECCION HUMANA;PROTECCION SOCIAL;Secretaría de Desarrollo e Inclusión Social;OPORTUNIDADES PARA MADRES Y JOVENES COMO ESTRATEGIA DE SALIDA DEL BONO VIDA MEJOR;2105788.000000000000000000000000000000;
2020;Colón;Gabinete Social;PROMOCION Y PROTECCION HUMANA;PROTECCION SOCIAL;Secretaría de Desarrollo e Inclusión Social;OPORTUNIDADES PARA MADRES Y JOVENES COMO ESTRATEGIA DE SALIDA DEL BONO VIDA MEJOR;1486898.000000000000000000000000000000;
2020;Comayagua;Gabinete Social;PROMOCION Y PROTECCION HUMANA;PROTECCION SOCIAL;Secretaría de Desarrollo e Inclusión Social;OPORTUNIDADES PARA MADRES Y JOVENES COMO ESTRATEGIA DE SALIDA DEL BONO VIDA MEJOR;597602.000000000000000000000000000000;
2020;Copan;Gabinete Social;PROMOCION Y PROTECCION HUMANA;PROTECCION SOCIAL;Secretaría de Desarrollo e Inclusión Social;OPORTUNIDADES PARA MADRES Y JOVENES COMO ESTRATEGIA DE SALIDA DEL BONO VIDA MEJOR;5438695.000000000000000000000000000000;
2020;Cortés;Gabinete Social;PROMOCION Y PROTECCION HUMANA;PROTECCION SOCIAL;Secretaría de Desarrollo e Inclusión Social;OPORTUNIDADES PARA MADRES Y JOVENES COMO ESTRATEGIA DE SALIDA DEL BONO VIDA MEJOR;1976473.000000000000000000000000000000;
2020;Choluteca;Gabinete Social;PROMOCION Y PROTECCION HUMANA;PROTECCION SOCIAL;Secretaría de Desarrollo e Inclusión Social;OPORTUNIDADES PARA MADRES Y JOVENES COMO ESTRATEGIA DE SALIDA DEL BONO VIDA MEJOR;401639.000000000000000000000000000000;
2020;El Paraíso;Gabinete Social;PROMOCION Y PROTECCION HUMANA;PROTECCION SOCIAL;Secretaría de Desarrollo e Inclusión Social;OPORTUNIDADES PARA MADRES Y JOVENES COMO ESTRATEGIA DE SALIDA DEL BONO VIDA MEJOR;2820315.000000000000000000000000000000;
2020;Francisco Morazán;Gabinete Social;PROMOCION Y PROTECCION HUMANA;PROTECCION SOCIAL;Secretaría de Desarrollo e Inclusión Social;OPORTUNIDADES PARA MADRES Y JOVENES COMO ESTRATEGIA DE SALIDA DEL BONO VIDA MEJOR;4088862.000000000000000000000000000000;
2020;Gracias a Dios;Gabinete Social;PROMOCION Y PROTECCION HUMANA;PROTECCION SOCIAL;Secretaría de Desarrollo e Inclusión Social;OPORTUNIDADES PARA MADRES Y JOVENES COMO ESTRATEGIA DE SALIDA DEL BONO VIDA MEJOR;349578.000000000000000000000000000000;
2020;Intibucá;Gabinete Social;PROMOCION Y PROTECCION HUMANA;PROTECCION SOCIAL;Secretaría de Desarrollo e Inclusión Social;OPORTUNIDADES PARA MADRES Y JOVENES COMO ESTRATEGIA DE SALIDA DEL BONO VIDA MEJOR;2169077.000000000000000000000000000000;
2020;Islas de la Bahía;Gabinete Social;PROMOCION Y PROTECCION HUMANA;PROTECCION SOCIAL;Secretaría de Desarrollo e Inclusión Social;OPORTUNIDADES PARA MADRES Y JOVENES COMO ESTRATEGIA DE SALIDA DEL BONO VIDA MEJOR;88564.000000000000000000000000000000;
2020;La Paz;Gabinete Social;PROMOCION Y PROTECCION HUMANA;PROTECCION SOCIAL;Secretaría de Desarrollo e Inclusión Social;OPORTUNIDADES PARA MADRES Y JOVENES COMO ESTRATEGIA DE SALIDA DEL BONO VIDA MEJOR;2808520.000000000000000000000000000000;
2020;Lempira;Gabinete Social;PROMOCION Y PROTECCION HUMANA;PROTECCION SOCIAL;Secretaría de Desarrollo e Inclusión Social;OPORTUNIDADES PARA MADRES Y JOVENES COMO ESTRATEGIA DE SALIDA DEL BONO VIDA MEJOR;4390319.000000000000000000000000000000;
2020;Ocotepeque;Gabinete Social;PROMOCION Y PROTECCION HUMANA;PROTECCION SOCIAL;Secretaría de Desarrollo e Inclusión Social;OPORTUNIDADES PARA MADRES Y JOVENES COMO ESTRATEGIA DE SALIDA DEL BONO VIDA MEJOR;1247890.000000000000000000000000000000;
2020;Olancho;Gabinete Social;PROMOCION Y PROTECCION HUMANA;PROTECCION SOCIAL;Secretaría de Desarrollo e Inclusión Social;OPORTUNIDADES PARA MADRES Y JOVENES COMO ESTRATEGIA DE SALIDA DEL BONO VIDA MEJOR;630958.000000000000000000000000000000;
2020;Santa Barbara;Gabinete Social;PROMOCION Y PROTECCION HUMANA;PROTECCION SOCIAL;Secretaría de Desarrollo e Inclusión Social;OPORTUNIDADES PARA MADRES Y JOVENES COMO ESTRATEGIA DE SALIDA DEL BONO VIDA MEJOR;3487841.000000000000000000000000000000;
2020;Valle;Gabinete Social;PROMOCION Y PROTECCION HUMANA;PROTECCION SOCIAL;Secretaría de Desarrollo e Inclusión Social;OPORTUNIDADES PARA MADRES Y JOVENES COMO ESTRATEGIA DE SALIDA DEL BONO VIDA MEJOR;362315.000000000000000000000000000000;
2020;Yoro;Gabinete Social;PROMOCION Y PROTECCION HUMANA;PROTECCION SOCIAL;Secretaría de Desarrollo e Inclusión Social;OPORTUNIDADES PARA MADRES Y JOVENES COMO ESTRATEGIA DE SALIDA DEL BONO VIDA MEJOR;473568.000000000000000000000000000000;
2020;Atlántida;Gabinete Social;PROMOCION Y PROTECCION HUMANA;PROTECCION SOCIAL;Secretaría de Desarrollo e Inclusión Social;CENTROS DE ATENCIÓN A PERSONAS  CON CAPACIDADES ESPECIALES Y ADULTOS MAYORES EN SITUACIÓN DE VULNERABILIDAD;3400000.000000000000000000000000000000;
2020;Colón;Gabinete Social;PROMOCION Y PROTECCION HUMANA;PROTECCION SOCIAL;Secretaría de Desarrollo e Inclusión Social;CENTROS DE ATENCIÓN A PERSONAS  CON CAPACIDADES ESPECIALES Y ADULTOS MAYORES EN SITUACIÓN DE VULNERABILIDAD;2500000.000000000000000000000000000000;
2020;Comayagua;Gabinete Social;PROMOCION Y PROTECCION HUMANA;PROTECCION SOCIAL;Secretaría de Desarrollo e Inclusión Social;CENTROS DE ATENCIÓN A PERSONAS  CON CAPACIDADES ESPECIALES Y ADULTOS MAYORES EN SITUACIÓN DE VULNERABILIDAD;2800000.000000000000000000000000000000;
2020;Copan;Gabinete Social;PROMOCION Y PROTECCION HUMANA;PROTECCION SOCIAL;Secretaría de Desarrollo e Inclusión Social;CENTROS DE ATENCIÓN A PERSONAS  CON CAPACIDADES ESPECIALES Y ADULTOS MAYORES EN SITUACIÓN DE VULNERABILIDAD;4100000.000000000000000000000000000000;
2020;Cortés;Gabinete Social;PROMOCION Y PROTECCION HUMANA;PROTECCION SOCIAL;Secretaría de Desarrollo e Inclusión Social;CENTROS DE ATENCIÓN A PERSONAS  CON CAPACIDADES ESPECIALES Y ADULTOS MAYORES EN SITUACIÓN DE VULNERABILIDAD;4200000.000000000000000000000000000000;
2020;Choluteca;Gabinete Social;PROMOCION Y PROTECCION HUMANA;PROTECCION SOCIAL;Secretaría de Desarrollo e Inclusión Social;CENTROS DE ATENCIÓN A PERSONAS  CON CAPACIDADES ESPECIALES Y ADULTOS MAYORES EN SITUACIÓN DE VULNERABILIDAD;3500000.000000000000000000000000000000;
2020;El Paraíso;Gabinete Social;PROMOCION Y PROTECCION HUMANA;PROTECCION SOCIAL;Secretaría de Desarrollo e Inclusión Social;CENTROS DE ATENCIÓN A PERSONAS  CON CAPACIDADES ESPECIALES Y ADULTOS MAYORES EN SITUACIÓN DE VULNERABILIDAD;2762500.000000000000000000000000000000;
2020;Francisco Morazán;Gabinete Social;PROMOCION Y PROTECCION HUMANA;PROTECCION SOCIAL;Secretaría de Desarrollo e Inclusión Social;CENTROS DE ATENCIÓN A PERSONAS  CON CAPACIDADES ESPECIALES Y ADULTOS MAYORES EN SITUACIÓN DE VULNERABILIDAD;22473850.000000000000000000000000000000;
2020;Gracias a Dios;Gabinete Social;PROMOCION Y PROTECCION HUMANA;PROTECCION SOCIAL;Secretaría de Desarrollo e Inclusión Social;CENTROS DE ATENCIÓN A PERSONAS  CON CAPACIDADES ESPECIALES Y ADULTOS MAYORES EN SITUACIÓN DE VULNERABILIDAD;580650.000000000000000000000000000000;
2020;Intibucá;Gabinete Social;PROMOCION Y PROTECCION HUMANA;PROTECCION SOCIAL;Secretaría de Desarrollo e Inclusión Social;CENTROS DE ATENCIÓN A PERSONAS  CON CAPACIDADES ESPECIALES Y ADULTOS MAYORES EN SITUACIÓN DE VULNERABILIDAD;3000000.000000000000000000000000000000;
2020;Islas de la Bahía;Gabinete Social;PROMOCION Y PROTECCION HUMANA;PROTECCION SOCIAL;Secretaría de Desarrollo e Inclusión Social;CENTROS DE ATENCIÓN A PERSONAS  CON CAPACIDADES ESPECIALES Y ADULTOS MAYORES EN SITUACIÓN DE VULNERABILIDAD;600000.000000000000000000000000000000;
2020;La Paz;Gabinete Social;PROMOCION Y PROTECCION HUMANA;PROTECCION SOCIAL;Secretaría de Desarrollo e Inclusión Social;CENTROS DE ATENCIÓN A PERSONAS  CON CAPACIDADES ESPECIALES Y ADULTOS MAYORES EN SITUACIÓN DE VULNERABILIDAD;3141500.000000000000000000000000000000;
2020;Lempira;Gabinete Social;PROMOCION Y PROTECCION HUMANA;PROTECCION SOCIAL;Secretaría de Desarrollo e Inclusión Social;CENTROS DE ATENCIÓN A PERSONAS  CON CAPACIDADES ESPECIALES Y ADULTOS MAYORES EN SITUACIÓN DE VULNERABILIDAD;3500000.000000000000000000000000000000;
2020;Ocotepeque;Gabinete Social;PROMOCION Y PROTECCION HUMANA;PROTECCION SOCIAL;Secretaría de Desarrollo e Inclusión Social;CENTROS DE ATENCIÓN A PERSONAS  CON CAPACIDADES ESPECIALES Y ADULTOS MAYORES EN SITUACIÓN DE VULNERABILIDAD;2700000.000000000000000000000000000000;
2020;Olancho;Gabinete Social;PROMOCION Y PROTECCION HUMANA;PROTECCION SOCIAL;Secretaría de Desarrollo e Inclusión Social;CENTROS DE ATENCIÓN A PERSONAS  CON CAPACIDADES ESPECIALES Y ADULTOS MAYORES EN SITUACIÓN DE VULNERABILIDAD;5500000.000000000000000000000000000000;
2020;Santa Barbara;Gabinete Social;PROMOCION Y PROTECCION HUMANA;PROTECCION SOCIAL;Secretaría de Desarrollo e Inclusión Social;CENTROS DE ATENCIÓN A PERSONAS  CON CAPACIDADES ESPECIALES Y ADULTOS MAYORES EN SITUACIÓN DE VULNERABILIDAD;2700000.000000000000000000000000000000;
2020;Valle;Gabinete Social;PROMOCION Y PROTECCION HUMANA;PROTECCION SOCIAL;Secretaría de Desarrollo e Inclusión Social;CENTROS DE ATENCIÓN A PERSONAS  CON CAPACIDADES ESPECIALES Y ADULTOS MAYORES EN SITUACIÓN DE VULNERABILIDAD;2600000.000000000000000000000000000000;
2020;Yoro;Gabinete Social;PROMOCION Y PROTECCION HUMANA;PROTECCION SOCIAL;Secretaría de Desarrollo e Inclusión Social;CENTROS DE ATENCIÓN A PERSONAS  CON CAPACIDADES ESPECIALES Y ADULTOS MAYORES EN SITUACIÓN DE VULNERABILIDAD;2800000.000000000000000000000000000000;
2020;Copan;Gabinete Social;PROMOCION Y PROTECCION HUMANA;PROTECCION SOCIAL;Secretaría de Desarrollo e Inclusión Social;PROGRAMA DE APOYO AL SISTEMA DE PROTECCION SOCIAL (BONO VIDA MEJOR) BID 3371/BL-HO;23389394.571428600000000000000000000000;
2020;Francisco Morazán;Gabinete Social;PROMOCION Y PROTECCION HUMANA;PROTECCION SOCIAL;Secretaría de Desarrollo e Inclusión Social;PROGRAMA DE APOYO AL SISTEMA DE PROTECCION SOCIAL (BONO VIDA MEJOR) BID 3371/BL-HO;23389394.571428600000000000000000000000;
2020;Intibucá;Gabinete Social;PROMOCION Y PROTECCION HUMANA;PROTECCION SOCIAL;Secretaría de Desarrollo e Inclusión Social;PROGRAMA DE APOYO AL SISTEMA DE PROTECCION SOCIAL (BONO VIDA MEJOR) BID 3371/BL-HO;23389394.571428600000000000000000000000;
2020;La Paz;Gabinete Social;PROMOCION Y PROTECCION HUMANA;PROTECCION SOCIAL;Secretaría de Desarrollo e Inclusión Social;PROGRAMA DE APOYO AL SISTEMA DE PROTECCION SOCIAL (BONO VIDA MEJOR) BID 3371/BL-HO;23389394.571428600000000000000000000000;
2020;Lempira;Gabinete Social;PROMOCION Y PROTECCION HUMANA;PROTECCION SOCIAL;Secretaría de Desarrollo e Inclusión Social;PROGRAMA DE APOYO AL SISTEMA DE PROTECCION SOCIAL (BONO VIDA MEJOR) BID 3371/BL-HO;23389394.571428600000000000000000000000;
2020;Ocotepeque;Gabinete Social;PROMOCION Y PROTECCION HUMANA;PROTECCION SOCIAL;Secretaría de Desarrollo e Inclusión Social;PROGRAMA DE APOYO AL SISTEMA DE PROTECCION SOCIAL (BONO VIDA MEJOR) BID 3371/BL-HO;23389394.571428600000000000000000000000;
2020;Santa Barbara;Gabinete Social;PROMOCION Y PROTECCION HUMANA;PROTECCION SOCIAL;Secretaría de Desarrollo e Inclusión Social;PROGRAMA DE APOYO AL SISTEMA DE PROTECCION SOCIAL (BONO VIDA MEJOR) BID 3371/BL-HO;23389394.571428600000000000000000000000;
2020;Francisco Morazán;Gabinete Social;PROMOCION Y PROTECCION HUMANA;PROTECCION SOCIAL;Secretaría de Desarrollo e Inclusión Social;PROGRAMA APOYO A LA RED DE INCLUSIÓN SOCIAL CON PRIORIDAD EN OCCIDENTE;37111852.000000000000000000000000000000;
2020;Intibucá;Gabinete Social;PROMOCION Y PROTECCION HUMANA;PROTECCION SOCIAL;Secretaría de Desarrollo e Inclusión Social;PROGRAMA APOYO A LA RED DE INCLUSIÓN SOCIAL CON PRIORIDAD EN OCCIDENTE;31048028.000000000000000000000000000000;
2020;Ocotepeque;Gabinete Social;PROMOCION Y PROTECCION HUMANA;PROTECCION SOCIAL;Secretaría de Desarrollo e Inclusión Social;PROGRAMA APOYO A LA RED DE INCLUSIÓN SOCIAL CON PRIORIDAD EN OCCIDENTE;2050590.000000000000000000000000000000;
2020;Atlántida;Gabinete Social;PROMOCION Y PROTECCION HUMANA;PROTECCION SOCIAL;Secretaría de Desarrollo e Inclusión Social;PROYECTO DE INTEGRACIÓN DE LA PROTECCIÓN SOCIAL / 6401-HN;4123500.000000000000000000000000000000;
2020;Choluteca;Gabinete Social;PROMOCION Y PROTECCION HUMANA;PROTECCION SOCIAL;Secretaría de Desarrollo e Inclusión Social;PROYECTO DE INTEGRACIÓN DE LA PROTECCIÓN SOCIAL / 6401-HN;8314140.000000000000000000000000000000;
2020;Colón;Gabinete Social;PROMOCION Y PROTECCION HUMANA;PROTECCION SOCIAL;Secretaría de Desarrollo e Inclusión Social;PROYECTO DE INTEGRACIÓN DE LA PROTECCIÓN SOCIAL / 6401-HN;3339720.000000000000000000000000000000;
2020;Comayagua;Gabinete Social;PROMOCION Y PROTECCION HUMANA;PROTECCION SOCIAL;Secretaría de Desarrollo e Inclusión Social;PROYECTO DE INTEGRACIÓN DE LA PROTECCIÓN SOCIAL / 6401-HN;8732640.000000000000000000000000000000;
2020;Copan;Gabinete Social;PROMOCION Y PROTECCION HUMANA;PROTECCION SOCIAL;Secretaría de Desarrollo e Inclusión Social;PROYECTO DE INTEGRACIÓN DE LA PROTECCIÓN SOCIAL / 6401-HN;2931600.000000000000000000000000000000;
2020;Cortés;Gabinete Social;PROMOCION Y PROTECCION HUMANA;PROTECCION SOCIAL;Secretaría de Desarrollo e Inclusión Social;PROYECTO DE INTEGRACIÓN DE LA PROTECCIÓN SOCIAL / 6401-HN;13851420.000000000000000000000000000000;
2020;El Paraíso;Gabinete Social;PROMOCION Y PROTECCION HUMANA;PROTECCION SOCIAL;Secretaría de Desarrollo e Inclusión Social;PROYECTO DE INTEGRACIÓN DE LA PROTECCIÓN SOCIAL / 6401-HN;8257140.000000000000000000000000000000;
2020;Francisco Morazán;Gabinete Social;PROMOCION Y PROTECCION HUMANA;PROTECCION SOCIAL;Secretaría de Desarrollo e Inclusión Social;PROYECTO DE INTEGRACIÓN DE LA PROTECCIÓN SOCIAL / 6401-HN;203549409.000000000000000000000000000000;
2020;Intibucá;Gabinete Social;PROMOCION Y PROTECCION HUMANA;PROTECCION SOCIAL;Secretaría de Desarrollo e Inclusión Social;PROYECTO DE INTEGRACIÓN DE LA PROTECCIÓN SOCIAL / 6401-HN;2230440.000000000000000000000000000000;
2020;La Paz;Gabinete Social;PROMOCION Y PROTECCION HUMANA;PROTECCION SOCIAL;Secretaría de Desarrollo e Inclusión Social;PROYECTO DE INTEGRACIÓN DE LA PROTECCIÓN SOCIAL / 6401-HN;3678420.000000000000000000000000000000;
2020;Olancho;Gabinete Social;PROMOCION Y PROTECCION HUMANA;PROTECCION SOCIAL;Secretaría de Desarrollo e Inclusión Social;PROYECTO DE INTEGRACIÓN DE LA PROTECCIÓN SOCIAL / 6401-HN;6966240.000000000000000000000000000000;
2020;Santa Barbara;Gabinete Social;PROMOCION Y PROTECCION HUMANA;PROTECCION SOCIAL;Secretaría de Desarrollo e Inclusión Social;PROYECTO DE INTEGRACIÓN DE LA PROTECCIÓN SOCIAL / 6401-HN;473760.000000000000000000000000000000;
2020;Valle;Gabinete Social;PROMOCION Y PROTECCION HUMANA;PROTECCION SOCIAL;Secretaría de Desarrollo e Inclusión Social;PROYECTO DE INTEGRACIÓN DE LA PROTECCIÓN SOCIAL / 6401-HN;3390180.000000000000000000000000000000;
2020;Yoro;Gabinete Social;PROMOCION Y PROTECCION HUMANA;PROTECCION SOCIAL;Secretaría de Desarrollo e Inclusión Social;PROYECTO DE INTEGRACIÓN DE LA PROTECCIÓN SOCIAL / 6401-HN;11222820.000000000000000000000000000000;
2020;Francisco Morazán;Gabinete Social;Promoción y Protección Humana;Protección Social;Dirección Nacional del Programa Ciudad Mujer;Centros de Atención Integral para mejorar las condiciones de vida de las mujeres hondureñas (Ciudad Mujer);7101086.000000000000000000000000000000;
2020;Cortés;Gabinete Social;Promoción y Protección Humana;Protección Social;Dirección Nacional del Programa Ciudad Mujer;Centros de Atención Integral para mejorar las condiciones de vida de las mujeres hondureñas (Ciudad Mujer);700000.000000000000000000000000000000;
2020;Atlántida;Gabinete Social;Promoción y Protección Humana;Protección Social;Dirección Nacional del Programa Ciudad Mujer;Centros de Atención Integral para mejorar las condiciones de vida de las mujeres hondureñas (Ciudad Mujer);700000.000000000000000000000000000000;
2020;Cortés;Gabinete Social;PROMOCION Y PROTECCION HUMANA;EDUCACION;Universidad Pedagógica Nacional Francisco Morazán;Construcción de Edificio Multifuncional de Talleres  y Laboratorios en el Centro Universitario Regional de San Pedro Sula de la UPNFM;26407987.000000000000000000000000000000;
2021;COPÁN;NULL;NULL;NULL;FONDO HONDUREÑO DE INVERSION SOCIAL;ACTIVIDAD PILOTO DE INFRAESTRUCTURA EN EL OCCIDENTE DE HONDURAS;3877531.860000000000000000000000000000;
2021;CORTÉS;NULL;NULL;NULL;FONDO HONDUREÑO DE INVERSION SOCIAL;ACTIVIDAD PILOTO DE INFRAESTRUCTURA EN EL OCCIDENTE DE HONDURAS;1281688.190000000000000000000000000000;
2021;FRANCISCO MORAZÁN;NULL;NULL;NULL;FONDO HONDUREÑO DE INVERSION SOCIAL;ACTIVIDAD PILOTO DE INFRAESTRUCTURA EN EL OCCIDENTE DE HONDURAS;3739097.820000010000000000000000000000;
2021;INTIBUCA;NULL;NULL;NULL;FONDO HONDUREÑO DE INVERSION SOCIAL;ACTIVIDAD PILOTO DE INFRAESTRUCTURA EN EL OCCIDENTE DE HONDURAS;14813446.420000000000000000000000000000;
2021;LA PAZ;NULL;NULL;NULL;FONDO HONDUREÑO DE INVERSION SOCIAL;ACTIVIDAD PILOTO DE INFRAESTRUCTURA EN EL OCCIDENTE DE HONDURAS;3618292.580000000000000000000000000000;
2021;LEMPIRA;NULL;NULL;NULL;FONDO HONDUREÑO DE INVERSION SOCIAL;ACTIVIDAD PILOTO DE INFRAESTRUCTURA EN EL OCCIDENTE DE HONDURAS;9530980.590000000000000000000000000000;
2021;OCOTEPEQUE;NULL;NULL;NULL;FONDO HONDUREÑO DE INVERSION SOCIAL;ACTIVIDAD PILOTO DE INFRAESTRUCTURA EN EL OCCIDENTE DE HONDURAS;9331700.140000000000000000000000000000;
2021;SANTA BÁRBARA;NULL;NULL;NULL;FONDO HONDUREÑO DE INVERSION SOCIAL;ACTIVIDAD PILOTO DE INFRAESTRUCTURA EN EL OCCIDENTE DE HONDURAS;5117997.400000000000000000000000000000;
2021;FRANCISCO MORAZÁN;NULL;NULL;NULL;FONDO HONDUREÑO DE INVERSION SOCIAL;PROGRAMA DE CONVIVENCIA CIUDADANA Y MEJORAMIENTO DE BARRIOS;105265786.000000000000000000000000000000;
2021;ATLÁNTIDA;NULL;NULL;NULL;FONDO HONDUREÑO DE INVERSION SOCIAL;PROGRAMA DE INFRAESTRUCTURA PARA LA SEGURIDAD CIUDADANA;16778347.990000000000000000000000000000;
2021;CORTÉS;NULL;NULL;NULL;FONDO HONDUREÑO DE INVERSION SOCIAL;PROGRAMA DE INFRAESTRUCTURA PARA LA SEGURIDAD CIUDADANA;867650.780000000000000000000000000000;
2021;FRANCISCO MORAZÁN;NULL;NULL;NULL;FONDO HONDUREÑO DE INVERSION SOCIAL;PROGRAMA DE INFRAESTRUCTURA PARA LA SEGURIDAD CIUDADANA;181031020.230000000000000000000000000000;
2021;CHOLUTECA;NULL;NULL;NULL;FONDO HONDUREÑO DE INVERSION SOCIAL;PROGRAMA DE MEJORA DE LA INFRAESTRUCTURA ESCOLAR (PROMINE/KFW, FASE II);6836200.550000000000000000000000000000;
2021;COPÁN;NULL;NULL;NULL;FONDO HONDUREÑO DE INVERSION SOCIAL;PROGRAMA DE MEJORA DE LA INFRAESTRUCTURA ESCOLAR (PROMINE/KFW, FASE II);5122967.735000000000000000000000000000;
2021;FRANCISCO MORAZÁN;NULL;NULL;NULL;FONDO HONDUREÑO DE INVERSION SOCIAL;PROGRAMA DE MEJORA DE LA INFRAESTRUCTURA ESCOLAR (PROMINE/KFW, FASE II);23702275.000000000000000000000000000000;
2021;GRACIAS A DIOS;NULL;NULL;NULL;FONDO HONDUREÑO DE INVERSION SOCIAL;PROGRAMA DE MEJORA DE LA INFRAESTRUCTURA ESCOLAR (PROMINE/KFW, FASE II);35181220.821500000000000000000000000000;
2021;INTIBUCA;NULL;NULL;NULL;FONDO HONDUREÑO DE INVERSION SOCIAL;PROGRAMA DE MEJORA DE LA INFRAESTRUCTURA ESCOLAR (PROMINE/KFW, FASE II);20505397.320000000000000000000000000000;
2021;LA PAZ;NULL;NULL;NULL;FONDO HONDUREÑO DE INVERSION SOCIAL;PROGRAMA DE MEJORA DE LA INFRAESTRUCTURA ESCOLAR (PROMINE/KFW, FASE II);15861898.945000000000000000000000000000;
2021;LEMPIRA;NULL;NULL;NULL;FONDO HONDUREÑO DE INVERSION SOCIAL;PROGRAMA DE MEJORA DE LA INFRAESTRUCTURA ESCOLAR (PROMINE/KFW, FASE II);9566904.385000000000000000000000000000;
2021;OCOTEPEQUE;NULL;NULL;NULL;FONDO HONDUREÑO DE INVERSION SOCIAL;PROGRAMA DE MEJORA DE LA INFRAESTRUCTURA ESCOLAR (PROMINE/KFW, FASE II);9378973.240000000000000000000000000000;
2021;ATLÁNTIDA;NULL;NULL;NULL;FONDO HONDUREÑO DE INVERSION SOCIAL;PROGRAMA DE MEJORAMIENTO INTEGRAL DE LA INFRAESTRUCTURA Y FORMACION EDUCATIVA EN HONDURAS;46760205.470000000000000000000000000000;
2021;CHOLUTECA;NULL;NULL;NULL;FONDO HONDUREÑO DE INVERSION SOCIAL;PROGRAMA DE MEJORAMIENTO INTEGRAL DE LA INFRAESTRUCTURA Y FORMACION EDUCATIVA EN HONDURAS;34199401.650000000000000000000000000000;
2021;COLÓN;NULL;NULL;NULL;FONDO HONDUREÑO DE INVERSION SOCIAL;PROGRAMA DE MEJORAMIENTO INTEGRAL DE LA INFRAESTRUCTURA Y FORMACION EDUCATIVA EN HONDURAS;70459505.450000000000000000000000000000;
2021;COMAYAGUA;NULL;NULL;NULL;FONDO HONDUREÑO DE INVERSION SOCIAL;PROGRAMA DE MEJORAMIENTO INTEGRAL DE LA INFRAESTRUCTURA Y FORMACION EDUCATIVA EN HONDURAS;65050963.870000000000000000000000000000;
2021;COPÁN;NULL;NULL;NULL;FONDO HONDUREÑO DE INVERSION SOCIAL;PROGRAMA DE MEJORAMIENTO INTEGRAL DE LA INFRAESTRUCTURA Y FORMACION EDUCATIVA EN HONDURAS;39479126.450000000000000000000000000000;
2021;CORTÉS;NULL;NULL;NULL;FONDO HONDUREÑO DE INVERSION SOCIAL;PROGRAMA DE MEJORAMIENTO INTEGRAL DE LA INFRAESTRUCTURA Y FORMACION EDUCATIVA EN HONDURAS;93907786.690000000000000000000000000000;
2021;EL PARAISO;NULL;NULL;NULL;FONDO HONDUREÑO DE INVERSION SOCIAL;PROGRAMA DE MEJORAMIENTO INTEGRAL DE LA INFRAESTRUCTURA Y FORMACION EDUCATIVA EN HONDURAS;58469844.030000000000000000000000000000;
2021;FRANCISCO MORAZÁN;NULL;NULL;NULL;FONDO HONDUREÑO DE INVERSION SOCIAL;PROGRAMA DE MEJORAMIENTO INTEGRAL DE LA INFRAESTRUCTURA Y FORMACION EDUCATIVA EN HONDURAS;187591257.490000000000000000000000000000;
2021;GRACIAS A DIOS;NULL;NULL;NULL;FONDO HONDUREÑO DE INVERSION SOCIAL;PROGRAMA DE MEJORAMIENTO INTEGRAL DE LA INFRAESTRUCTURA Y FORMACION EDUCATIVA EN HONDURAS;11097217.200000000000000000000000000000;
2021;INTIBUCA;NULL;NULL;NULL;FONDO HONDUREÑO DE INVERSION SOCIAL;PROGRAMA DE MEJORAMIENTO INTEGRAL DE LA INFRAESTRUCTURA Y FORMACION EDUCATIVA EN HONDURAS;52378712.540000000000000000000000000000;
2021;ISLAS DE LA BAHÍA;NULL;NULL;NULL;FONDO HONDUREÑO DE INVERSION SOCIAL;PROGRAMA DE MEJORAMIENTO INTEGRAL DE LA INFRAESTRUCTURA Y FORMACION EDUCATIVA EN HONDURAS;22405719.610000000000000000000000000000;
2021;LA PAZ;NULL;NULL;NULL;FONDO HONDUREÑO DE INVERSION SOCIAL;PROGRAMA DE MEJORAMIENTO INTEGRAL DE LA INFRAESTRUCTURA Y FORMACION EDUCATIVA EN HONDURAS;13583555.590000000000000000000000000000;
2021;LEMPIRA;NULL;NULL;NULL;FONDO HONDUREÑO DE INVERSION SOCIAL;PROGRAMA DE MEJORAMIENTO INTEGRAL DE LA INFRAESTRUCTURA Y FORMACION EDUCATIVA EN HONDURAS;43805806.990000000000000000000000000000;
2021;OCOTEPEQUE;NULL;NULL;NULL;FONDO HONDUREÑO DE INVERSION SOCIAL;PROGRAMA DE MEJORAMIENTO INTEGRAL DE LA INFRAESTRUCTURA Y FORMACION EDUCATIVA EN HONDURAS;11465271.840000000000000000000000000000;
2021;OLANCHO;NULL;NULL;NULL;FONDO HONDUREÑO DE INVERSION SOCIAL;PROGRAMA DE MEJORAMIENTO INTEGRAL DE LA INFRAESTRUCTURA Y FORMACION EDUCATIVA EN HONDURAS;100742335.870000000000000000000000000000;
2021;SANTA BÁRBARA;NULL;NULL;NULL;FONDO HONDUREÑO DE INVERSION SOCIAL;PROGRAMA DE MEJORAMIENTO INTEGRAL DE LA INFRAESTRUCTURA Y FORMACION EDUCATIVA EN HONDURAS;37970398.760000000000000000000000000000;
2021;VALLE;NULL;NULL;NULL;FONDO HONDUREÑO DE INVERSION SOCIAL;PROGRAMA DE MEJORAMIENTO INTEGRAL DE LA INFRAESTRUCTURA Y FORMACION EDUCATIVA EN HONDURAS;51492617.380000000000000000000000000000;
2021;YORO;NULL;NULL;NULL;FONDO HONDUREÑO DE INVERSION SOCIAL;PROGRAMA DE MEJORAMIENTO INTEGRAL DE LA INFRAESTRUCTURA Y FORMACION EDUCATIVA EN HONDURAS;32827213.120000000000000000000000000000;
2021;COPÁN;NULL;NULL;NULL;FONDO HONDUREÑO DE INVERSION SOCIAL;PROYECTO CONVIVENCIA Y ESPACIOS SEGUROS PARA LOS JÓVENES EN HONDURAS;5663000.000000000000000000000000000000;
2021;FRANCISCO MORAZÁN;NULL;NULL;NULL;FONDO HONDUREÑO DE INVERSION SOCIAL;PROYECTO CONVIVENCIA Y ESPACIOS SEGUROS PARA LOS JÓVENES EN HONDURAS;4578004.000000000000000000000000000000;
2021;INTIBUCA;NULL;NULL;NULL;FONDO HONDUREÑO DE INVERSION SOCIAL;PROYECTO CONVIVENCIA Y ESPACIOS SEGUROS PARA LOS JÓVENES EN HONDURAS;11326000.000000000000000000000000000000;
2021;OLANCHO;NULL;NULL;NULL;FONDO HONDUREÑO DE INVERSION SOCIAL;PROYECTO CONVIVENCIA Y ESPACIOS SEGUROS PARA LOS JÓVENES EN HONDURAS;5663000.000000000000000000000000000000;
2021;ATLÁNTIDA;NULL;NULL;NULL;INSTITUTO NACIONAL DE CONSERVACION Y DESARROLLO FORESTAL ;FORTALECIMIENTO DEL SISTEMA NACIONAL DE AREAS PROTEGIDAS DE HONDURAS- SINAPH (LIFEWEB);21481730.000000000000000000000000000000;
2021;COLÓN;NULL;NULL;NULL;INSTITUTO NACIONAL DE CONSERVACION Y DESARROLLO FORESTAL ;FORTALECIMIENTO DEL SISTEMA NACIONAL DE AREAS PROTEGIDAS DE HONDURAS- SINAPH (LIFEWEB);3061326.000000000000000000000000000000;
2021;CORTÉS;NULL;NULL;NULL;INSTITUTO NACIONAL DE CONSERVACION Y DESARROLLO FORESTAL ;FORTALECIMIENTO DEL SISTEMA NACIONAL DE AREAS PROTEGIDAS DE HONDURAS- SINAPH (LIFEWEB);62795475.000000000000000000000000000000;
2021;ISLAS DE LA BAHÍA;NULL;NULL;NULL;INSTITUTO NACIONAL DE CONSERVACION Y DESARROLLO FORESTAL ;FORTALECIMIENTO DEL SISTEMA NACIONAL DE AREAS PROTEGIDAS DE HONDURAS- SINAPH (LIFEWEB);2693150.000000000000000000000000000000;
2021;YORO;NULL;NULL;NULL;INSTITUTO NACIONAL DE CONSERVACION Y DESARROLLO FORESTAL ;FORTALECIMIENTO DEL SISTEMA NACIONAL DE AREAS PROTEGIDAS DE HONDURAS- SINAPH (LIFEWEB);9063213.000000000000000000000000000000;
2021;CHOLUTECA;NULL;NULL;NULL;INVERSION ESTRATEGICA DE HONDURAS (INVEST-HONDURAS);ALIANZA PARA EL CORREDOR SECO (USAID-GAFSP);60901071.420000000000000000000000000000;
2021;EL PARAISO;NULL;NULL;NULL;INVERSION ESTRATEGICA DE HONDURAS (INVEST-HONDURAS);ALIANZA PARA EL CORREDOR SECO (USAID-GAFSP);28078347.980000000000000000000000000000;
2021;FRANCISCO MORAZÁN;NULL;NULL;NULL;INVERSION ESTRATEGICA DE HONDURAS (INVEST-HONDURAS);ALIANZA PARA EL CORREDOR SECO (USAID-GAFSP);58975938.600000000000000000000000000000;
2021;FRANCISCO MORAZÁN;NULL;NULL;NULL;INVERSION ESTRATEGICA DE HONDURAS (INVEST-HONDURAS);AMPLIACIÓN Y MEJORAMIENTO DE CARRETERA CA-5 NORTE SEGMENTOS I Y II (SECCIÓN 2A), TRAMO LAS MERCEDES-EMPALME VILLA DE SAN ANTONIO;2500000.000000000000000000000000000000;
2021;CHOLUTECA;NULL;NULL;NULL;INVERSION ESTRATEGICA DE HONDURAS (INVEST-HONDURAS);CENTROS DE ATENCIÓN INTEGRAL PARA MEJORAR LAS CONDICIONES DE VIDA DE LAS MUJERES HONDUREÑAS (CIUDAD MUJER) ;34770405.000000000000000000000000000000;
2021;CHOLUTECA;NULL;NULL;NULL;INVERSION ESTRATEGICA DE HONDURAS (INVEST-HONDURAS);CORREDOR PACÍFICO-PROGRAMA DE INTEGRACIÓN VIAL REGIONAL;36600386.440678000000000000000000000000;
2021;FRANCISCO MORAZÁN;NULL;NULL;NULL;INVERSION ESTRATEGICA DE HONDURAS (INVEST-HONDURAS);CORREDOR PACÍFICO-PROGRAMA DE INTEGRACIÓN VIAL REGIONAL;8103421.000000000000000000000000000000;
2021;VALLE;NULL;NULL;NULL;INVERSION ESTRATEGICA DE HONDURAS (INVEST-HONDURAS);CORREDOR PACÍFICO-PROGRAMA DE INTEGRACIÓN VIAL REGIONAL;26924355.559322000000000000000000000000;
2021;FRANCISCO MORAZÁN;NULL;NULL;NULL;INVERSION ESTRATEGICA DE HONDURAS (INVEST-HONDURAS);FORTALECIMIENTO INTEGRAL DE LA RED DE ATENCIÓN DE TRAUMAS Y URGENCIAS  DE TEGUCIGALPA;21399145.000000000000000000000000000000;
2021;ATLÁNTIDA;NULL;NULL;NULL;INVERSION ESTRATEGICA DE HONDURAS (INVEST-HONDURAS);INTEGRANDO LA INNOVACIÓN PARA LA COMPETITIVIDAD RURAL (COMRURAL II);61261903.930000000000000000000000000000;
2021;CHOLUTECA;NULL;NULL;NULL;INVERSION ESTRATEGICA DE HONDURAS (INVEST-HONDURAS);INTEGRANDO LA INNOVACIÓN PARA LA COMPETITIVIDAD RURAL (COMRURAL II);48087911.320000000000000000000000000000;
2021;COMAYAGUA;NULL;NULL;NULL;INVERSION ESTRATEGICA DE HONDURAS (INVEST-HONDURAS);INTEGRANDO LA INNOVACIÓN PARA LA COMPETITIVIDAD RURAL (COMRURAL II);57131866.980000000000000000000000000000;
2021;COPÁN;NULL;NULL;NULL;INVERSION ESTRATEGICA DE HONDURAS (INVEST-HONDURAS);INTEGRANDO LA INNOVACIÓN PARA LA COMPETITIVIDAD RURAL (COMRURAL II);43479852.200000000000000000000000000000;
2021;EL PARAISO;NULL;NULL;NULL;INVERSION ESTRATEGICA DE HONDURAS (INVEST-HONDURAS);INTEGRANDO LA INNOVACIÓN PARA LA COMPETITIVIDAD RURAL (COMRURAL II);67609889.150000000000000000000000000000;
2021;FRANCISCO MORAZÁN;NULL;NULL;NULL;INVERSION ESTRATEGICA DE HONDURAS (INVEST-HONDURAS);INTEGRANDO LA INNOVACIÓN PARA LA COMPETITIVIDAD RURAL (COMRURAL II);119827837.420000000000000000000000000000;
2021;OCOTEPEQUE;NULL;NULL;NULL;INVERSION ESTRATEGICA DE HONDURAS (INVEST-HONDURAS);INTEGRANDO LA INNOVACIÓN PARA LA COMPETITIVIDAD RURAL (COMRURAL II);20000000.000000000000000000000000000000;
2021;FRANCISCO MORAZÁN;NULL;NULL;NULL;INVERSION ESTRATEGICA DE HONDURAS (INVEST-HONDURAS);LIBRAMIENTO ANILLO PERIFÉRICO CA-5 SUR;252085623.000000000000000000000000000000;
2021;CORTÉS;NULL;NULL;NULL;INVERSION ESTRATEGICA DE HONDURAS (INVEST-HONDURAS);PROGRAMA DE INTEGRACIÓN VIAL REGIONAL II;0.000000000000000000000000000000;
2021;FRANCISCO MORAZÁN;NULL;NULL;NULL;INVERSION ESTRATEGICA DE HONDURAS (INVEST-HONDURAS);PROGRAMA DE INTEGRACIÓN VIAL REGIONAL II;42293952.000000000000000000000000000000;
2021;COMAYAGUA;NULL;NULL;NULL;INVERSION ESTRATEGICA DE HONDURAS (INVEST-HONDURAS);PROYECTO CARRETERA VILLA DE SAN ANTONIO GOASCORAN, SECCION I ;141553516.661549000000000000000000000000;
2021;OCOTEPEQUE;NULL;NULL;NULL;INVERSION ESTRATEGICA DE HONDURAS (INVEST-HONDURAS);PROYECTO CARRETERA VILLA DE SAN ANTONIO GOASCORAN, SECCION I ;147733206.338451000000000000000000000000;
2021;FRANCISCO MORAZÁN;NULL;NULL;NULL;INVERSION ESTRATEGICA DE HONDURAS (INVEST-HONDURAS);PROYECTO DE RESPUESTA A EMERGENCIAS HONDURAS COVID-19;72715019.000000000000000000000000000000;
2021;COPÁN;NULL;NULL;NULL;INVERSION ESTRATEGICA DE HONDURAS (INVEST-HONDURAS);PROYECTO INTEGRAL DE DESARROLLO RURAL Y PRODUCTIVIDAD;73256265.308259000000000000000000000000;
2021;FRANCISCO MORAZÁN;NULL;NULL;NULL;INVERSION ESTRATEGICA DE HONDURAS (INVEST-HONDURAS);PROYECTO INTEGRAL DE DESARROLLO RURAL Y PRODUCTIVIDAD;42828366.000000000000000000000000000000;
2021;OCOTEPEQUE;NULL;NULL;NULL;INVERSION ESTRATEGICA DE HONDURAS (INVEST-HONDURAS);PROYECTO INTEGRAL DE DESARROLLO RURAL Y PRODUCTIVIDAD;37033183.094222600000000000000000000000;
2021;SANTA BÁRBARA;NULL;NULL;NULL;INVERSION ESTRATEGICA DE HONDURAS (INVEST-HONDURAS);PROYECTO INTEGRAL DE DESARROLLO RURAL Y PRODUCTIVIDAD;38942706.597518400000000000000000000000;
2021;EL PARAISO;NULL;NULL;NULL;INVERSION ESTRATEGICA DE HONDURAS (INVEST-HONDURAS);REHABILITACIÓN Y MEJORAMIENTO DEL CORREDOR DE ORIENTE, CARRETERA TEGUCIGALPA-DANLÍ, FASE I: TRAMO NETEAPA-DANLÍ;459085484.000000000000000000000000000000;
2021;FRANCISCO MORAZÁN;NULL;NULL;NULL;SERVICIO DE ADMINISTRACION DE RENTAS ;FORTALECIMIENTO INSTITUCIONAL Y OPERATIVO DE LA ADMINISTRACIÓN TRIBUTARIA;290997105.000000000000000000000000000000;
2021;ATLÁNTIDA;NULL;NULL;NULL;SECRETARIA DE EDUCACION;MEJORAMIENTO DE LA CALIDAD EN LA EDUCACIÓN PREBÁSICA EN HONDURAS;4054691.844407800000000000000000000000;
2021;CHOLUTECA;NULL;NULL;NULL;SECRETARIA DE EDUCACION;MEJORAMIENTO DE LA CALIDAD EN LA EDUCACIÓN PREBÁSICA EN HONDURAS;2198431.795981540000000000000000000000;
2021;COLÓN;NULL;NULL;NULL;SECRETARIA DE EDUCACION;MEJORAMIENTO DE LA CALIDAD EN LA EDUCACIÓN PREBÁSICA EN HONDURAS;1587014.079109680000000000000000000000;
2021;COMAYAGUA;NULL;NULL;NULL;SECRETARIA DE EDUCACION;MEJORAMIENTO DE LA CALIDAD EN LA EDUCACIÓN PREBÁSICA EN HONDURAS;2564570.401817850000000000000000000000;
2021;COPÁN;NULL;NULL;NULL;SECRETARIA DE EDUCACION;MEJORAMIENTO DE LA CALIDAD EN LA EDUCACIÓN PREBÁSICA EN HONDURAS;3137715.037253020000000000000000000000;
2021;CORTÉS;NULL;NULL;NULL;SECRETARIA DE EDUCACION;MEJORAMIENTO DE LA CALIDAD EN LA EDUCACIÓN PREBÁSICA EN HONDURAS;13937393.447963400000000000000000000000;
2021;EL PARAISO;NULL;NULL;NULL;SECRETARIA DE EDUCACION;MEJORAMIENTO DE LA CALIDAD EN LA EDUCACIÓN PREBÁSICA EN HONDURAS;48094763.496945100000000000000000000000;
2021;FRANCISCO MORAZÁN;NULL;NULL;NULL;SECRETARIA DE EDUCACION;MEJORAMIENTO DE LA CALIDAD EN LA EDUCACIÓN PREBÁSICA EN HONDURAS;102904734.695888000000000000000000000000;
2021;GRACIAS A DIOS;NULL;NULL;NULL;SECRETARIA DE EDUCACION;MEJORAMIENTO DE LA CALIDAD EN LA EDUCACIÓN PREBÁSICA EN HONDURAS;45421968.174029800000000000000000000000;
2021;INTIBUCA;NULL;NULL;NULL;SECRETARIA DE EDUCACION;MEJORAMIENTO DE LA CALIDAD EN LA EDUCACIÓN PREBÁSICA EN HONDURAS;1210337.135092230000000000000000000000;
2021;ISLAS DE LA BAHÍA;NULL;NULL;NULL;SECRETARIA DE EDUCACION;MEJORAMIENTO DE LA CALIDAD EN LA EDUCACIÓN PREBÁSICA EN HONDURAS;337529.810854875000000000000000000000;
2021;LA PAZ;NULL;NULL;NULL;SECRETARIA DE EDUCACION;MEJORAMIENTO DE LA CALIDAD EN LA EDUCACIÓN PREBÁSICA EN HONDURAS;2579503.721794070000000000000000000000;
2021;LEMPIRA;NULL;NULL;NULL;SECRETARIA DE EDUCACION;MEJORAMIENTO DE LA CALIDAD EN LA EDUCACIÓN PREBÁSICA EN HONDURAS;2470829.926954560000000000000000000000;
2021;OCOTEPEQUE;NULL;NULL;NULL;SECRETARIA DE EDUCACION;MEJORAMIENTO DE LA CALIDAD EN LA EDUCACIÓN PREBÁSICA EN HONDURAS;756601.552002676000000000000000000000;
2021;OLANCHO;NULL;NULL;NULL;SECRETARIA DE EDUCACION;MEJORAMIENTO DE LA CALIDAD EN LA EDUCACIÓN PREBÁSICA EN HONDURAS;63576136.620684600000000000000000000000;
2021;SANTA BÁRBARA;NULL;NULL;NULL;SECRETARIA DE EDUCACION;MEJORAMIENTO DE LA CALIDAD EN LA EDUCACIÓN PREBÁSICA EN HONDURAS;2158281.011563620000000000000000000000;
2021;VALLE;NULL;NULL;NULL;SECRETARIA DE EDUCACION;MEJORAMIENTO DE LA CALIDAD EN LA EDUCACIÓN PREBÁSICA EN HONDURAS;876902.410727334000000000000000000000;
2021;YORO;NULL;NULL;NULL;SECRETARIA DE EDUCACION;MEJORAMIENTO DE LA CALIDAD EN LA EDUCACIÓN PREBÁSICA EN HONDURAS;4310475.833433610000000000000000000000;
2021;CHOLUTECA;NULL;NULL;NULL;SECRETARIA DE EDUCACION;PROGRAMA DE MEJORA DE LA INFRAESTRUCTURA ESCOLAR (PROMINE/KFW, FASE II);160000.000000000000000000000000000000;
2021;COMAYAGUA;NULL;NULL;NULL;SECRETARIA DE EDUCACION;PROGRAMA DE MEJORA DE LA INFRAESTRUCTURA ESCOLAR (PROMINE/KFW, FASE II);160000.000000000000000000000000000000;
2021;COPÁN;NULL;NULL;NULL;SECRETARIA DE EDUCACION;PROGRAMA DE MEJORA DE LA INFRAESTRUCTURA ESCOLAR (PROMINE/KFW, FASE II);380000.000000000000000000000000000000;
2021;FRANCISCO MORAZÁN;NULL;NULL;NULL;SECRETARIA DE EDUCACION;PROGRAMA DE MEJORA DE LA INFRAESTRUCTURA ESCOLAR (PROMINE/KFW, FASE II);3867578.000000000000000000000000000000;
2021;GRACIAS A DIOS;NULL;NULL;NULL;SECRETARIA DE EDUCACION;PROGRAMA DE MEJORA DE LA INFRAESTRUCTURA ESCOLAR (PROMINE/KFW, FASE II);2389471.000000000000000000000000000000;
2021;INTIBUCA;NULL;NULL;NULL;SECRETARIA DE EDUCACION;PROGRAMA DE MEJORA DE LA INFRAESTRUCTURA ESCOLAR (PROMINE/KFW, FASE II);360000.000000000000000000000000000000;
2021;LA PAZ;NULL;NULL;NULL;SECRETARIA DE EDUCACION;PROGRAMA DE MEJORA DE LA INFRAESTRUCTURA ESCOLAR (PROMINE/KFW, FASE II);680000.000000000000000000000000000000;
2021;LEMPIRA;NULL;NULL;NULL;SECRETARIA DE EDUCACION;PROGRAMA DE MEJORA DE LA INFRAESTRUCTURA ESCOLAR (PROMINE/KFW, FASE II);380000.000000000000000000000000000000;
2021;OCOTEPEQUE;NULL;NULL;NULL;SECRETARIA DE EDUCACION;PROGRAMA DE MEJORA DE LA INFRAESTRUCTURA ESCOLAR (PROMINE/KFW, FASE II);760000.000000000000000000000000000000;
2021;SANTA BÁRBARA;NULL;NULL;NULL;SECRETARIA DE EDUCACION;PROGRAMA DE MEJORA DE LA INFRAESTRUCTURA ESCOLAR (PROMINE/KFW, FASE II);190000.000000000000000000000000000000;
2021;VALLE;NULL;NULL;NULL;SECRETARIA DE EDUCACION;PROGRAMA DE MEJORA DE LA INFRAESTRUCTURA ESCOLAR (PROMINE/KFW, FASE II);160000.000000000000000000000000000000;
2021;CHOLUTECA;NULL;NULL;NULL;SECTETARIA DE SALUD;APOYO AL SISTEMA INTEGRAL DE PROTECCIÓN SOCIAL 5008/BL-HO;2568203.272727270000000000000000000000;
2021;COPÁN;NULL;NULL;NULL;SECTETARIA DE SALUD;APOYO AL SISTEMA INTEGRAL DE PROTECCIÓN SOCIAL 5008/BL-HO;5136406.545454550000000000000000000000;
2021;INTIBUCA;NULL;NULL;NULL;SECTETARIA DE SALUD;APOYO AL SISTEMA INTEGRAL DE PROTECCIÓN SOCIAL 5008/BL-HO;15409219.636363600000000000000000000000;
2021;LA PAZ;NULL;NULL;NULL;SECTETARIA DE SALUD;APOYO AL SISTEMA INTEGRAL DE PROTECCIÓN SOCIAL 5008/BL-HO;2568203.272727270000000000000000000000;
2021;LEMPIRA;NULL;NULL;NULL;SECTETARIA DE SALUD;APOYO AL SISTEMA INTEGRAL DE PROTECCIÓN SOCIAL 5008/BL-HO;14125118.000000000000000000000000000000;
2021;OCOTEPEQUE;NULL;NULL;NULL;SECTETARIA DE SALUD;APOYO AL SISTEMA INTEGRAL DE PROTECCIÓN SOCIAL 5008/BL-HO;1284101.636363640000000000000000000000;
2021;OLANCHO;NULL;NULL;NULL;SECTETARIA DE SALUD;APOYO AL SISTEMA INTEGRAL DE PROTECCIÓN SOCIAL 5008/BL-HO;1284101.636363640000000000000000000000;
2021;ATLÁNTIDA;NULL;NULL;NULL;SECTETARIA DE SALUD;HONDURAS INICIATIVA REGIONAL DE ELIMINACIÓN DE LA MALARIA (IREM EN MESOAMÉRICA Y REPÚBLICA DOMINICANA (HO-G1250;1638610.153846150000000000000000000000;
2021;CHOLUTECA;NULL;NULL;NULL;SECTETARIA DE SALUD;HONDURAS INICIATIVA REGIONAL DE ELIMINACIÓN DE LA MALARIA (IREM EN MESOAMÉRICA Y REPÚBLICA DOMINICANA (HO-G1250;546203.384615385000000000000000000000;
2021;COLÓN;NULL;NULL;NULL;SECTETARIA DE SALUD;HONDURAS INICIATIVA REGIONAL DE ELIMINACIÓN DE LA MALARIA (IREM EN MESOAMÉRICA Y REPÚBLICA DOMINICANA (HO-G1250;5462033.846153850000000000000000000000;
2021;COMAYAGUA;NULL;NULL;NULL;SECTETARIA DE SALUD;HONDURAS INICIATIVA REGIONAL DE ELIMINACIÓN DE LA MALARIA (IREM EN MESOAMÉRICA Y REPÚBLICA DOMINICANA (HO-G1250;546203.384615385000000000000000000000;
2021;CORTÉS;NULL;NULL;NULL;SECTETARIA DE SALUD;HONDURAS INICIATIVA REGIONAL DE ELIMINACIÓN DE LA MALARIA (IREM EN MESOAMÉRICA Y REPÚBLICA DOMINICANA (HO-G1250;1092406.769230770000000000000000000000;
2021;EL PARAISO;NULL;NULL;NULL;SECTETARIA DE SALUD;HONDURAS INICIATIVA REGIONAL DE ELIMINACIÓN DE LA MALARIA (IREM EN MESOAMÉRICA Y REPÚBLICA DOMINICANA (HO-G1250;1092406.769230770000000000000000000000;
2021;GRACIAS A DIOS;NULL;NULL;NULL;SECTETARIA DE SALUD;HONDURAS INICIATIVA REGIONAL DE ELIMINACIÓN DE LA MALARIA (IREM EN MESOAMÉRICA Y REPÚBLICA DOMINICANA (HO-G1250;3277220.307692310000000000000000000000;
2021;ISLAS DE LA BAHÍA;NULL;NULL;NULL;SECTETARIA DE SALUD;HONDURAS INICIATIVA REGIONAL DE ELIMINACIÓN DE LA MALARIA (IREM EN MESOAMÉRICA Y REPÚBLICA DOMINICANA (HO-G1250;1638610.153846150000000000000000000000;
2021;OLANCHO;NULL;NULL;NULL;SECTETARIA DE SALUD;HONDURAS INICIATIVA REGIONAL DE ELIMINACIÓN DE LA MALARIA (IREM EN MESOAMÉRICA Y REPÚBLICA DOMINICANA (HO-G1250;3277220.307692310000000000000000000000;
2021;VALLE;NULL;NULL;NULL;SECTETARIA DE SALUD;HONDURAS INICIATIVA REGIONAL DE ELIMINACIÓN DE LA MALARIA (IREM EN MESOAMÉRICA Y REPÚBLICA DOMINICANA (HO-G1250;1092406.769230770000000000000000000000;
2021;YORO;NULL;NULL;NULL;SECTETARIA DE SALUD;HONDURAS INICIATIVA REGIONAL DE ELIMINACIÓN DE LA MALARIA (IREM EN MESOAMÉRICA Y REPÚBLICA DOMINICANA (HO-G1250;1638610.153846150000000000000000000000;
2021;CHOLUTECA;NULL;NULL;NULL;SECTETARIA DE SALUD;PROGRAMA DE APOYO A LA RED DE INCLUSIÓN SOCIAL CON PRIORIDAD EN OCCIDENTE;2825656.787878790000000000000000000000;
2021;COPÁN;NULL;NULL;NULL;SECTETARIA DE SALUD;PROGRAMA DE APOYO A LA RED DE INCLUSIÓN SOCIAL CON PRIORIDAD EN OCCIDENTE;5651313.575757580000000000000000000000;
2021;INTIBUCA;NULL;NULL;NULL;SECTETARIA DE SALUD;PROGRAMA DE APOYO A LA RED DE INCLUSIÓN SOCIAL CON PRIORIDAD EN OCCIDENTE;16953940.727272700000000000000000000000;
2021;LA PAZ;NULL;NULL;NULL;SECTETARIA DE SALUD;PROGRAMA DE APOYO A LA RED DE INCLUSIÓN SOCIAL CON PRIORIDAD EN OCCIDENTE;2825656.787878790000000000000000000000;
2021;LEMPIRA;NULL;NULL;NULL;SECTETARIA DE SALUD;PROGRAMA DE APOYO A LA RED DE INCLUSIÓN SOCIAL CON PRIORIDAD EN OCCIDENTE;15541112.333333300000000000000000000000;
2021;OCOTEPEQUE;NULL;NULL;NULL;SECTETARIA DE SALUD;PROGRAMA DE APOYO A LA RED DE INCLUSIÓN SOCIAL CON PRIORIDAD EN OCCIDENTE;1412828.393939390000000000000000000000;
2021;OLANCHO;NULL;NULL;NULL;SECTETARIA DE SALUD;PROGRAMA DE APOYO A LA RED DE INCLUSIÓN SOCIAL CON PRIORIDAD EN OCCIDENTE;1412828.393939390000000000000000000000;
2021;CHOLUTECA;NULL;NULL;NULL;SECTETARIA DE SALUD;PROYECTO DE MEJORA DE LA GESTION Y CALIDAD DE LOS SERVICIOS DE SALUD MATERNO-NEONATAL;16899042.066212100000000000000000000000;
2021;COPÁN;NULL;NULL;NULL;SECTETARIA DE SALUD;PROYECTO DE MEJORA DE LA GESTION Y CALIDAD DE LOS SERVICIOS DE SALUD MATERNO-NEONATAL;33816102.930000000000000000000000000000;
2021;CORTÉS;NULL;NULL;NULL;SECTETARIA DE SALUD;PROYECTO DE MEJORA DE LA GESTION Y CALIDAD DE LOS SERVICIOS DE SALUD MATERNO-NEONATAL;27503200.000000000000000000000000000000;
2021;FRANCISCO MORAZÁN;NULL;NULL;NULL;SECTETARIA DE SALUD;PROYECTO DE MEJORA DE LA GESTION Y CALIDAD DE LOS SERVICIOS DE SALUD MATERNO-NEONATAL;159608338.000000000000000000000000000000;
2021;INTIBUCA;NULL;NULL;NULL;SECTETARIA DE SALUD;PROYECTO DE MEJORA DE LA GESTION Y CALIDAD DE LOS SERVICIOS DE SALUD MATERNO-NEONATAL;28127490.000000000000000000000000000000;
2021;LA PAZ;NULL;NULL;NULL;SECTETARIA DE SALUD;PROYECTO DE MEJORA DE LA GESTION Y CALIDAD DE LOS SERVICIOS DE SALUD MATERNO-NEONATAL;6782577.000000000000000000000000000000;
2021;LEMPIRA;NULL;NULL;NULL;SECTETARIA DE SALUD;PROYECTO DE MEJORA DE LA GESTION Y CALIDAD DE LOS SERVICIOS DE SALUD MATERNO-NEONATAL;12408209.000000000000000000000000000000;
2021;OCOTEPEQUE;NULL;NULL;NULL;SECTETARIA DE SALUD;PROYECTO DE MEJORA DE LA GESTION Y CALIDAD DE LOS SERVICIOS DE SALUD MATERNO-NEONATAL;5163459.000000000000000000000000000000;
2021;OLANCHO;NULL;NULL;NULL;SECTETARIA DE SALUD;PROYECTO DE MEJORA DE LA GESTION Y CALIDAD DE LOS SERVICIOS DE SALUD MATERNO-NEONATAL;20265200.000000000000000000000000000000;
2021;SANTA BÁRBARA;NULL;NULL;NULL;SECTETARIA DE SALUD;PROYECTO DE MEJORA DE LA GESTION Y CALIDAD DE LOS SERVICIOS DE SALUD MATERNO-NEONATAL;15499007.000000000000000000000000000000;
2021;ATLÁNTIDA;NULL;NULL;NULL;SECTETARIA DE SALUD;RESPUESTA INMEDIATA DE SALUD PARA CONTENER Y CONTROLAR EL CORONAVIRUS (COVID-19) Y MITIGAR SU EFECTO EN LA PRESTACIÓN DEL SERVICIO, EN HONDURAS;1164952.500000000000000000000000000000;
2021;CHOLUTECA;NULL;NULL;NULL;SECTETARIA DE SALUD;RESPUESTA INMEDIATA DE SALUD PARA CONTENER Y CONTROLAR EL CORONAVIRUS (COVID-19) Y MITIGAR SU EFECTO EN LA PRESTACIÓN DEL SERVICIO, EN HONDURAS;1164952.500000000000000000000000000000;
2021;COLÓN;NULL;NULL;NULL;SECTETARIA DE SALUD;RESPUESTA INMEDIATA DE SALUD PARA CONTENER Y CONTROLAR EL CORONAVIRUS (COVID-19) Y MITIGAR SU EFECTO EN LA PRESTACIÓN DEL SERVICIO, EN HONDURAS;1164952.500000000000000000000000000000;
2021;COMAYAGUA;NULL;NULL;NULL;SECTETARIA DE SALUD;RESPUESTA INMEDIATA DE SALUD PARA CONTENER Y CONTROLAR EL CORONAVIRUS (COVID-19) Y MITIGAR SU EFECTO EN LA PRESTACIÓN DEL SERVICIO, EN HONDURAS;1164952.500000000000000000000000000000;
2021;COPÁN;NULL;NULL;NULL;SECTETARIA DE SALUD;RESPUESTA INMEDIATA DE SALUD PARA CONTENER Y CONTROLAR EL CORONAVIRUS (COVID-19) Y MITIGAR SU EFECTO EN LA PRESTACIÓN DEL SERVICIO, EN HONDURAS;1164952.500000000000000000000000000000;
2021;CORTÉS;NULL;NULL;NULL;SECTETARIA DE SALUD;RESPUESTA INMEDIATA DE SALUD PARA CONTENER Y CONTROLAR EL CORONAVIRUS (COVID-19) Y MITIGAR SU EFECTO EN LA PRESTACIÓN DEL SERVICIO, EN HONDURAS;2329905.000000000000000000000000000000;
2021;EL PARAISO;NULL;NULL;NULL;SECTETARIA DE SALUD;RESPUESTA INMEDIATA DE SALUD PARA CONTENER Y CONTROLAR EL CORONAVIRUS (COVID-19) Y MITIGAR SU EFECTO EN LA PRESTACIÓN DEL SERVICIO, EN HONDURAS;1164952.500000000000000000000000000000;
2021;FRANCISCO MORAZÁN;NULL;NULL;NULL;SECTETARIA DE SALUD;RESPUESTA INMEDIATA DE SALUD PARA CONTENER Y CONTROLAR EL CORONAVIRUS (COVID-19) Y MITIGAR SU EFECTO EN LA PRESTACIÓN DEL SERVICIO, EN HONDURAS;2329905.000000000000000000000000000000;
2021;GRACIAS A DIOS;NULL;NULL;NULL;SECTETARIA DE SALUD;RESPUESTA INMEDIATA DE SALUD PARA CONTENER Y CONTROLAR EL CORONAVIRUS (COVID-19) Y MITIGAR SU EFECTO EN LA PRESTACIÓN DEL SERVICIO, EN HONDURAS;1164952.500000000000000000000000000000;
2021;INTIBUCA;NULL;NULL;NULL;SECTETARIA DE SALUD;RESPUESTA INMEDIATA DE SALUD PARA CONTENER Y CONTROLAR EL CORONAVIRUS (COVID-19) Y MITIGAR SU EFECTO EN LA PRESTACIÓN DEL SERVICIO, EN HONDURAS;1164952.500000000000000000000000000000;
2021;ISLAS DE LA BAHÍA;NULL;NULL;NULL;SECTETARIA DE SALUD;RESPUESTA INMEDIATA DE SALUD PARA CONTENER Y CONTROLAR EL CORONAVIRUS (COVID-19) Y MITIGAR SU EFECTO EN LA PRESTACIÓN DEL SERVICIO, EN HONDURAS;1164952.500000000000000000000000000000;
2021;LA PAZ;NULL;NULL;NULL;SECTETARIA DE SALUD;RESPUESTA INMEDIATA DE SALUD PARA CONTENER Y CONTROLAR EL CORONAVIRUS (COVID-19) Y MITIGAR SU EFECTO EN LA PRESTACIÓN DEL SERVICIO, EN HONDURAS;1164952.500000000000000000000000000000;
2021;LEMPIRA;NULL;NULL;NULL;SECTETARIA DE SALUD;RESPUESTA INMEDIATA DE SALUD PARA CONTENER Y CONTROLAR EL CORONAVIRUS (COVID-19) Y MITIGAR SU EFECTO EN LA PRESTACIÓN DEL SERVICIO, EN HONDURAS;1164952.500000000000000000000000000000;
2021;OCOTEPEQUE;NULL;NULL;NULL;SECTETARIA DE SALUD;RESPUESTA INMEDIATA DE SALUD PARA CONTENER Y CONTROLAR EL CORONAVIRUS (COVID-19) Y MITIGAR SU EFECTO EN LA PRESTACIÓN DEL SERVICIO, EN HONDURAS;1164952.500000000000000000000000000000;
2021;OLANCHO;NULL;NULL;NULL;SECTETARIA DE SALUD;RESPUESTA INMEDIATA DE SALUD PARA CONTENER Y CONTROLAR EL CORONAVIRUS (COVID-19) Y MITIGAR SU EFECTO EN LA PRESTACIÓN DEL SERVICIO, EN HONDURAS;1164952.500000000000000000000000000000;
2021;SANTA BÁRBARA;NULL;NULL;NULL;SECTETARIA DE SALUD;RESPUESTA INMEDIATA DE SALUD PARA CONTENER Y CONTROLAR EL CORONAVIRUS (COVID-19) Y MITIGAR SU EFECTO EN LA PRESTACIÓN DEL SERVICIO, EN HONDURAS;1164952.500000000000000000000000000000;
2021;VALLE;NULL;NULL;NULL;SECTETARIA DE SALUD;RESPUESTA INMEDIATA DE SALUD PARA CONTENER Y CONTROLAR EL CORONAVIRUS (COVID-19) Y MITIGAR SU EFECTO EN LA PRESTACIÓN DEL SERVICIO, EN HONDURAS;1164952.500000000000000000000000000000;
2021;YORO;NULL;NULL;NULL;SECTETARIA DE SALUD;RESPUESTA INMEDIATA DE SALUD PARA CONTENER Y CONTROLAR EL CORONAVIRUS (COVID-19) Y MITIGAR SU EFECTO EN LA PRESTACIÓN DEL SERVICIO, EN HONDURAS;1164952.500000000000000000000000000000;
2021;ATLÁNTIDA;NULL;NULL;NULL;SECRETARIA DE SEGURIDAD;PROGRAMA DE CONVIVENCIA CIUDADANA Y MEJORAMIENTO DE BARRIOS;88678872.706708000000000000000000000000;
2021;CORTÉS;NULL;NULL;NULL;SECRETARIA DE SEGURIDAD;PROGRAMA DE CONVIVENCIA CIUDADANA Y MEJORAMIENTO DE BARRIOS;115850112.036308000000000000000000000000;
2021;FRANCISCO MORAZÁN;NULL;NULL;NULL;SECRETARIA DE SEGURIDAD;PROGRAMA DE CONVIVENCIA CIUDADANA Y MEJORAMIENTO DE BARRIOS;71651555.950000000000000000000000000000;
2021;LA PAZ;NULL;NULL;NULL;SECRETARIA DE SEGURIDAD;PROGRAMA DE CONVIVENCIA CIUDADANA Y MEJORAMIENTO DE BARRIOS;2300000.000000000000000000000000000000;
2021;SANTA BÁRBARA;NULL;NULL;NULL;SECRETARIA DE SEGURIDAD;PROGRAMA DE CONVIVENCIA CIUDADANA Y MEJORAMIENTO DE BARRIOS;69153452.036308000000000000000000000000;
2021;YORO;NULL;NULL;NULL;SECRETARIA DE SEGURIDAD;PROGRAMA DE CONVIVENCIA CIUDADANA Y MEJORAMIENTO DE BARRIOS;64513935.266708000000000000000000000000;
2021;FRANCISCO MORAZÁN;NULL;NULL;NULL;SECRETARIA DE FINANZAS;MODERNIZACIÓN INTEGRAL DE LA GESTIÓN DE LAS FINANZAS PÚBLICAS;162000000.000000000000000000000000000000;
2021;COMAYAGUA;NULL;NULL;NULL;SECRETARIA DE INFRAESTRUCTURA  Y SERVICIOS PUBLICOS ;CONSTRUCCION A CUATRO (4) CARRILES DEL BULEVAR DE COMAYAGUA, ETAPA II: ESTACION 2+500 HACIA DESVIO DE AJUTERIQUE, CON UNA LONGITUD APROXIMADA DE 1 KM, LOCALIZADO EN LA CIUDAD DE COMAYAGUA, DEPARTAMENTO DE COMAYAGUA.;37577959.000000000000000000000000000000;
2021;SANTA BÁRBARA;NULL;NULL;NULL;SECRETARIA DE INFRAESTRUCTURA  Y SERVICIOS PUBLICOS ;CONSTRUCCIÓN DE GIMNASIO POLIDEPORTIVO EN EL INSTITUTO SUPERACIÓN, II ETAPA, UBICADO EN EL MUNICIPIO DE QUIMISTAN, DEPARTAMENTO DE SANTA BÁRBARA.;22000000.000000000000000000000000000000;
2021;FRANCISCO MORAZÁN;NULL;NULL;NULL;SECRETARIA DE INFRAESTRUCTURA  Y SERVICIOS PUBLICOS ;CONSTRUCCIÓN DEL EDIFICIO ANEXO DEL TRIBUNAL SUPERIOR DE CUENTA, UBICADO EN LA CIUDAD DE COMAYAGÜELA, MUNICIPIO DEL DISTRITO CENTRAL, DEPARTAMENTO DE FRANCISCO MORAZÁN;25000000.000000000000000000000000000000;
2021;FRANCISCO MORAZÁN;NULL;NULL;NULL;SECRETARIA DE INFRAESTRUCTURA  Y SERVICIOS PUBLICOS ;CONSTRUCCIÓN DEL PUENTE LOS NIÑOS, CON UNA LONGITUD APROXIMADA DE 260 METROS LINEALES;77401192.000000000000000000000000000000;
2021;LEMPIRA;NULL;NULL;NULL;SECRETARIA DE INFRAESTRUCTURA  Y SERVICIOS PUBLICOS ;CONSTRUCCIÓN Y PAVIMENTACIÓN CON CONCRETO HIDRÁULICO DEL TRAMO CARRETERO VALLADOLID LA VIRTUD ¿ MAPULACA, CON UNA LONGITUD APROXIMADA DE 30 KM, LOCALIZADO EN EL DEPARTAMENTO DE LEMPIRA.;100300000.000000000000000000000000000000;
2021;INTIBUCA;NULL;NULL;NULL;SECRETARIA DE INFRAESTRUCTURA  Y SERVICIOS PUBLICOS ;CONSTRUCCION Y PAVIMENTACION CON CONCRETO HIDRAULICO, DE BULEVAR A CUATRO (4) CARRILES CON UNA LONGITUD APROXIMADA DE 544 Mts. Y CALLE DE ACCESO CON UNA LONGITUD APROXIMADA DE 429 Mts.  LOCALIZADO EN LA CIUDAD DE JESUS  DE OTORO, DEPARTAMENTO DE INTIBUCA.;21033049.000000000000000000000000000000;
2021;COLÓN;NULL;NULL;NULL;SECRETARIA DE INFRAESTRUCTURA  Y SERVICIOS PUBLICOS ;CONSTRUCCIÓN Y PAVIMENTACIÓN DE CALLES EN LOS DEPARTAMENTOS VALLE, COMAYAGUA, INTIBUCÁ, EL PARAÍSO, LEMPIRA, COPÁN, OCOTEPEQUE, ATLÁNTIDA, COLÓN, LA PAZ, YORO, FRANCISCO MORAZÁN, OLANCHO, CHOLUTECA, CORTÉS, SANTA BÁRBARA.;2639998.900000000000000000000000000000;
2021;CORTÉS;NULL;NULL;NULL;SECRETARIA DE INFRAESTRUCTURA  Y SERVICIOS PUBLICOS ;CONSTRUCCIÓN Y PAVIMENTACIÓN DE CALLES EN LOS DEPARTAMENTOS VALLE, COMAYAGUA, INTIBUCÁ, EL PARAÍSO, LEMPIRA, COPÁN, OCOTEPEQUE, ATLÁNTIDA, COLÓN, LA PAZ, YORO, FRANCISCO MORAZÁN, OLANCHO, CHOLUTECA, CORTÉS, SANTA BÁRBARA.;2639998.900000000000000000000000000000;
2021;EL PARAISO;NULL;NULL;NULL;SECRETARIA DE INFRAESTRUCTURA  Y SERVICIOS PUBLICOS ;CONSTRUCCIÓN Y PAVIMENTACIÓN DE CALLES EN LOS DEPARTAMENTOS VALLE, COMAYAGUA, INTIBUCÁ, EL PARAÍSO, LEMPIRA, COPÁN, OCOTEPEQUE, ATLÁNTIDA, COLÓN, LA PAZ, YORO, FRANCISCO MORAZÁN, OLANCHO, CHOLUTECA, CORTÉS, SANTA BÁRBARA.;2639998.900000000000000000000000000000;
2021;FRANCISCO MORAZÁN;NULL;NULL;NULL;SECRETARIA DE INFRAESTRUCTURA  Y SERVICIOS PUBLICOS ;CONSTRUCCIÓN Y PAVIMENTACIÓN DE CALLES EN LOS DEPARTAMENTOS VALLE, COMAYAGUA, INTIBUCÁ, EL PARAÍSO, LEMPIRA, COPÁN, OCOTEPEQUE, ATLÁNTIDA, COLÓN, LA PAZ, YORO, FRANCISCO MORAZÁN, OLANCHO, CHOLUTECA, CORTÉS, SANTA BÁRBARA.;2639998.900000000000000000000000000000;
2021;OCOTEPEQUE;NULL;NULL;NULL;SECRETARIA DE INFRAESTRUCTURA  Y SERVICIOS PUBLICOS ;CONSTRUCCIÓN Y PAVIMENTACIÓN DE CALLES EN LOS DEPARTAMENTOS VALLE, COMAYAGUA, INTIBUCÁ, EL PARAÍSO, LEMPIRA, COPÁN, OCOTEPEQUE, ATLÁNTIDA, COLÓN, LA PAZ, YORO, FRANCISCO MORAZÁN, OLANCHO, CHOLUTECA, CORTÉS, SANTA BÁRBARA.;5279997.800000000000000000000000000000;
2021;ATLÁNTIDA;NULL;NULL;NULL;SECRETARIA DE INFRAESTRUCTURA  Y SERVICIOS PUBLICOS ;CONSTRUCCIÓN Y PAVIMENTACIÓN DE CALLES.;2639998.900000000000000000000000000000;
2021;CHOLUTECA;NULL;NULL;NULL;SECRETARIA DE INFRAESTRUCTURA  Y SERVICIOS PUBLICOS ;CONSTRUCCIÓN Y PAVIMENTACIÓN DE CALLES.;5279997.800000000000000000000000000000;
2021;COMAYAGUA;NULL;NULL;NULL;SECRETARIA DE INFRAESTRUCTURA  Y SERVICIOS PUBLICOS ;CONSTRUCCIÓN Y PAVIMENTACIÓN DE CALLES.;5279997.800000000000000000000000000000;
2021;COPÁN;NULL;NULL;NULL;SECRETARIA DE INFRAESTRUCTURA  Y SERVICIOS PUBLICOS ;CONSTRUCCIÓN Y PAVIMENTACIÓN DE CALLES.;7919996.700000000000000000000000000000;
2021;EL PARAISO;NULL;NULL;NULL;SECRETARIA DE INFRAESTRUCTURA  Y SERVICIOS PUBLICOS ;CONSTRUCCIÓN Y PAVIMENTACIÓN DE CALLES.;2639998.900000000000000000000000000000;
2021;FRANCISCO MORAZÁN;NULL;NULL;NULL;SECRETARIA DE INFRAESTRUCTURA  Y SERVICIOS PUBLICOS ;CONSTRUCCIÓN Y PAVIMENTACIÓN DE CALLES.;5279997.800000000000000000000000000000;
2021;INTIBUCA;NULL;NULL;NULL;SECRETARIA DE INFRAESTRUCTURA  Y SERVICIOS PUBLICOS ;CONSTRUCCIÓN Y PAVIMENTACIÓN DE CALLES.;2639998.900000000000000000000000000000;
2021;LEMPIRA;NULL;NULL;NULL;SECRETARIA DE INFRAESTRUCTURA  Y SERVICIOS PUBLICOS ;CONSTRUCCIÓN Y PAVIMENTACIÓN DE CALLES.;5279997.800000000000000000000000000000;
2021;OCOTEPEQUE;NULL;NULL;NULL;SECRETARIA DE INFRAESTRUCTURA  Y SERVICIOS PUBLICOS ;CONSTRUCCIÓN Y PAVIMENTACIÓN DE CALLES.;13199994.500000000000000000000000000000;
2021;OLANCHO;NULL;NULL;NULL;SECRETARIA DE INFRAESTRUCTURA  Y SERVICIOS PUBLICOS ;CONSTRUCCIÓN Y PAVIMENTACIÓN DE CALLES.;7919996.700000000000000000000000000000;
2021;SANTA BÁRBARA;NULL;NULL;NULL;SECRETARIA DE INFRAESTRUCTURA  Y SERVICIOS PUBLICOS ;CONSTRUCCIÓN Y PAVIMENTACIÓN DE CALLES.;2639998.000000000000000000000000000000;
2021;VALLE;NULL;NULL;NULL;SECRETARIA DE INFRAESTRUCTURA  Y SERVICIOS PUBLICOS ;CONSTRUCCIÓN Y PAVIMENTACIÓN DE CALLES.;2639998.900000000000000000000000000000;
2021;YORO;NULL;NULL;NULL;SECRETARIA DE INFRAESTRUCTURA  Y SERVICIOS PUBLICOS ;CONSTRUCCIÓN Y PAVIMENTACIÓN DE CALLES.;2639998.900000000000000000000000000000;
2021;FRANCISCO MORAZÁN;NULL;NULL;NULL;SECRETARIA DE INFRAESTRUCTURA  Y SERVICIOS PUBLICOS ;CONSTRUCCIÓN Y/O REHABILITACIÓN DE OBRAS DE DRENAJE EN LOS DEPARTAMENTOS DE FRANCISCO MORAZÁN Y LEMPIRA;2639000.000000000000000000000000000000;
2021;LEMPIRA;NULL;NULL;NULL;SECRETARIA DE INFRAESTRUCTURA  Y SERVICIOS PUBLICOS ;CONSTRUCCIÓN Y/O REHABILITACIÓN DE OBRAS DE DRENAJE EN LOS DEPARTAMENTOS DE FRANCISCO MORAZÁN Y LEMPIRA;2630000.000000000000000000000000000000;
2021;FRANCISCO MORAZÁN;NULL;NULL;NULL;SECRETARIA DE INFRAESTRUCTURA  Y SERVICIOS PUBLICOS ;Obras de Construcción de Pavimentos de Concreto Hidráulico en Vías Urbanas en los Departamento de Paraíso, Cortes, Olancho, Copan, LA PAZ, Francisco Morazán, SANTA BÁRBARA, Intibucá, Valle, Atlántida, OCOTEPEQUE, LEMPIRA, Comayagua y CHOLUTECA.;2600000.000000000000000000000000000000;
2021;CHOLUTECA;NULL;NULL;NULL;SECRETARIA DE INFRAESTRUCTURA  Y SERVICIOS PUBLICOS ;OBRAS DE CONSTRUCCIÓN DE PAVIMENTOS DE CONCRETO HIDRÁULICO EN VÍAS URBANAS;63447796.000000000000000000000000000000;
2021;COPÁN;NULL;NULL;NULL;SECRETARIA DE INFRAESTRUCTURA  Y SERVICIOS PUBLICOS ;OBRAS DE CONSTRUCCIÓN DE PAVIMENTOS DE CONCRETO HIDRÁULICO EN VÍAS URBANAS;15600000.000000000000000000000000000000;
2021;CORTÉS;NULL;NULL;NULL;SECRETARIA DE INFRAESTRUCTURA  Y SERVICIOS PUBLICOS ;OBRAS DE CONSTRUCCIÓN DE PAVIMENTOS DE CONCRETO HIDRÁULICO EN VÍAS URBANAS;7800000.000000000000000000000000000000;
2021;EL PARAISO;NULL;NULL;NULL;SECRETARIA DE INFRAESTRUCTURA  Y SERVICIOS PUBLICOS ;OBRAS DE CONSTRUCCIÓN DE PAVIMENTOS DE CONCRETO HIDRÁULICO EN VÍAS URBANAS;7800000.000000000000000000000000000000;
2021;FRANCISCO MORAZÁN;NULL;NULL;NULL;SECRETARIA DE INFRAESTRUCTURA  Y SERVICIOS PUBLICOS ;OBRAS DE CONSTRUCCIÓN DE PAVIMENTOS DE CONCRETO HIDRÁULICO EN VÍAS URBANAS;27965746.000000000000000000000000000000;
2021;INTIBUCA;NULL;NULL;NULL;SECRETARIA DE INFRAESTRUCTURA  Y SERVICIOS PUBLICOS ;OBRAS DE CONSTRUCCIÓN DE PAVIMENTOS DE CONCRETO HIDRÁULICO EN VÍAS URBANAS;5200000.000000000000000000000000000000;
2021;LA PAZ;NULL;NULL;NULL;SECRETARIA DE INFRAESTRUCTURA  Y SERVICIOS PUBLICOS ;OBRAS DE CONSTRUCCIÓN DE PAVIMENTOS DE CONCRETO HIDRÁULICO EN VÍAS URBANAS;5200000.000000000000000000000000000000;
2021;LEMPIRA;NULL;NULL;NULL;SECRETARIA DE INFRAESTRUCTURA  Y SERVICIOS PUBLICOS ;OBRAS DE CONSTRUCCIÓN DE PAVIMENTOS DE CONCRETO HIDRÁULICO EN VÍAS URBANAS;10400000.000000000000000000000000000000;
2021;OCOTEPEQUE;NULL;NULL;NULL;SECRETARIA DE INFRAESTRUCTURA  Y SERVICIOS PUBLICOS ;OBRAS DE CONSTRUCCIÓN DE PAVIMENTOS DE CONCRETO HIDRÁULICO EN VÍAS URBANAS;7800000.000000000000000000000000000000;
2021;OLANCHO;NULL;NULL;NULL;SECRETARIA DE INFRAESTRUCTURA  Y SERVICIOS PUBLICOS ;OBRAS DE CONSTRUCCIÓN DE PAVIMENTOS DE CONCRETO HIDRÁULICO EN VÍAS URBANAS;10400000.000000000000000000000000000000;
2021;SANTA BÁRBARA;NULL;NULL;NULL;SECRETARIA DE INFRAESTRUCTURA  Y SERVICIOS PUBLICOS ;OBRAS DE CONSTRUCCIÓN DE PAVIMENTOS DE CONCRETO HIDRÁULICO EN VÍAS URBANAS;15600000.000000000000000000000000000000;
2021;VALLE;NULL;NULL;NULL;SECRETARIA DE INFRAESTRUCTURA  Y SERVICIOS PUBLICOS ;OBRAS DE CONSTRUCCIÓN DE PAVIMENTOS DE CONCRETO HIDRÁULICO EN VÍAS URBANAS;18200000.000000000000000000000000000000;
2021;OCOTEPEQUE;NULL;NULL;NULL;SECRETARIA DE INFRAESTRUCTURA  Y SERVICIOS PUBLICOS ;RECONSTRUCCIÓN DEL PUENTE SOBRE EL RÍO JOCOMICO, CON UNA LONGITUD APROXIMADA DE 25.4 ML, UBICADO EN EL MUNICIPIO DE LA ENCARNACION DEPARTAMENTO DE OCOTEPEQUE.;10425461.000000000000000000000000000000;
2021;COPÁN;NULL;NULL;NULL;SECRETARIA DE INFRAESTRUCTURA  Y SERVICIOS PUBLICOS ;REHABILITACIÓN VIAL DEL CORREDOR DE OCCIDENTE: LA ENTRADA EL FLORIDO Y LA ENTRADA-SANTA ROSA DE COPAN COPAN RUINAS;39551388.000000000000000000000000000000;
2021;COMAYAGUA;NULL;NULL;NULL;SECRETARIA DE TRABAJO Y SEGURIDAD SOCIAL;FORTALECIMIENTO INSTITUCIONAL DEL EMPLEO DECENTE Y OPORTUNIDADES DE EMPLEO PARA JÓVENES EN HONDURAS (EURO+LABOR);22183216.195738300000000000000000000000;
2021;FRANCISCO MORAZÁN;NULL;NULL;NULL;SECRETARIA DE TRABAJO Y SEGURIDAD SOCIAL;Fortalecimiento Institucional del Empleo Decente y Oportunidades de Empleo para Jóvenes en Honduras (EURO+LABOR);64478995.804261700000000000000000000000;
2021;EL PARAISO;NULL;NULL;NULL;SECRETARIA DE AGRICULTURA Y GANADERIA;PROYECTO DE  DESARROLLO AGRÍCOLA BAJO RIEGO DEL VALLE DE JAMASTRAN FASE 1;187393585.000000000000000000000000000000;
2021;INTIBUCA;NULL;NULL;NULL;SECRETARIA DE AGRICULTURA Y GANADERIA;PROYECTO DE COMPETITIVIDAD Y DESARROLLO SOSTENIBLE DEL CORREDOR FRONTERIZO SUR OCCIDENTAL PRO-LENCA;128222474.800000000000000000000000000000;
2021;LA PAZ;NULL;NULL;NULL;SECRETARIA DE AGRICULTURA Y GANADERIA;PROYECTO DE COMPETITIVIDAD Y DESARROLLO SOSTENIBLE DEL CORREDOR FRONTERIZO SUR OCCIDENTAL PRO-LENCA;13780820.970000000000000000000000000000;
2021;LEMPIRA;NULL;NULL;NULL;SECRETARIA DE AGRICULTURA Y GANADERIA;PROYECTO DE COMPETITIVIDAD Y DESARROLLO SOSTENIBLE DEL CORREDOR FRONTERIZO SUR OCCIDENTAL PRO-LENCA;92925892.300000000000000000000000000000;
2021;OCOTEPEQUE;NULL;NULL;NULL;SECRETARIA DE AGRICULTURA Y GANADERIA;PROYECTO DE COMPETITIVIDAD Y DESARROLLO SOSTENIBLE DEL CORREDOR FRONTERIZO SUR OCCIDENTAL PRO-LENCA;10099254.930000000000000000000000000000;
2021;COMAYAGUA;NULL;NULL;NULL;SECRETARIA DE AGRICULTURA Y GANADERIA;PROYECTO DE DESAROLLO AGRICOLA BAJO RIEGO (PDABR);224367488.084877000000000000000000000000;
2021;COPÁN;NULL;NULL;NULL;SECRETARIA DE AGRICULTURA Y GANADERIA;PROYECTO DE DESAROLLO AGRICOLA BAJO RIEGO (PDABR);4101943.707199030000000000000000000000;
2021;EL PARAISO;NULL;NULL;NULL;SECRETARIA DE AGRICULTURA Y GANADERIA;PROYECTO DE DESAROLLO AGRICOLA BAJO RIEGO (PDABR);11216077.051769600000000000000000000000;
2021;FRANCISCO MORAZÁN;NULL;NULL;NULL;SECRETARIA DE AGRICULTURA Y GANADERIA;PROYECTO DE DESAROLLO AGRICOLA BAJO RIEGO (PDABR);7075362.326904900000000000000000000000;
2021;OLANCHO;NULL;NULL;NULL;SECRETARIA DE AGRICULTURA Y GANADERIA;PROYECTO DE DESAROLLO AGRICOLA BAJO RIEGO (PDABR);7590495.589961270000000000000000000000;
2021;SANTA BÁRBARA;NULL;NULL;NULL;SECRETARIA DE AGRICULTURA Y GANADERIA;PROYECTO DE DESAROLLO AGRICOLA BAJO RIEGO (PDABR);4364640.883785300000000000000000000000;
2021;VALLE;NULL;NULL;NULL;SECRETARIA DE AGRICULTURA Y GANADERIA;PROYECTO DE DESAROLLO AGRICOLA BAJO RIEGO (PDABR);1005601.968000000000000000000000000000;
2021;YORO;NULL;NULL;NULL;SECRETARIA DE AGRICULTURA Y GANADERIA;PROYECTO DE DESAROLLO AGRICOLA BAJO RIEGO (PDABR);184042819.498703000000000000000000000000;
2021;INTIBUCA;NULL;NULL;NULL;PROGRAMA NACIONAL DE DESARROLLO RURAL Y URBANO SOSTENIBLE ;PROYECTO DE ENERGÍA RENOVABLE PARA EL DESARROLLO RURAL SOSTENIBLE PRO-ENERGÍA RURAL;22483507.200000000000000000000000000000;
2021;LA PAZ;NULL;NULL;NULL;PROGRAMA NACIONAL DE DESARROLLO RURAL Y URBANO SOSTENIBLE ;PROYECTO DE ENERGÍA RENOVABLE PARA EL DESARROLLO RURAL SOSTENIBLE PRO-ENERGÍA RURAL;6302520.900000000000000000000000000000;
2021;LEMPIRA;NULL;NULL;NULL;PROGRAMA NACIONAL DE DESARROLLO RURAL Y URBANO SOSTENIBLE ;PROYECTO DE ENERGÍA RENOVABLE PARA EL DESARROLLO RURAL SOSTENIBLE PRO-ENERGÍA RURAL;16006324.950000000000000000000000000000;
2021;SANTA BÁRBARA;NULL;NULL;NULL;PROGRAMA NACIONAL DE DESARROLLO RURAL Y URBANO SOSTENIBLE ;PROYECTO DE ENERGÍA RENOVABLE PARA EL DESARROLLO RURAL SOSTENIBLE PRO-ENERGÍA RURAL;6739660.850000000000000000000000000000;
2021;FRANCISCO MORAZÁN;NULL;NULL;NULL;REGISTRO NACIONAL DE LAS PERSONAS;PROYECTO DE MODERNIZACION DEL DOCUMENTO NACIONAL DE IDENTIFICACION EN HONDURAS "Identificate";101465520.000000000000000000000000000000;
2021;CHOLUTECA;NULL;NULL;NULL;SECRETARIA DE DESARROLLO E INCLUSIÓN SOCIAL;APOYO AL SISTEMA INTEGRAL DE PROTECCIÓN SOCIAL 5008/BL-HO;22115915.000000000000000000000000000000;
2021;COLÓN;NULL;NULL;NULL;SECRETARIA DE DESARROLLO E INCLUSIÓN SOCIAL;APOYO AL SISTEMA INTEGRAL DE PROTECCIÓN SOCIAL 5008/BL-HO;9123900.000000000000000000000000000000;
2021;COPÁN;NULL;NULL;NULL;SECRETARIA DE DESARROLLO E INCLUSIÓN SOCIAL;APOYO AL SISTEMA INTEGRAL DE PROTECCIÓN SOCIAL 5008/BL-HO;35141780.000000000000000000000000000000;
2021;EL PARAISO;NULL;NULL;NULL;SECRETARIA DE DESARROLLO E INCLUSIÓN SOCIAL;APOYO AL SISTEMA INTEGRAL DE PROTECCIÓN SOCIAL 5008/BL-HO;50157100.000000000000000000000000000000;
2021;FRANCISCO MORAZÁN;NULL;NULL;NULL;SECRETARIA DE DESARROLLO E INCLUSIÓN SOCIAL;APOYO AL SISTEMA INTEGRAL DE PROTECCIÓN SOCIAL 5008/BL-HO;219772451.000000000000000000000000000000;
2021;INTIBUCA;NULL;NULL;NULL;SECRETARIA DE DESARROLLO E INCLUSIÓN SOCIAL;APOYO AL SISTEMA INTEGRAL DE PROTECCIÓN SOCIAL 5008/BL-HO;62711495.000000000000000000000000000000;
2021;LA PAZ;NULL;NULL;NULL;SECRETARIA DE DESARROLLO E INCLUSIÓN SOCIAL;APOYO AL SISTEMA INTEGRAL DE PROTECCIÓN SOCIAL 5008/BL-HO;49023947.500000000000000000000000000000;
2021;LEMPIRA;NULL;NULL;NULL;SECRETARIA DE DESARROLLO E INCLUSIÓN SOCIAL;APOYO AL SISTEMA INTEGRAL DE PROTECCIÓN SOCIAL 5008/BL-HO;122224445.000000000000000000000000000000;
2021;OCOTEPEQUE;NULL;NULL;NULL;SECRETARIA DE DESARROLLO E INCLUSIÓN SOCIAL;APOYO AL SISTEMA INTEGRAL DE PROTECCIÓN SOCIAL 5008/BL-HO;13049315.000000000000000000000000000000;
2021;OLANCHO;NULL;NULL;NULL;SECRETARIA DE DESARROLLO E INCLUSIÓN SOCIAL;APOYO AL SISTEMA INTEGRAL DE PROTECCIÓN SOCIAL 5008/BL-HO;9549847.500000000000000000000000000000;
2021;ATLÁNTIDA;NULL;NULL;NULL;SECRETARIA DE DESARROLLO E INCLUSIÓN SOCIAL;ATENCIÓN A MUJERES, JÓVENES, NIÑOS Y NIÑAS EN SITUACIÓN DE VIOLENCIA Y RIESGO SOCIAL;1865537.600000000000000000000000000000;
2021;CHOLUTECA;NULL;NULL;NULL;SECRETARIA DE DESARROLLO E INCLUSIÓN SOCIAL;ATENCIÓN A MUJERES, JÓVENES, NIÑOS Y NIÑAS EN SITUACIÓN DE VIOLENCIA Y RIESGO SOCIAL;1865537.600000000000000000000000000000;
2021;COLÓN;NULL;NULL;NULL;SECRETARIA DE DESARROLLO E INCLUSIÓN SOCIAL;ATENCIÓN A MUJERES, JÓVENES, NIÑOS Y NIÑAS EN SITUACIÓN DE VIOLENCIA Y RIESGO SOCIAL;1865537.600000000000000000000000000000;
2021;COMAYAGUA;NULL;NULL;NULL;SECRETARIA DE DESARROLLO E INCLUSIÓN SOCIAL;ATENCIÓN A MUJERES, JÓVENES, NIÑOS Y NIÑAS EN SITUACIÓN DE VIOLENCIA Y RIESGO SOCIAL;1865537.600000000000000000000000000000;
2021;COPÁN;NULL;NULL;NULL;SECRETARIA DE DESARROLLO E INCLUSIÓN SOCIAL;ATENCIÓN A MUJERES, JÓVENES, NIÑOS Y NIÑAS EN SITUACIÓN DE VIOLENCIA Y RIESGO SOCIAL;1865537.600000000000000000000000000000;
2021;CORTÉS;NULL;NULL;NULL;SECRETARIA DE DESARROLLO E INCLUSIÓN SOCIAL;ATENCIÓN A MUJERES, JÓVENES, NIÑOS Y NIÑAS EN SITUACIÓN DE VIOLENCIA Y RIESGO SOCIAL;1865537.600000000000000000000000000000;
2021;EL PARAISO;NULL;NULL;NULL;SECRETARIA DE DESARROLLO E INCLUSIÓN SOCIAL;ATENCIÓN A MUJERES, JÓVENES, NIÑOS Y NIÑAS EN SITUACIÓN DE VIOLENCIA Y RIESGO SOCIAL;1865537.600000000000000000000000000000;
2021;FRANCISCO MORAZÁN;NULL;NULL;NULL;SECRETARIA DE DESARROLLO E INCLUSIÓN SOCIAL;ATENCIÓN A MUJERES, JÓVENES, NIÑOS Y NIÑAS EN SITUACIÓN DE VIOLENCIA Y RIESGO SOCIAL;1873736.000000000000000000000000000000;
2021;INTIBUCA;NULL;NULL;NULL;SECRETARIA DE DESARROLLO E INCLUSIÓN SOCIAL;ATENCIÓN A MUJERES, JÓVENES, NIÑOS Y NIÑAS EN SITUACIÓN DE VIOLENCIA Y RIESGO SOCIAL;1865537.600000000000000000000000000000;
2021;LA PAZ;NULL;NULL;NULL;SECRETARIA DE DESARROLLO E INCLUSIÓN SOCIAL;ATENCIÓN A MUJERES, JÓVENES, NIÑOS Y NIÑAS EN SITUACIÓN DE VIOLENCIA Y RIESGO SOCIAL;1865537.600000000000000000000000000000;
2021;LEMPIRA;NULL;NULL;NULL;SECRETARIA DE DESARROLLO E INCLUSIÓN SOCIAL;ATENCIÓN A MUJERES, JÓVENES, NIÑOS Y NIÑAS EN SITUACIÓN DE VIOLENCIA Y RIESGO SOCIAL;1865537.600000000000000000000000000000;
2021;OCOTEPEQUE;NULL;NULL;NULL;SECRETARIA DE DESARROLLO E INCLUSIÓN SOCIAL;ATENCIÓN A MUJERES, JÓVENES, NIÑOS Y NIÑAS EN SITUACIÓN DE VIOLENCIA Y RIESGO SOCIAL;1865537.600000000000000000000000000000;
2021;OLANCHO;NULL;NULL;NULL;SECRETARIA DE DESARROLLO E INCLUSIÓN SOCIAL;ATENCIÓN A MUJERES, JÓVENES, NIÑOS Y NIÑAS EN SITUACIÓN DE VIOLENCIA Y RIESGO SOCIAL;1865537.600000000000000000000000000000;
2021;SANTA BÁRBARA;NULL;NULL;NULL;SECRETARIA DE DESARROLLO E INCLUSIÓN SOCIAL;ATENCIÓN A MUJERES, JÓVENES, NIÑOS Y NIÑAS EN SITUACIÓN DE VIOLENCIA Y RIESGO SOCIAL;1865537.600000000000000000000000000000;
2021;VALLE;NULL;NULL;NULL;SECRETARIA DE DESARROLLO E INCLUSIÓN SOCIAL;ATENCIÓN A MUJERES, JÓVENES, NIÑOS Y NIÑAS EN SITUACIÓN DE VIOLENCIA Y RIESGO SOCIAL;1865537.600000000000000000000000000000;
2021;YORO;NULL;NULL;NULL;SECRETARIA DE DESARROLLO E INCLUSIÓN SOCIAL;ATENCIÓN A MUJERES, JÓVENES, NIÑOS Y NIÑAS EN SITUACIÓN DE VIOLENCIA Y RIESGO SOCIAL;1865537.600000000000000000000000000000;
2021;ATLÁNTIDA;NULL;NULL;NULL;SECRETARIA DE DESARROLLO E INCLUSIÓN SOCIAL;BOLSON ESCOLAR Y EQUIPO DE ÚTILES;301457.000000000000000000000000000000;
2021;CHOLUTECA;NULL;NULL;NULL;SECRETARIA DE DESARROLLO E INCLUSIÓN SOCIAL;BOLSON ESCOLAR Y EQUIPO DE ÚTILES;463780.000000000000000000000000000000;
2021;COLÓN;NULL;NULL;NULL;SECRETARIA DE DESARROLLO E INCLUSIÓN SOCIAL;BOLSON ESCOLAR Y EQUIPO DE ÚTILES;278268.000000000000000000000000000000;
2021;COMAYAGUA;NULL;NULL;NULL;SECRETARIA DE DESARROLLO E INCLUSIÓN SOCIAL;BOLSON ESCOLAR Y EQUIPO DE ÚTILES;347835.000000000000000000000000000000;
2021;COPÁN;NULL;NULL;NULL;SECRETARIA DE DESARROLLO E INCLUSIÓN SOCIAL;BOLSON ESCOLAR Y EQUIPO DE ÚTILES;324646.000000000000000000000000000000;
2021;CORTÉS;NULL;NULL;NULL;SECRETARIA DE DESARROLLO E INCLUSIÓN SOCIAL;BOLSON ESCOLAR Y EQUIPO DE ÚTILES;579725.000000000000000000000000000000;
2021;EL PARAISO;NULL;NULL;NULL;SECRETARIA DE DESARROLLO E INCLUSIÓN SOCIAL;BOLSON ESCOLAR Y EQUIPO DE ÚTILES;417402.000000000000000000000000000000;
2021;FRANCISCO MORAZÁN;NULL;NULL;NULL;SECRETARIA DE DESARROLLO E INCLUSIÓN SOCIAL;BOLSON ESCOLAR Y EQUIPO DE ÚTILES;672417.570000000000000000000000000000;
2021;GRACIAS A DIOS;NULL;NULL;NULL;SECRETARIA DE DESARROLLO E INCLUSIÓN SOCIAL;BOLSON ESCOLAR Y EQUIPO DE ÚTILES;347835.000000000000000000000000000000;
2021;INTIBUCA;NULL;NULL;NULL;SECRETARIA DE DESARROLLO E INCLUSIÓN SOCIAL;BOLSON ESCOLAR Y EQUIPO DE ÚTILES;278268.000000000000000000000000000000;
2021;ISLAS DE LA BAHÍA;NULL;NULL;NULL;SECRETARIA DE DESARROLLO E INCLUSIÓN SOCIAL;BOLSON ESCOLAR Y EQUIPO DE ÚTILES;231890.000000000000000000000000000000;
2021;LA PAZ;NULL;NULL;NULL;SECRETARIA DE DESARROLLO E INCLUSIÓN SOCIAL;BOLSON ESCOLAR Y EQUIPO DE ÚTILES;347835.000000000000000000000000000000;
2021;LEMPIRA;NULL;NULL;NULL;SECRETARIA DE DESARROLLO E INCLUSIÓN SOCIAL;BOLSON ESCOLAR Y EQUIPO DE ÚTILES;579725.000000000000000000000000000000;
2021;OCOTEPEQUE;NULL;NULL;NULL;SECRETARIA DE DESARROLLO E INCLUSIÓN SOCIAL;BOLSON ESCOLAR Y EQUIPO DE ÚTILES;275253.430000000000000000000000000000;
2021;OLANCHO;NULL;NULL;NULL;SECRETARIA DE DESARROLLO E INCLUSIÓN SOCIAL;BOLSON ESCOLAR Y EQUIPO DE ÚTILES;556536.000000000000000000000000000000;
2021;SANTA BÁRBARA;NULL;NULL;NULL;SECRETARIA DE DESARROLLO E INCLUSIÓN SOCIAL;BOLSON ESCOLAR Y EQUIPO DE ÚTILES;440591.000000000000000000000000000000;
2021;VALLE;NULL;NULL;NULL;SECRETARIA DE DESARROLLO E INCLUSIÓN SOCIAL;BOLSON ESCOLAR Y EQUIPO DE ÚTILES;278268.000000000000000000000000000000;
2021;YORO;NULL;NULL;NULL;SECRETARIA DE DESARROLLO E INCLUSIÓN SOCIAL;BOLSON ESCOLAR Y EQUIPO DE ÚTILES;278268.000000000000000000000000000000;
2021;ATLÁNTIDA;NULL;NULL;NULL;SECRETARIA DE DESARROLLO E INCLUSIÓN SOCIAL;Centros de Atención a Personas con Capacidades Especiales y Adultos en Situación de Vulnerabilidad;4284981.840000000000000000000000000000;
2021;CHOLUTECA;NULL;NULL;NULL;SECRETARIA DE DESARROLLO E INCLUSIÓN SOCIAL;CENTROS DE ATENCIÓN A PERSONAS CON CAPACIDADES ESPECIALES Y ADULTOS EN SITUACIÓN DE VULNERABILIDAD;4284981.840000000000000000000000000000;
2021;COLÓN;NULL;NULL;NULL;SECRETARIA DE DESARROLLO E INCLUSIÓN SOCIAL;Centros de Atención a Personas con Capacidades Especiales y Adultos en Situación de Vulnerabilidad;4284981.840000000000000000000000000000;
2021;COMAYAGUA;NULL;NULL;NULL;SECRETARIA DE DESARROLLO E INCLUSIÓN SOCIAL;CENTROS DE ATENCIÓN A PERSONAS CON CAPACIDADES ESPECIALES Y ADULTOS EN SITUACIÓN DE VULNERABILIDAD;4284981.840000000000000000000000000000;
2021;COPÁN;NULL;NULL;NULL;SECRETARIA DE DESARROLLO E INCLUSIÓN SOCIAL;CENTROS DE ATENCIÓN A PERSONAS CON CAPACIDADES ESPECIALES Y ADULTOS EN SITUACIÓN DE VULNERABILIDAD;4284981.840000000000000000000000000000;
2021;CORTÉS;NULL;NULL;NULL;SECRETARIA DE DESARROLLO E INCLUSIÓN SOCIAL;Centros de Atención a Personas con Capacidades Especiales y Adultos en Situación de Vulnerabilidad;4284981.840000000000000000000000000000;
2021;EL PARAISO;NULL;NULL;NULL;SECRETARIA DE DESARROLLO E INCLUSIÓN SOCIAL;CENTROS DE ATENCIÓN A PERSONAS CON CAPACIDADES ESPECIALES Y ADULTOS EN SITUACIÓN DE VULNERABILIDAD;4284981.840000000000000000000000000000;
2021;FRANCISCO MORAZÁN;NULL;NULL;NULL;SECRETARIA DE DESARROLLO E INCLUSIÓN SOCIAL;Centros de Atención a Personas con Capacidades Especiales y Adultos en Situación de Vulnerabilidad;4311201.550000000000000000000000000000;
2021;GRACIAS A DIOS;NULL;NULL;NULL;SECRETARIA DE DESARROLLO E INCLUSIÓN SOCIAL;CENTROS DE ATENCIÓN A PERSONAS CON CAPACIDADES ESPECIALES Y ADULTOS EN SITUACIÓN DE VULNERABILIDAD;4272570.850000000000000000000000000000;
2021;INTIBUCA;NULL;NULL;NULL;SECRETARIA DE DESARROLLO E INCLUSIÓN SOCIAL;CENTROS DE ATENCIÓN A PERSONAS CON CAPACIDADES ESPECIALES Y ADULTOS EN SITUACIÓN DE VULNERABILIDAD;4284981.840000000000000000000000000000;
2021;LA PAZ;NULL;NULL;NULL;SECRETARIA DE DESARROLLO E INCLUSIÓN SOCIAL;CENTROS DE ATENCIÓN A PERSONAS CON CAPACIDADES ESPECIALES Y ADULTOS EN SITUACIÓN DE VULNERABILIDAD;4284981.840000000000000000000000000000;
2021;LEMPIRA;NULL;NULL;NULL;SECRETARIA DE DESARROLLO E INCLUSIÓN SOCIAL;CENTROS DE ATENCIÓN A PERSONAS CON CAPACIDADES ESPECIALES Y ADULTOS EN SITUACIÓN DE VULNERABILIDAD;4284981.840000000000000000000000000000;
2021;OCOTEPEQUE;NULL;NULL;NULL;SECRETARIA DE DESARROLLO E INCLUSIÓN SOCIAL;CENTROS DE ATENCIÓN A PERSONAS CON CAPACIDADES ESPECIALES Y ADULTOS EN SITUACIÓN DE VULNERABILIDAD;4284981.840000000000000000000000000000;
2021;OLANCHO;NULL;NULL;NULL;SECRETARIA DE DESARROLLO E INCLUSIÓN SOCIAL;CENTROS DE ATENCIÓN A PERSONAS CON CAPACIDADES ESPECIALES Y ADULTOS EN SITUACIÓN DE VULNERABILIDAD;4284981.840000000000000000000000000000;
2021;SANTA BÁRBARA;NULL;NULL;NULL;SECRETARIA DE DESARROLLO E INCLUSIÓN SOCIAL;CENTROS DE ATENCIÓN A PERSONAS CON CAPACIDADES ESPECIALES Y ADULTOS EN SITUACIÓN DE VULNERABILIDAD;4284981.840000000000000000000000000000;
2021;VALLE;NULL;NULL;NULL;SECRETARIA DE DESARROLLO E INCLUSIÓN SOCIAL;CENTROS DE ATENCIÓN A PERSONAS CON CAPACIDADES ESPECIALES Y ADULTOS EN SITUACIÓN DE VULNERABILIDAD;4284981.840000000000000000000000000000;
2021;YORO;NULL;NULL;NULL;SECRETARIA DE DESARROLLO E INCLUSIÓN SOCIAL;CENTROS DE ATENCIÓN A PERSONAS CON CAPACIDADES ESPECIALES Y ADULTOS EN SITUACIÓN DE VULNERABILIDAD;4284981.840000000000000000000000000000;
2021;ATLÁNTIDA;NULL;NULL;NULL;SECRETARIA DE DESARROLLO E INCLUSIÓN SOCIAL;OPORTUNIDADES PARA MADRES Y JOVENES COMO ESTRATEGIA DE SALIDA DEL BONO VIDA MEJOR;2158993.200000000000000000000000000000;
2021;CHOLUTECA;NULL;NULL;NULL;SECRETARIA DE DESARROLLO E INCLUSIÓN SOCIAL;OPORTUNIDADES PARA MADRES Y JOVENES COMO ESTRATEGIA DE SALIDA DEL BONO VIDA MEJOR;2184393.120000000000000000000000000000;
2021;COLÓN;NULL;NULL;NULL;SECRETARIA DE DESARROLLO E INCLUSIÓN SOCIAL;OPORTUNIDADES PARA MADRES Y JOVENES COMO ESTRATEGIA DE SALIDA DEL BONO VIDA MEJOR;2184393.120000000000000000000000000000;
2021;COMAYAGUA;NULL;NULL;NULL;SECRETARIA DE DESARROLLO E INCLUSIÓN SOCIAL;OPORTUNIDADES PARA MADRES Y JOVENES COMO ESTRATEGIA DE SALIDA DEL BONO VIDA MEJOR;2184393.120000000000000000000000000000;
2021;COPÁN;NULL;NULL;NULL;SECRETARIA DE DESARROLLO E INCLUSIÓN SOCIAL;OPORTUNIDADES PARA MADRES Y JOVENES COMO ESTRATEGIA DE SALIDA DEL BONO VIDA MEJOR;2184393.120000000000000000000000000000;
2021;CORTÉS;NULL;NULL;NULL;SECRETARIA DE DESARROLLO E INCLUSIÓN SOCIAL;OPORTUNIDADES PARA MADRES Y JOVENES COMO ESTRATEGIA DE SALIDA DEL BONO VIDA MEJOR;2184393.120000000000000000000000000000;
2021;EL PARAISO;NULL;NULL;NULL;SECRETARIA DE DESARROLLO E INCLUSIÓN SOCIAL;OPORTUNIDADES PARA MADRES Y JOVENES COMO ESTRATEGIA DE SALIDA DEL BONO VIDA MEJOR;2184393.120000000000000000000000000000;
2021;FRANCISCO MORAZÁN;NULL;NULL;NULL;SECRETARIA DE DESARROLLO E INCLUSIÓN SOCIAL;OPORTUNIDADES PARA MADRES Y JOVENES COMO ESTRATEGIA DE SALIDA DEL BONO VIDA MEJOR;2184403.120000000000000000000000000000;
2021;INTIBUCA;NULL;NULL;NULL;SECRETARIA DE DESARROLLO E INCLUSIÓN SOCIAL;OPORTUNIDADES PARA MADRES Y JOVENES COMO ESTRATEGIA DE SALIDA DEL BONO VIDA MEJOR;2184393.120000000000000000000000000000;
2021;LA PAZ;NULL;NULL;NULL;SECRETARIA DE DESARROLLO E INCLUSIÓN SOCIAL;OPORTUNIDADES PARA MADRES Y JOVENES COMO ESTRATEGIA DE SALIDA DEL BONO VIDA MEJOR;2184393.120000000000000000000000000000;
2021;LEMPIRA;NULL;NULL;NULL;SECRETARIA DE DESARROLLO E INCLUSIÓN SOCIAL;OPORTUNIDADES PARA MADRES Y JOVENES COMO ESTRATEGIA DE SALIDA DEL BONO VIDA MEJOR;2184393.120000000000000000000000000000;
2021;OCOTEPEQUE;NULL;NULL;NULL;SECRETARIA DE DESARROLLO E INCLUSIÓN SOCIAL;OPORTUNIDADES PARA MADRES Y JOVENES COMO ESTRATEGIA DE SALIDA DEL BONO VIDA MEJOR;2184393.120000000000000000000000000000;
2021;OLANCHO;NULL;NULL;NULL;SECRETARIA DE DESARROLLO E INCLUSIÓN SOCIAL;OPORTUNIDADES PARA MADRES Y JOVENES COMO ESTRATEGIA DE SALIDA DEL BONO VIDA MEJOR;2184393.120000000000000000000000000000;
2021;SANTA BÁRBARA;NULL;NULL;NULL;SECRETARIA DE DESARROLLO E INCLUSIÓN SOCIAL;OPORTUNIDADES PARA MADRES Y JOVENES COMO ESTRATEGIA DE SALIDA DEL BONO VIDA MEJOR;2184393.120000000000000000000000000000;
2021;VALLE;NULL;NULL;NULL;SECRETARIA DE DESARROLLO E INCLUSIÓN SOCIAL;OPORTUNIDADES PARA MADRES Y JOVENES COMO ESTRATEGIA DE SALIDA DEL BONO VIDA MEJOR;2184393.120000000000000000000000000000;
2021;YORO;NULL;NULL;NULL;SECRETARIA DE DESARROLLO E INCLUSIÓN SOCIAL;OPORTUNIDADES PARA MADRES Y JOVENES COMO ESTRATEGIA DE SALIDA DEL BONO VIDA MEJOR;2184393.120000000000000000000000000000;
2021;FRANCISCO MORAZÁN;NULL;NULL;NULL;SECRETARIA DE DESARROLLO E INCLUSIÓN SOCIAL;PROGRAMA DE APOYO A LA RED DE INCLUSIÓN SOCIAL CON PRIORIDAD EN OCCIDENTE;15928355.000000000000000000000000000000;
2021;COPÁN;NULL;NULL;NULL;SECRETARIA DE DESARROLLO E INCLUSIÓN SOCIAL;PROGRAMA DE APOYO AL SISTEMA DE PROTECCIÓN SOCIAL (BONO VIDA MEJOR) BID 3371/BL-HO;1332146.100000000000000000000000000000;
2021;INTIBUCA;NULL;NULL;NULL;SECRETARIA DE DESARROLLO E INCLUSIÓN SOCIAL;PROGRAMA DE APOYO AL SISTEMA DE PROTECCIÓN SOCIAL (BONO VIDA MEJOR) BID 3371/BL-HO;327558.280000000000000000000000000000;
2021;LA PAZ;NULL;NULL;NULL;SECRETARIA DE DESARROLLO E INCLUSIÓN SOCIAL;PROGRAMA DE APOYO AL SISTEMA DE PROTECCIÓN SOCIAL (BONO VIDA MEJOR) BID 3371/BL-HO;4442927.770000000000000000000000000000;
2021;LEMPIRA;NULL;NULL;NULL;SECRETARIA DE DESARROLLO E INCLUSIÓN SOCIAL;PROGRAMA DE APOYO AL SISTEMA DE PROTECCIÓN SOCIAL (BONO VIDA MEJOR) BID 3371/BL-HO;5412355.520000000000000000000000000000;
2021;OCOTEPEQUE;NULL;NULL;NULL;SECRETARIA DE DESARROLLO E INCLUSIÓN SOCIAL;PROGRAMA DE APOYO AL SISTEMA DE PROTECCIÓN SOCIAL (BONO VIDA MEJOR) BID 3371/BL-HO;768200.720000000000000000000000000000;
2021;SANTA BÁRBARA;NULL;NULL;NULL;SECRETARIA DE DESARROLLO E INCLUSIÓN SOCIAL;PROGRAMA DE APOYO AL SISTEMA DE PROTECCIÓN SOCIAL (BONO VIDA MEJOR) BID 3371/BL-HO;24234968.610000000000000000000000000000;
2021;ATLÁNTIDA;NULL;NULL;NULL;SECRETARIA DE DESARROLLO E INCLUSIÓN SOCIAL;PROYECTO DE INTEGRACIÓN DE LA PROTECCIÓN SOCIAL / 6401-HN;5569260.000000000000000000000000000000;
2021;CHOLUTECA;NULL;NULL;NULL;SECRETARIA DE DESARROLLO E INCLUSIÓN SOCIAL;PROYECTO DE INTEGRACIÓN DE LA PROTECCIÓN SOCIAL / 6401-HN;12267460.000000000000000000000000000000;
2021;COLÓN;NULL;NULL;NULL;SECRETARIA DE DESARROLLO E INCLUSIÓN SOCIAL;PROYECTO DE INTEGRACIÓN DE LA PROTECCIÓN SOCIAL / 6401-HN;4778860.000000000000000000000000000000;
2021;COMAYAGUA;NULL;NULL;NULL;SECRETARIA DE DESARROLLO E INCLUSIÓN SOCIAL;PROYECTO DE INTEGRACIÓN DE LA PROTECCIÓN SOCIAL / 6401-HN;9214580.000000000000000000000000000000;
2021;COPÁN;NULL;NULL;NULL;SECRETARIA DE DESARROLLO E INCLUSIÓN SOCIAL;PROYECTO DE INTEGRACIÓN DE LA PROTECCIÓN SOCIAL / 6401-HN;3154200.000000000000000000000000000000;
2021;CORTÉS;NULL;NULL;NULL;SECRETARIA DE DESARROLLO E INCLUSIÓN SOCIAL;PROYECTO DE INTEGRACIÓN DE LA PROTECCIÓN SOCIAL / 6401-HN;17032440.000000000000000000000000000000;
2021;EL PARAISO;NULL;NULL;NULL;SECRETARIA DE DESARROLLO E INCLUSIÓN SOCIAL;PROYECTO DE INTEGRACIÓN DE LA PROTECCIÓN SOCIAL / 6401-HN;4514670.000000000000000000000000000000;
2021;FRANCISCO MORAZÁN;NULL;NULL;NULL;SECRETARIA DE DESARROLLO E INCLUSIÓN SOCIAL;PROYECTO DE INTEGRACIÓN DE LA PROTECCIÓN SOCIAL / 6401-HN;123219200.000000000000000000000000000000;
2021;INTIBUCA;NULL;NULL;NULL;SECRETARIA DE DESARROLLO E INCLUSIÓN SOCIAL;PROYECTO DE INTEGRACIÓN DE LA PROTECCIÓN SOCIAL / 6401-HN;1212500.000000000000000000000000000000;
2021;LA PAZ;NULL;NULL;NULL;SECRETARIA DE DESARROLLO E INCLUSIÓN SOCIAL;PROYECTO DE INTEGRACIÓN DE LA PROTECCIÓN SOCIAL / 6401-HN;2027120.000000000000000000000000000000;
2021;OLANCHO;NULL;NULL;NULL;SECRETARIA DE DESARROLLO E INCLUSIÓN SOCIAL;PROYECTO DE INTEGRACIÓN DE LA PROTECCIÓN SOCIAL / 6401-HN;5064060.000000000000000000000000000000;
2021;SANTA BÁRBARA;NULL;NULL;NULL;SECRETARIA DE DESARROLLO E INCLUSIÓN SOCIAL;PROYECTO DE INTEGRACIÓN DE LA PROTECCIÓN SOCIAL / 6401-HN;247110.000000000000000000000000000000;
2021;VALLE;NULL;NULL;NULL;SECRETARIA DE DESARROLLO E INCLUSIÓN SOCIAL;PROYECTO DE INTEGRACIÓN DE LA PROTECCIÓN SOCIAL / 6401-HN;1893580.000000000000000000000000000000;
2021;YORO;NULL;NULL;NULL;SECRETARIA DE DESARROLLO E INCLUSIÓN SOCIAL;PROYECTO DE INTEGRACIÓN DE LA PROTECCIÓN SOCIAL / 6401-HN;12165831.000000000000000000000000000000;
2021;ATLÁNTIDA;NULL;NULL;NULL;DIRECCION NACIONAL DEL PROGRAMA DE CIUDAD MUJER;Centros de Atención Integral para mejorar las condiciones de vida de las mujeres hondureñas (Ciudad Mujer);2198997.750000000000000000000000000000;
2021;CHOLUTECA;NULL;NULL;NULL;DIRECCION NACIONAL DEL PROGRAMA DE CIUDAD MUJER;Centros de Atención Integral para mejorar las condiciones de vida de las mujeres hondureñas (Ciudad Mujer);2606997.750000000000000000000000000000;
2021;CORTÉS;NULL;NULL;NULL;DIRECCION NACIONAL DEL PROGRAMA DE CIUDAD MUJER;Centros de Atención Integral para mejorar las condiciones de vida de las mujeres hondureñas (Ciudad Mujer);2198997.750000000000000000000000000000;
2021;FRANCISCO MORAZÁN;NULL;NULL;NULL;DIRECCION NACIONAL DEL PROGRAMA DE CIUDAD MUJER;Centros de Atención Integral para mejorar las condiciones de vida de las mujeres hondureñas (Ciudad Mujer);2198997.750000000000000000000000000000;
2021;COMAYAGUA;NULL;NULL;NULL;AGENCIA ESTRATEGICA DE PROYECTOS PRODUCTIVOS, AMBIENTALES Y SOCIALES DE HONDURAS;MANEJO SOSTENIBLE DE BOSQUES;48708096.735777700000000000000000000000;
2021;FRANCISCO MORAZÁN;NULL;NULL;NULL;AGENCIA ESTRATEGICA DE PROYECTOS PRODUCTIVOS, AMBIENTALES Y SOCIALES DE HONDURAS;MANEJO SOSTENIBLE DE BOSQUES;158381449.538103000000000000000000000000;
2021;YORO;NULL;NULL;NULL;AGENCIA ESTRATEGICA DE PROYECTOS PRODUCTIVOS, AMBIENTALES Y SOCIALES DE HONDURAS;MANEJO SOSTENIBLE DE BOSQUES;2247819.726119500000000000000000000000;
2021;COPÁN;NULL;NULL;NULL;AGENCIA ESTRATEGICA DE PROYECTOS PRODUCTIVOS, AMBIENTALES Y SOCIALES DE HONDURAS;MEJORA DE LA CALIDAD EDUCATIVA PARA EL DESARROLLO DE HABILIDADES PARA EL EMPLEO: PROYECTO JOVEN;37201349.557071900000000000000000000000;
2021;CORTÉS;NULL;NULL;NULL;AGENCIA ESTRATEGICA DE PROYECTOS PRODUCTIVOS, AMBIENTALES Y SOCIALES DE HONDURAS;MEJORA DE LA CALIDAD EDUCATIVA PARA EL DESARROLLO DE HABILIDADES PARA EL EMPLEO: PROYECTO JOVEN;19236960.790000000000000000000000000000;
2021;FRANCISCO MORAZÁN;NULL;NULL;NULL;AGENCIA ESTRATEGICA DE PROYECTOS PRODUCTIVOS, AMBIENTALES Y SOCIALES DE HONDURAS;MEJORA DE LA CALIDAD EDUCATIVA PARA EL DESARROLLO DE HABILIDADES PARA EL EMPLEO: PROYECTO JOVEN;117606251.850001000000000000000000000000;
2021;INTIBUCA;NULL;NULL;NULL;AGENCIA ESTRATEGICA DE PROYECTOS PRODUCTIVOS, AMBIENTALES Y SOCIALES DE HONDURAS;MEJORA DE LA CALIDAD EDUCATIVA PARA EL DESARROLLO DE HABILIDADES PARA EL EMPLEO: PROYECTO JOVEN;29353586.715842400000000000000000000000;
2021;LA PAZ;NULL;NULL;NULL;AGENCIA ESTRATEGICA DE PROYECTOS PRODUCTIVOS, AMBIENTALES Y SOCIALES DE HONDURAS;MEJORA DE LA CALIDAD EDUCATIVA PARA EL DESARROLLO DE HABILIDADES PARA EL EMPLEO: PROYECTO JOVEN;26302373.957948800000000000000000000000;
2021;LEMPIRA;NULL;NULL;NULL;AGENCIA ESTRATEGICA DE PROYECTOS PRODUCTIVOS, AMBIENTALES Y SOCIALES DE HONDURAS;MEJORA DE LA CALIDAD EDUCATIVA PARA EL DESARROLLO DE HABILIDADES PARA EL EMPLEO: PROYECTO JOVEN;68939595.101160400000000000000000000000;
2021;OCOTEPEQUE;NULL;NULL;NULL;AGENCIA ESTRATEGICA DE PROYECTOS PRODUCTIVOS, AMBIENTALES Y SOCIALES DE HONDURAS;MEJORA DE LA CALIDAD EDUCATIVA PARA EL DESARROLLO DE HABILIDADES PARA EL EMPLEO: PROYECTO JOVEN;24904442.270904600000000000000000000000;
2021;SANTA BÁRBARA;NULL;NULL;NULL;AGENCIA ESTRATEGICA DE PROYECTOS PRODUCTIVOS, AMBIENTALES Y SOCIALES DE HONDURAS;MEJORA DE LA CALIDAD EDUCATIVA PARA EL DESARROLLO DE HABILIDADES PARA EL EMPLEO: PROYECTO JOVEN;44539857.757071900000000000000000000000;
2021;OLANCHO;NULL;NULL;NULL;UNIVERSIAD NACIONAL DE AGRICULTURA;PROYECTO INCLUSIÓN SOCIAL A LA EDUCACIÓN SUPERIOR E IMPULSO DE LA PRODUCCIÓN SUSTENTABLE (UNA/PINPROS);5195500.000000000000000000000000000000;
2021;COPÁN;NULL;NULL;NULL;EMPRESA NACIONAL DE ENERGIA ELECTRICA;APOYO A LA INTEGRACION DE HONDURAS EN EL MERCADO ELECTRICO REGIONAL (MER);1717500.000000000000000000000000000000;
2021;EL PARAISO;NULL;NULL;NULL;EMPRESA NACIONAL DE ENERGIA ELECTRICA;APOYO A LA INTEGRACION DE HONDURAS EN EL MERCADO ELECTRICO REGIONAL (MER);1717500.000000000000000000000000000000;
2021;FRANCISCO MORAZÁN;NULL;NULL;NULL;EMPRESA NACIONAL DE ENERGIA ELECTRICA;APOYO A LA INTEGRACION DE HONDURAS EN EL MERCADO ELECTRICO REGIONAL (MER);36965000.000000000000000000000000000000;
2021;FRANCISCO MORAZÁN;NULL;NULL;NULL;EMPRESA NACIONAL DE ENERGIA ELECTRICA;APOYO AL DESARROLLO SOSTENIBLE DE LAS ENERGÍAS RENOVABLES;17904000.000000000000000000000000000000;
2021;CHOLUTECA;NULL;NULL;NULL;EMPRESA NACIONAL DE ENERGIA ELECTRICA;APOYO AL PLAN ESTRATÉGICO DE ACCESO UNIVERSAL A ELECTRICIDAD;630000.000000000000000000000000000000;
2021;FRANCISCO MORAZÁN;NULL;NULL;NULL;EMPRESA NACIONAL DE ENERGIA ELECTRICA;APOYO AL PLAN ESTRATÉGICO DE ACCESO UNIVERSAL A ELECTRICIDAD;6620000.000000000000000000000000000000;
2021;GRACIAS A DIOS;NULL;NULL;NULL;EMPRESA NACIONAL DE ENERGIA ELECTRICA;APOYO AL PLAN ESTRATÉGICO DE ACCESO UNIVERSAL A ELECTRICIDAD;1375000.000000000000000000000000000000;
2021;ISLAS DE LA BAHÍA;NULL;NULL;NULL;EMPRESA NACIONAL DE ENERGIA ELECTRICA;APOYO AL PLAN ESTRATÉGICO DE ACCESO UNIVERSAL A ELECTRICIDAD;1375000.000000000000000000000000000000;
2021;COMAYAGUA;NULL;NULL;NULL;EMPRESA NACIONAL DE ENERGIA ELECTRICA;APOYO AL PROGRAMA NACIONAL DE TRANSMISIÓN DE ENERGÍA ELÉCTRICA;40855929.500000000000000000000000000000;
2021;CORTÉS;NULL;NULL;NULL;EMPRESA NACIONAL DE ENERGIA ELECTRICA;APOYO AL PROGRAMA NACIONAL DE TRANSMISIÓN DE ENERGÍA ELÉCTRICA;561581845.910000000000000000000000000000;
2021;FRANCISCO MORAZÁN;NULL;NULL;NULL;EMPRESA NACIONAL DE ENERGIA ELECTRICA;APOYO AL PROGRAMA NACIONAL DE TRANSMISIÓN DE ENERGÍA ELÉCTRICA;217047224.590000000000000000000000000000;
2021;CHOLUTECA;NULL;NULL;NULL;EMPRESA NACIONAL DE ENERGIA ELECTRICA;ELECTRIFICACIÓN RURAL EN LUGARES AISLADOS;12722500.000000000000000000000000000000;
2021;FRANCISCO MORAZÁN;NULL;NULL;NULL;EMPRESA NACIONAL DE ENERGIA ELECTRICA;ELECTRIFICACIÓN RURAL EN LUGARES AISLADOS;2740000.000000000000000000000000000000;
2021;GRACIAS A DIOS;NULL;NULL;NULL;EMPRESA NACIONAL DE ENERGIA ELECTRICA;ELECTRIFICACIÓN RURAL EN LUGARES AISLADOS;37676250.000000000000000000000000000000;
2021;ISLAS DE LA BAHÍA;NULL;NULL;NULL;EMPRESA NACIONAL DE ENERGIA ELECTRICA;ELECTRIFICACIÓN RURAL EN LUGARES AISLADOS;37326250.000000000000000000000000000000;
2021;CORTÉS;NULL;NULL;NULL;EMPRESA NACIONAL DE ENERGIA ELECTRICA;PROYECTO DE REHABILITACIÓN Y REPOTENCIACIÓN DEL COMPLEJO HIDROELÉCTRICO CAÑAVERAL-RÍO LINDO;739485696.000000000000000000000000000000;
2021;FRANCISCO MORAZÁN;NULL;NULL;NULL;EMPRESA NACIONAL DE ENERGIA ELECTRICA;PROYECTO DE REHABILITACIÓN Y REPOTENCIACIÓN DEL COMPLEJO HIDROELÉCTRICO CAÑAVERAL-RÍO LINDO;4750000.000000000000000000000000000000;
2021;CORTÉS;NULL;NULL;NULL;EMPRESA NACIONAL PORTUARIA;Construcción de Obras de Facilitación de Acceso al Recinto Portuario en Puerto Cortés;20443463.000000000000000000000000000000;
2021;FRANCISCO MORAZÁN;NULL;NULL;NULL;ALCALDIA MUNICIPAL DEL DISTRITO CENTRAL;PROYECTO DE TRANSPORTE PUBLICO PARA EL DISTRITO CENTRAL (TEGUCIGALPA - COMAYAGUELA);114525416.000000000000000000000000000000;
2021;FRANCISCO MORAZÁN;NULL;NULL;NULL;ALCALDIA MUNICIPAL DEL DISTRITO CENTRAL;PROYECTO PARA FORTALECER LA PRESTACION DE AGUA POTABLE DE TEGUCIGALPA;166597069.000000000000000000000000000000;
2022;Francisco Morazán;Gabinete de Infraestructura Productiva;PROMOCIÓN Y PROTECCIÓN HUMANA;AGUA Y SANEAMIENTO;0022 - Fondo Hondureño de Inversión Social;AMPLIACIÓN DEL SISTEMA DE ABASTECIMIENTO DE AGUA POTABLE EN LA CIUDAD DE GRACIAS DEPARTAMENTO DE LEMPIRA;28975869.000000000000000000000000000000;
2022;Lempira;Gabinete de Infraestructura Productiva;PROMOCIÓN Y PROTECCIÓN HUMANA;AGUA Y SANEAMIENTO;0022 - Fondo Hondureño de Inversión Social;AMPLIACIÓN DEL SISTEMA DE ABASTECIMIENTO DE AGUA POTABLE EN LA CIUDAD DE GRACIAS DEPARTAMENTO DE LEMPIRA;164196591.000000000000000000000000000000;
2022;Francisco Morazán;Gabinete de Infraestructura Productiva;PROMOCIÓN Y PROTECCIÓN HUMANA;PROTECCIÓN SOCIAL;0022 - Fondo Hondureño de Inversión Social;PROGRAMA DE CONVIVENCIA CIUDADANA Y MEJORAMIENTO DE BARRIOS;75224516.000000000000000000000000000000;
2022;Cortés;Gabinete de Infraestructura Productiva;PROMOCIÓN Y PROTECCIÓN HUMANA;PROTECCIÓN SOCIAL;0022 - Fondo Hondureño de Inversión Social;PROGRAMA DE INFRAESTRUCTURA PARA LA SEGURIDAD CIUDADANA;10612131.000000000000000000000000000000;
2022;Choluteca;Gabinete de Infraestructura Productiva;PROMOCIÓN Y PROTECCIÓN HUMANA;EDUCACIÓN;0022 - Fondo Hondureño de Inversión Social;PROGRAMA DE MEJORA DE LA INFRAESTRUCTURA ESCOLAR (PROMINE/KFW FASE II);6388895.150000000000000000000000000000;
2022;Comayagua;Gabinete de Infraestructura Productiva;PROMOCIÓN Y PROTECCIÓN HUMANA;EDUCACIÓN;0022 - Fondo Hondureño de Inversión Social;PROGRAMA DE MEJORA DE LA INFRAESTRUCTURA ESCOLAR (PROMINE/KFW FASE II);13047259.761853400000000000000000000000;
2022;Copán;Gabinete de Infraestructura Productiva;PROMOCIÓN Y PROTECCIÓN HUMANA;EDUCACIÓN;0022 - Fondo Hondureño de Inversión Social;PROGRAMA DE MEJORA DE LA INFRAESTRUCTURA ESCOLAR (PROMINE/KFW FASE II);22527159.326853500000000000000000000000;
2022;Francisco Morazán;Gabinete de Infraestructura Productiva;PROMOCIÓN Y PROTECCIÓN HUMANA;EDUCACIÓN;0022 - Fondo Hondureño de Inversión Social;PROGRAMA DE MEJORA DE LA INFRAESTRUCTURA ESCOLAR (PROMINE/KFW FASE II);29280496.174569000000000000000000000000;
2022;Gracias a Dios;Gabinete de Infraestructura Productiva;PROMOCIÓN Y PROTECCIÓN HUMANA;EDUCACIÓN;0022 - Fondo Hondureño de Inversión Social;PROGRAMA DE MEJORA DE LA INFRAESTRUCTURA ESCOLAR (PROMINE/KFW FASE II);68848064.014000000000000000000000000000;
2022;Lempira;Gabinete de Infraestructura Productiva;PROMOCIÓN Y PROTECCIÓN HUMANA;EDUCACIÓN;0022 - Fondo Hondureño de Inversión Social;PROGRAMA DE MEJORA DE LA INFRAESTRUCTURA ESCOLAR (PROMINE/KFW FASE II);13743700.740840500000000000000000000000;
2022;Ocotepeque;Gabinete de Infraestructura Productiva;PROMOCIÓN Y PROTECCIÓN HUMANA;EDUCACIÓN;0022 - Fondo Hondureño de Inversión Social;PROGRAMA DE MEJORA DE LA INFRAESTRUCTURA ESCOLAR (PROMINE/KFW FASE II);20230431.202337400000000000000000000000;
2022;Santa Bárbara;Gabinete de Infraestructura Productiva;PROMOCIÓN Y PROTECCIÓN HUMANA;EDUCACIÓN;0022 - Fondo Hondureño de Inversión Social;PROGRAMA DE MEJORA DE LA INFRAESTRUCTURA ESCOLAR (PROMINE/KFW FASE II);1535105.116000000000000000000000000000;
2022;Valle;Gabinete de Infraestructura Productiva;PROMOCIÓN Y PROTECCIÓN HUMANA;EDUCACIÓN;0022 - Fondo Hondureño de Inversión Social;PROGRAMA DE MEJORA DE LA INFRAESTRUCTURA ESCOLAR (PROMINE/KFW FASE II);12711807.511853500000000000000000000000;
2022;Atlántida;Gabinete de Infraestructura Productiva;PROMOCIÓN Y PROTECCIÓN HUMANA;EDUCACIÓN;0022 - Fondo Hondureño de Inversión Social;PROGRAMA DE MEJORAMIENTO INTEGRAL DE LA INFRAESTRUCTURA Y FORMACION EDUCATIVA EN HONDURAS;19873087.000000000000000000000000000000;
2022;Choluteca;Gabinete de Infraestructura Productiva;PROMOCIÓN Y PROTECCIÓN HUMANA;EDUCACIÓN;0022 - Fondo Hondureño de Inversión Social;PROGRAMA DE MEJORAMIENTO INTEGRAL DE LA INFRAESTRUCTURA Y FORMACION EDUCATIVA EN HONDURAS;14534746.000000000000000000000000000000;
2022;Colón;Gabinete de Infraestructura Productiva;PROMOCIÓN Y PROTECCIÓN HUMANA;EDUCACIÓN;0022 - Fondo Hondureño de Inversión Social;PROGRAMA DE MEJORAMIENTO INTEGRAL DE LA INFRAESTRUCTURA Y FORMACION EDUCATIVA EN HONDURAS;29945289.000000000000000000000000000000;
2022;Comayagua;Gabinete de Infraestructura Productiva;PROMOCIÓN Y PROTECCIÓN HUMANA;EDUCACIÓN;0022 - Fondo Hondureño de Inversión Social;PROGRAMA DE MEJORAMIENTO INTEGRAL DE LA INFRAESTRUCTURA Y FORMACION EDUCATIVA EN HONDURAS;27646660.000000000000000000000000000000;
2022;Copán;Gabinete de Infraestructura Productiva;PROMOCIÓN Y PROTECCIÓN HUMANA;EDUCACIÓN;0022 - Fondo Hondureño de Inversión Social;PROGRAMA DE MEJORAMIENTO INTEGRAL DE LA INFRAESTRUCTURA Y FORMACION EDUCATIVA EN HONDURAS;16778629.000000000000000000000000000000;
2022;Cortés;Gabinete de Infraestructura Productiva;PROMOCIÓN Y PROTECCIÓN HUMANA;EDUCACIÓN;0022 - Fondo Hondureño de Inversión Social;PROGRAMA DE MEJORAMIENTO INTEGRAL DE LA INFRAESTRUCTURA Y FORMACION EDUCATIVA EN HONDURAS;39910810.000000000000000000000000000000;
2022;El Paraíso;Gabinete de Infraestructura Productiva;PROMOCIÓN Y PROTECCIÓN HUMANA;EDUCACIÓN;0022 - Fondo Hondureño de Inversión Social;PROGRAMA DE MEJORAMIENTO INTEGRAL DE LA INFRAESTRUCTURA Y FORMACION EDUCATIVA EN HONDURAS;24849684.000000000000000000000000000000;
2022;Francisco Morazán;Gabinete de Infraestructura Productiva;PROMOCIÓN Y PROTECCIÓN HUMANA;EDUCACIÓN;0022 - Fondo Hondureño de Inversión Social;PROGRAMA DE MEJORAMIENTO INTEGRAL DE LA INFRAESTRUCTURA Y FORMACION EDUCATIVA EN HONDURAS;173525936.000000000000000000000000000000;
2022;Gracias a Dios;Gabinete de Infraestructura Productiva;PROMOCIÓN Y PROTECCIÓN HUMANA;EDUCACIÓN;0022 - Fondo Hondureño de Inversión Social;PROGRAMA DE MEJORAMIENTO INTEGRAL DE LA INFRAESTRUCTURA Y FORMACION EDUCATIVA EN HONDURAS;4716318.000000000000000000000000000000;
2022;Intibucá;Gabinete de Infraestructura Productiva;PROMOCIÓN Y PROTECCIÓN HUMANA;EDUCACIÓN;0022 - Fondo Hondureño de Inversión Social;PROGRAMA DE MEJORAMIENTO INTEGRAL DE LA INFRAESTRUCTURA Y FORMACION EDUCATIVA EN HONDURAS;22260952.000000000000000000000000000000;
2022;Islas de la Bahía;Gabinete de Infraestructura Productiva;PROMOCIÓN Y PROTECCIÓN HUMANA;EDUCACIÓN;0022 - Fondo Hondureño de Inversión Social;PROGRAMA DE MEJORAMIENTO INTEGRAL DE LA INFRAESTRUCTURA Y FORMACION EDUCATIVA EN HONDURAS;7892594.000000000000000000000000000000;
2022;La Paz;Gabinete de Infraestructura Productiva;PROMOCIÓN Y PROTECCIÓN HUMANA;EDUCACIÓN;0022 - Fondo Hondureño de Inversión Social;PROGRAMA DE MEJORAMIENTO INTEGRAL DE LA INFRAESTRUCTURA Y FORMACION EDUCATIVA EN HONDURAS;2513337.000000000000000000000000000000;
2022;Lempira;Gabinete de Infraestructura Productiva;PROMOCIÓN Y PROTECCIÓN HUMANA;EDUCACIÓN;0022 - Fondo Hondureño de Inversión Social;PROGRAMA DE MEJORAMIENTO INTEGRAL DE LA INFRAESTRUCTURA Y FORMACION EDUCATIVA EN HONDURAS;15357794.000000000000000000000000000000;
2022;Ocotepeque;Gabinete de Infraestructura Productiva;PROMOCIÓN Y PROTECCIÓN HUMANA;EDUCACIÓN;0022 - Fondo Hondureño de Inversión Social;PROGRAMA DE MEJORAMIENTO INTEGRAL DE LA INFRAESTRUCTURA Y FORMACION EDUCATIVA EN HONDURAS;4872741.000000000000000000000000000000;
2022;Olancho;Gabinete de Infraestructura Productiva;PROMOCIÓN Y PROTECCIÓN HUMANA;EDUCACIÓN;0022 - Fondo Hondureño de Inversión Social;PROGRAMA DE MEJORAMIENTO INTEGRAL DE LA INFRAESTRUCTURA Y FORMACION EDUCATIVA EN HONDURAS;42815494.000000000000000000000000000000;
2022;Santa Bárbara;Gabinete de Infraestructura Productiva;PROMOCIÓN Y PROTECCIÓN HUMANA;EDUCACIÓN;0022 - Fondo Hondureño de Inversión Social;PROGRAMA DE MEJORAMIENTO INTEGRAL DE LA INFRAESTRUCTURA Y FORMACION EDUCATIVA EN HONDURAS;16137419.000000000000000000000000000000;
2022;Valle;Gabinete de Infraestructura Productiva;PROMOCIÓN Y PROTECCIÓN HUMANA;EDUCACIÓN;0022 - Fondo Hondureño de Inversión Social;PROGRAMA DE MEJORAMIENTO INTEGRAL DE LA INFRAESTRUCTURA Y FORMACION EDUCATIVA EN HONDURAS;21884363.000000000000000000000000000000;
2022;Yoro;Gabinete de Infraestructura Productiva;PROMOCIÓN Y PROTECCIÓN HUMANA;EDUCACIÓN;0022 - Fondo Hondureño de Inversión Social;PROGRAMA DE MEJORAMIENTO INTEGRAL DE LA INFRAESTRUCTURA Y FORMACION EDUCATIVA EN HONDURAS;13951566.000000000000000000000000000000;
2022;Copán;Gabinete de Infraestructura Productiva;FORTALECIMIENTO INSTITUCIONAL;SEGURIDAD Y DEFENSA;0022 - Fondo Hondureño de Inversión Social;PROYECTO CONVIVENCIA Y ESPACIOS SEGUROS PARA LOS JÓVENES EN HONDURAS;12091150.000000000000000000000000000000;
2022;Francisco Morazán;Gabinete de Infraestructura Productiva;FORTALECIMIENTO INSTITUCIONAL;SEGURIDAD Y DEFENSA;0022 - Fondo Hondureño de Inversión Social;PROYECTO CONVIVENCIA Y ESPACIOS SEGUROS PARA LOS JÓVENES EN HONDURAS;5691176.000000000000000000000000000000;
2022;Intibucá;Gabinete de Infraestructura Productiva;FORTALECIMIENTO INSTITUCIONAL;SEGURIDAD Y DEFENSA;0022 - Fondo Hondureño de Inversión Social;PROYECTO CONVIVENCIA Y ESPACIOS SEGUROS PARA LOS JÓVENES EN HONDURAS;16542521.000000000000000000000000000000;
2022;Olancho;Gabinete de Infraestructura Productiva;FORTALECIMIENTO INSTITUCIONAL;SEGURIDAD Y DEFENSA;0022 - Fondo Hondureño de Inversión Social;PROYECTO CONVIVENCIA Y ESPACIOS SEGUROS PARA LOS JÓVENES EN HONDURAS;10393890.000000000000000000000000000000;
2022;Atlántida;Gabinete de Infraestructura Productiva;COMUNICACIONES Y ENERGÍA;TRANSPORTE Y OBRAS PUBLICAS;0022 - Fondo Hondureño de Inversión Social;PROYECTO RECUPERACIÓN DE EMERGENCIA A CAUSA DE CICLONES TROPICALES ETA E IOTA EN HONDURAS;1096419.669422000000000000000000000000;
2022;Comayagua;Gabinete de Infraestructura Productiva;COMUNICACIONES Y ENERGÍA;TRANSPORTE Y OBRAS PUBLICAS;0022 - Fondo Hondureño de Inversión Social;PROYECTO RECUPERACIÓN DE EMERGENCIA A CAUSA DE CICLONES TROPICALES ETA E IOTA EN HONDURAS;5586799.162615000000000000000000000000;
2022;Copán;Gabinete de Infraestructura Productiva;COMUNICACIONES Y ENERGÍA;TRANSPORTE Y OBRAS PUBLICAS;0022 - Fondo Hondureño de Inversión Social;PROYECTO RECUPERACIÓN DE EMERGENCIA A CAUSA DE CICLONES TROPICALES ETA E IOTA EN HONDURAS;2981361.521465800000000000000000000000;
2022;Cortés;Gabinete de Infraestructura Productiva;COMUNICACIONES Y ENERGÍA;TRANSPORTE Y OBRAS PUBLICAS;0022 - Fondo Hondureño de Inversión Social;PROYECTO RECUPERACIÓN DE EMERGENCIA A CAUSA DE CICLONES TROPICALES ETA E IOTA EN HONDURAS;578103624.869241000000000000000000000000;
2022;El Paraíso;Gabinete de Infraestructura Productiva;COMUNICACIONES Y ENERGÍA;TRANSPORTE Y OBRAS PUBLICAS;0022 - Fondo Hondureño de Inversión Social;PROYECTO RECUPERACIÓN DE EMERGENCIA A CAUSA DE CICLONES TROPICALES ETA E IOTA EN HONDURAS;2221291.804879400000000000000000000000;
2022;Francisco Morazán;Gabinete de Infraestructura Productiva;COMUNICACIONES Y ENERGÍA;TRANSPORTE Y OBRAS PUBLICAS;0022 - Fondo Hondureño de Inversión Social;PROYECTO RECUPERACIÓN DE EMERGENCIA A CAUSA DE CICLONES TROPICALES ETA E IOTA EN HONDURAS;114025609.537718000000000000000000000000;
2022;Intibucá;Gabinete de Infraestructura Productiva;COMUNICACIONES Y ENERGÍA;TRANSPORTE Y OBRAS PUBLICAS;0022 - Fondo Hondureño de Inversión Social;PROYECTO RECUPERACIÓN DE EMERGENCIA A CAUSA DE CICLONES TROPICALES ETA E IOTA EN HONDURAS;1651687.937020000000000000000000000000;
2022;Islas de la Bahía;Gabinete de Infraestructura Productiva;COMUNICACIONES Y ENERGÍA;TRANSPORTE Y OBRAS PUBLICAS;0022 - Fondo Hondureño de Inversión Social;PROYECTO RECUPERACIÓN DE EMERGENCIA A CAUSA DE CICLONES TROPICALES ETA E IOTA EN HONDURAS;2610107.687209000000000000000000000000;
2022;La Paz;Gabinete de Infraestructura Productiva;COMUNICACIONES Y ENERGÍA;TRANSPORTE Y OBRAS PUBLICAS;0022 - Fondo Hondureño de Inversión Social;PROYECTO RECUPERACIÓN DE EMERGENCIA A CAUSA DE CICLONES TROPICALES ETA E IOTA EN HONDURAS;6156411.893357000000000000000000000000;
2022;Lempira;Gabinete de Infraestructura Productiva;COMUNICACIONES Y ENERGÍA;TRANSPORTE Y OBRAS PUBLICAS;0022 - Fondo Hondureño de Inversión Social;PROYECTO RECUPERACIÓN DE EMERGENCIA A CAUSA DE CICLONES TROPICALES ETA E IOTA EN HONDURAS;8578285.898685800000000000000000000000;
2022;Ocotepeque;Gabinete de Infraestructura Productiva;COMUNICACIONES Y ENERGÍA;TRANSPORTE Y OBRAS PUBLICAS;0022 - Fondo Hondureño de Inversión Social;PROYECTO RECUPERACIÓN DE EMERGENCIA A CAUSA DE CICLONES TROPICALES ETA E IOTA EN HONDURAS;2491799.236608000000000000000000000000;
2022;Santa Bárbara;Gabinete de Infraestructura Productiva;COMUNICACIONES Y ENERGÍA;TRANSPORTE Y OBRAS PUBLICAS;0022 - Fondo Hondureño de Inversión Social;PROYECTO RECUPERACIÓN DE EMERGENCIA A CAUSA DE CICLONES TROPICALES ETA E IOTA EN HONDURAS;2527956.052307400000000000000000000000;
2022;Yoro;Gabinete de Infraestructura Productiva;COMUNICACIONES Y ENERGÍA;TRANSPORTE Y OBRAS PUBLICAS;0022 - Fondo Hondureño de Inversión Social;PROYECTO RECUPERACIÓN DE EMERGENCIA A CAUSA DE CICLONES TROPICALES ETA E IOTA EN HONDURAS;4310334.729472200000000000000000000000;
2022;Atlántida;Gabinete de Seguridad y Defensa;AGROFORESTAL Y TURISMO;RECURSOS FORESTAL Y AMBIENTE;0028 - Instituto Nacional de Conservación y Desarrollo Forestal;FORTALECIMIENTO DEL SISTEMA NACIONAL DE AREAS PROTEGIDAS DE HONDURAS- SINAPH (LIFEWEB);23324650.000000000000000000000000000000;
2022;Colón;Gabinete de Seguridad y Defensa;AGROFORESTAL Y TURISMO;RECURSOS FORESTAL Y AMBIENTE;0028 - Instituto Nacional de Conservación y Desarrollo Forestal;FORTALECIMIENTO DEL SISTEMA NACIONAL DE AREAS PROTEGIDAS DE HONDURAS- SINAPH (LIFEWEB);9578060.000000000000000000000000000000;
2022;Cortés;Gabinete de Seguridad y Defensa;AGROFORESTAL Y TURISMO;RECURSOS FORESTAL Y AMBIENTE;0028 - Instituto Nacional de Conservación y Desarrollo Forestal;FORTALECIMIENTO DEL SISTEMA NACIONAL DE AREAS PROTEGIDAS DE HONDURAS- SINAPH (LIFEWEB);13269572.000000000000000000000000000000;
2022;Islas de la Bahía;Gabinete de Seguridad y Defensa;AGROFORESTAL Y TURISMO;RECURSOS FORESTAL Y AMBIENTE;0028 - Instituto Nacional de Conservación y Desarrollo Forestal;FORTALECIMIENTO DEL SISTEMA NACIONAL DE AREAS PROTEGIDAS DE HONDURAS- SINAPH (LIFEWEB);17930963.000000000000000000000000000000;
2022;Yoro;Gabinete de Seguridad y Defensa;AGROFORESTAL Y TURISMO;RECURSOS FORESTAL Y AMBIENTE;0028 - Instituto Nacional de Conservación y Desarrollo Forestal;FORTALECIMIENTO DEL SISTEMA NACIONAL DE AREAS PROTEGIDAS DE HONDURAS- SINAPH (LIFEWEB);4451030.000000000000000000000000000000;
2022;Olancho;Gabinete de Seguridad y Defensa;AGROFORESTAL Y TURISMO;RECURSOS FORESTAL Y AMBIENTE;0028 - Instituto Nacional de Conservación y Desarrollo Forestal;Manejo Integrado de la Biósfera del Rio Platano(MI BIÓSFERA);8003685.000000000000000000000000000000;
2022;Choluteca;Gabinete de Infraestructura Productiva;AGROFORESTAL Y TURISMO;DESARROLLO PRODUCTIVO Y RIEGO;0031 - Inversión Estratégica de Honduras (INVEST-HONDURAS);ALIANZA PARA EL CORREDOR SECO (USAID-GAFSP);57985680.480000000000000000000000000000;
2022;El Paraíso;Gabinete de Infraestructura Productiva;AGROFORESTAL Y TURISMO;DESARROLLO PRODUCTIVO Y RIEGO;0031 - Inversión Estratégica de Honduras (INVEST-HONDURAS);ALIANZA PARA EL CORREDOR SECO (USAID-GAFSP);26734211.340000000000000000000000000000;
2022;Francisco Morazán;Gabinete de Infraestructura Productiva;AGROFORESTAL Y TURISMO;DESARROLLO PRODUCTIVO Y RIEGO;0031 - Inversión Estratégica de Honduras (INVEST-HONDURAS);ALIANZA PARA EL CORREDOR SECO (USAID-GAFSP);61501814.180000000000000000000000000000;
2022;Choluteca;Gabinete de Infraestructura Productiva;COMUNICACIONES Y ENERGÍA;CARRETERAS;0031 - Inversión Estratégica de Honduras (INVEST-HONDURAS);CORREDOR PACÍFICO-PROGRAMA DE INTEGRACIÓN VIAL REGIONAL;24380631.309026500000000000000000000000;
2022;Francisco Morazán;Gabinete de Infraestructura Productiva;COMUNICACIONES Y ENERGÍA;CARRETERAS;0031 - Inversión Estratégica de Honduras (INVEST-HONDURAS);CORREDOR PACÍFICO-PROGRAMA DE INTEGRACIÓN VIAL REGIONAL;8999655.000000000000000000000000000000;
2022;Valle;Gabinete de Infraestructura Productiva;COMUNICACIONES Y ENERGÍA;CARRETERAS;0031 - Inversión Estratégica de Honduras (INVEST-HONDURAS);CORREDOR PACÍFICO-PROGRAMA DE INTEGRACIÓN VIAL REGIONAL;14075696.690973500000000000000000000000;
2022;Comayagua;Gabinete de Infraestructura Productiva;PROMOCIÓN Y PROTECCIÓN HUMANA;AGUA Y SANEAMIENTO ;0031 - Inversión Estratégica de Honduras (INVEST-HONDURAS);FORTALECIMIENTO DEL ABASTECIMIENTO DE AGUA URBANA;2583347.372814110000000000000000000000;
2022;Francisco Morazán;Gabinete de Infraestructura Productiva;PROMOCIÓN Y PROTECCIÓN HUMANA;AGUA Y SANEAMIENTO ;0031 - Inversión Estratégica de Honduras (INVEST-HONDURAS);FORTALECIMIENTO DEL ABASTECIMIENTO DE AGUA URBANA;77500415.627185900000000000000000000000;
2022;Atlántida;Gabinete de Infraestructura Productiva;AGROFORESTAL Y TURISMO;DESARROLLO PRODUCTIVO Y RIEGO;0031 - Inversión Estratégica de Honduras (INVEST-HONDURAS);INTEGRANDO LA INNOVACIÓN PARA LA COMPETITIVIDAD RURAL (COMRURAL II)TIPO DE PROYECTO: INVERSIÓN PÚBLICA;40000000.000000000000000000000000000000;
2022;Comayagua;Gabinete de Infraestructura Productiva;AGROFORESTAL Y TURISMO;DESARROLLO PRODUCTIVO Y RIEGO;0031 - Inversión Estratégica de Honduras (INVEST-HONDURAS);INTEGRANDO LA INNOVACIÓN PARA LA COMPETITIVIDAD RURAL (COMRURAL II)TIPO DE PROYECTO: INVERSIÓN PÚBLICA;60000000.000000000000000000000000000000;
2022;Copán;Gabinete de Infraestructura Productiva;AGROFORESTAL Y TURISMO;DESARROLLO PRODUCTIVO Y RIEGO;0031 - Inversión Estratégica de Honduras (INVEST-HONDURAS);INTEGRANDO LA INNOVACIÓN PARA LA COMPETITIVIDAD RURAL (COMRURAL II)TIPO DE PROYECTO: INVERSIÓN PÚBLICA;90000000.000000000000000000000000000000;
2022;El Paraíso;Gabinete de Infraestructura Productiva;AGROFORESTAL Y TURISMO;DESARROLLO PRODUCTIVO Y RIEGO;0031 - Inversión Estratégica de Honduras (INVEST-HONDURAS);INTEGRANDO LA INNOVACIÓN PARA LA COMPETITIVIDAD RURAL (COMRURAL II)TIPO DE PROYECTO: INVERSIÓN PÚBLICA;60000000.000000000000000000000000000000;
2022;Francisco Morazán;Gabinete de Infraestructura Productiva;AGROFORESTAL Y TURISMO;DESARROLLO PRODUCTIVO Y RIEGO;0031 - Inversión Estratégica de Honduras (INVEST-HONDURAS);INTEGRANDO LA INNOVACIÓN PARA LA COMPETITIVIDAD RURAL (COMRURAL II)TIPO DE PROYECTO: INVERSIÓN PÚBLICA;421331116.000000000000000000000000000000;
2022;Francisco Morazán;Gabinete de Infraestructura Productiva;COMUNICACIONES Y ENERGÍA;CARRETERAS;0031 - Inversión Estratégica de Honduras (INVEST-HONDURAS);LIBRAMIENTO ANILLO PERIFÉRICO CA-5 SUR;257796154.000000000000000000000000000000;
2022;Comayagua;Gabinete de Infraestructura Productiva;COMUNICACIONES Y ENERGÍA;CARRETERAS;0031 - Inversión Estratégica de Honduras (INVEST-HONDURAS);PROYECTO CARRETERA VILLA DE SAN ANTONIO - GOASCORAN SECCION I;2425480.000000000000000000000000000000;
2022;Choluteca;Gabinete de Infraestructura Productiva;AGROFORESTAL Y TURISMO;DESARROLLO PRODUCTIVO Y RIEGO;0031 - Inversión Estratégica de Honduras (INVEST-HONDURAS);PROYECTO DE SEGURIDAD HÍDRICA EN EL CORREDOR SECO DE HONDURAS;11620610.549499800000000000000000000000;
2022;Francisco Morazán;Gabinete de Infraestructura Productiva;AGROFORESTAL Y TURISMO;DESARROLLO PRODUCTIVO Y RIEGO;0031 - Inversión Estratégica de Honduras (INVEST-HONDURAS);PROYECTO DE SEGURIDAD HÍDRICA EN EL CORREDOR SECO DE HONDURAS;12865287.267858000000000000000000000000;
2022;Intibucá;Gabinete de Infraestructura Productiva;AGROFORESTAL Y TURISMO;DESARROLLO PRODUCTIVO Y RIEGO;0031 - Inversión Estratégica de Honduras (INVEST-HONDURAS);PROYECTO DE SEGURIDAD HÍDRICA EN EL CORREDOR SECO DE HONDURAS;180718.911993412000000000000000000000;
2022;La Paz;Gabinete de Infraestructura Productiva;AGROFORESTAL Y TURISMO;DESARROLLO PRODUCTIVO Y RIEGO;0031 - Inversión Estratégica de Honduras (INVEST-HONDURAS);PROYECTO DE SEGURIDAD HÍDRICA EN EL CORREDOR SECO DE HONDURAS;11535249.701707200000000000000000000000;
2022;Valle;Gabinete de Infraestructura Productiva;AGROFORESTAL Y TURISMO;DESARROLLO PRODUCTIVO Y RIEGO;0031 - Inversión Estratégica de Honduras (INVEST-HONDURAS);PROYECTO DE SEGURIDAD HÍDRICA EN EL CORREDOR SECO DE HONDURAS;38154043.568941600000000000000000000000;
2022;Copán;Gabinete de Infraestructura Productiva;AGROFORESTAL Y TURISMO;DESARROLLO PRODUCTIVO Y RIEGO;0031 - Inversión Estratégica de Honduras (INVEST-HONDURAS);PROYECTO INTEGRAL DE DESARROLLO RURAL Y PRODUCTIVIDAD;28547474.236237400000000000000000000000;
2022;Francisco Morazán;Gabinete de Infraestructura Productiva;AGROFORESTAL Y TURISMO;DESARROLLO PRODUCTIVO Y RIEGO;0031 - Inversión Estratégica de Honduras (INVEST-HONDURAS);PROYECTO INTEGRAL DE DESARROLLO RURAL Y PRODUCTIVIDAD;81097435.490656100000000000000000000000;
2022;Intibucá;Gabinete de Infraestructura Productiva;AGROFORESTAL Y TURISMO;DESARROLLO PRODUCTIVO Y RIEGO;0031 - Inversión Estratégica de Honduras (INVEST-HONDURAS);PROYECTO INTEGRAL DE DESARROLLO RURAL Y PRODUCTIVIDAD;14528162.530448600000000000000000000000;
2022;La Paz;Gabinete de Infraestructura Productiva;AGROFORESTAL Y TURISMO;DESARROLLO PRODUCTIVO Y RIEGO;0031 - Inversión Estratégica de Honduras (INVEST-HONDURAS);PROYECTO INTEGRAL DE DESARROLLO RURAL Y PRODUCTIVIDAD;12507577.376208900000000000000000000000;
2022;Lempira;Gabinete de Infraestructura Productiva;AGROFORESTAL Y TURISMO;DESARROLLO PRODUCTIVO Y RIEGO;0031 - Inversión Estratégica de Honduras (INVEST-HONDURAS);PROYECTO INTEGRAL DE DESARROLLO RURAL Y PRODUCTIVIDAD;20205426.141122200000000000000000000000;
2022;Ocotepeque;Gabinete de Infraestructura Productiva;AGROFORESTAL Y TURISMO;DESARROLLO PRODUCTIVO Y RIEGO;0031 - Inversión Estratégica de Honduras (INVEST-HONDURAS);PROYECTO INTEGRAL DE DESARROLLO RURAL Y PRODUCTIVIDAD;7044716.007944470000000000000000000000;
2022;Santa Bárbara;Gabinete de Infraestructura Productiva;AGROFORESTAL Y TURISMO;DESARROLLO PRODUCTIVO Y RIEGO;0031 - Inversión Estratégica de Honduras (INVEST-HONDURAS);PROYECTO INTEGRAL DE DESARROLLO RURAL Y PRODUCTIVIDAD;21332243.217382100000000000000000000000;
2022;Francisco Morazán;Gabinete de Conducción y Regulación Económico;FORTALECIMIENTO INSTITUCIONAL;MODERNIZACIÓN DEL ESTADO;0037 - Servicio de Administración de Rentas;FORTALECIMIENTO INSTITUCIONAL Y OPERATIVO DE LA ADMINISTRACIÓN TRIBUTARIA;146320247.000000000000000000000000000000;
2022;Atlántida;Gabinete Desarrollo e Inclusión;PROMOCIÓN Y PROTECCIÓN HUMANA;EDUCACIÓN;0050 - Secretaría de Educación;MEJORAMIENTO DE LA CALIDAD EN LA EDUCACIÓN PREBÁSICA EN HONDURAS;22822921.334564000000000000000000000000;
2022;Choluteca;Gabinete Desarrollo e Inclusión;PROMOCIÓN Y PROTECCIÓN HUMANA;EDUCACIÓN;0050 - Secretaría de Educación;MEJORAMIENTO DE LA CALIDAD EN LA EDUCACIÓN PREBÁSICA EN HONDURAS;17211509.071219400000000000000000000000;
2022;Colón;Gabinete Desarrollo e Inclusión;PROMOCIÓN Y PROTECCIÓN HUMANA;EDUCACIÓN;0050 - Secretaría de Educación;MEJORAMIENTO DE LA CALIDAD EN LA EDUCACIÓN PREBÁSICA EN HONDURAS;11858554.422976800000000000000000000000;
2022;Comayagua;Gabinete Desarrollo e Inclusión;PROMOCIÓN Y PROTECCIÓN HUMANA;EDUCACIÓN;0050 - Secretaría de Educación;MEJORAMIENTO DE LA CALIDAD EN LA EDUCACIÓN PREBÁSICA EN HONDURAS;19960004.560855500000000000000000000000;
2022;Copán;Gabinete Desarrollo e Inclusión;PROMOCIÓN Y PROTECCIÓN HUMANA;EDUCACIÓN;0050 - Secretaría de Educación;MEJORAMIENTO DE LA CALIDAD EN LA EDUCACIÓN PREBÁSICA EN HONDURAS;18210643.629678800000000000000000000000;
2022;Cortés;Gabinete Desarrollo e Inclusión;PROMOCIÓN Y PROTECCIÓN HUMANA;EDUCACIÓN;0050 - Secretaría de Educación;MEJORAMIENTO DE LA CALIDAD EN LA EDUCACIÓN PREBÁSICA EN HONDURAS;74748142.201016700000000000000000000000;
2022;El Paraíso;Gabinete Desarrollo e Inclusión;PROMOCIÓN Y PROTECCIÓN HUMANA;EDUCACIÓN;0050 - Secretaría de Educación;MEJORAMIENTO DE LA CALIDAD EN LA EDUCACIÓN PREBÁSICA EN HONDURAS;17743194.228723300000000000000000000000;
2022;Francisco Morazán;Gabinete Desarrollo e Inclusión;PROMOCIÓN Y PROTECCIÓN HUMANA;EDUCACIÓN;0050 - Secretaría de Educación;MEJORAMIENTO DE LA CALIDAD EN LA EDUCACIÓN PREBÁSICA EN HONDURAS;78704151.754342600000000000000000000000;
2022;Gracias a Dios;Gabinete Desarrollo e Inclusión;PROMOCIÓN Y PROTECCIÓN HUMANA;EDUCACIÓN;0050 - Secretaría de Educación;MEJORAMIENTO DE LA CALIDAD EN LA EDUCACIÓN PREBÁSICA EN HONDURAS;6329037.378348720000000000000000000000;
2022;Intibucá;Gabinete Desarrollo e Inclusión;PROMOCIÓN Y PROTECCIÓN HUMANA;EDUCACIÓN;0050 - Secretaría de Educación;MEJORAMIENTO DE LA CALIDAD EN LA EDUCACIÓN PREBÁSICA EN HONDURAS;9132938.893449060000000000000000000000;
2022;Islas de la Bahía;Gabinete Desarrollo e Inclusión;PROMOCIÓN Y PROTECCIÓN HUMANA;EDUCACIÓN;0050 - Secretaría de Educación;MEJORAMIENTO DE LA CALIDAD EN LA EDUCACIÓN PREBÁSICA EN HONDURAS;2973513.989330830000000000000000000000;
2022;La Paz;Gabinete Desarrollo e Inclusión;PROMOCIÓN Y PROTECCIÓN HUMANA;EDUCACIÓN;0050 - Secretaría de Educación;MEJORAMIENTO DE LA CALIDAD EN LA EDUCACIÓN PREBÁSICA EN HONDURAS;9247403.144582700000000000000000000000;
2022;Lempira;Gabinete Desarrollo e Inclusión;PROMOCIÓN Y PROTECCIÓN HUMANA;EDUCACIÓN;0050 - Secretaría de Educación;MEJORAMIENTO DE LA CALIDAD EN LA EDUCACIÓN PREBÁSICA EN HONDURAS;15151367.386120200000000000000000000000;
2022;Ocotepeque;Gabinete Desarrollo e Inclusión;PROMOCIÓN Y PROTECCIÓN HUMANA;EDUCACIÓN;0050 - Secretaría de Educación;MEJORAMIENTO DE LA CALIDAD EN LA EDUCACIÓN PREBÁSICA EN HONDURAS;5720698.983599200000000000000000000000;
2022;Olancho;Gabinete Desarrollo e Inclusión;PROMOCIÓN Y PROTECCIÓN HUMANA;EDUCACIÓN;0050 - Secretaría de Educación;MEJORAMIENTO DE LA CALIDAD EN LA EDUCACIÓN PREBÁSICA EN HONDURAS;27365635.367307400000000000000000000000;
2022;Santa Bárbara;Gabinete Desarrollo e Inclusión;PROMOCIÓN Y PROTECCIÓN HUMANA;EDUCACIÓN;0050 - Secretaría de Educación;MEJORAMIENTO DE LA CALIDAD EN LA EDUCACIÓN PREBÁSICA EN HONDURAS;16333305.306609700000000000000000000000;
2022;Valle;Gabinete Desarrollo e Inclusión;PROMOCIÓN Y PROTECCIÓN HUMANA;EDUCACIÓN;0050 - Secretaría de Educación;MEJORAMIENTO DE LA CALIDAD EN LA EDUCACIÓN PREBÁSICA EN HONDURAS;6778698.415952410000000000000000000000;
2022;Yoro;Gabinete Desarrollo e Inclusión;PROMOCIÓN Y PROTECCIÓN HUMANA;EDUCACIÓN;0050 - Secretaría de Educación;MEJORAMIENTO DE LA CALIDAD EN LA EDUCACIÓN PREBÁSICA EN HONDURAS;26452434.931320700000000000000000000000;
2022;Francisco Morazán;Gabinete Desarrollo e Inclusión;PROMOCIÓN Y PROTECCIÓN HUMANA;EDUCACIÓN;0050 - Secretaría de Educación;PROGRAMA DE MEJORA DE LA INFRAESTRUCTURA ESCOLAR (PROMINE FASE IV Y V)[2014 67 414 (KFW) / FHIS - SE][BMZ 2016 68 763];14639556.000000000000000000000000000000;
2022;Copán;Gabinete Desarrollo e Inclusión;PROMOCIÓN Y PROTECCIÓN HUMANA;SALUD;0060 - Secretaría de Salud;APOYO AL SISTEMA INTEGRAL DE PROTECCIÓN SOCIAL (BID 5008/BL-HO);5363694.351571900000000000000000000000;
2022;Francisco Morazán;Gabinete Desarrollo e Inclusión;PROMOCIÓN Y PROTECCIÓN HUMANA;SALUD;0060 - Secretaría de Salud;APOYO AL SISTEMA INTEGRAL DE PROTECCIÓN SOCIAL (BID 5008/BL-HO);6300851.242140480000000000000000000000;
2022;La Paz;Gabinete Desarrollo e Inclusión;PROMOCIÓN Y PROTECCIÓN HUMANA;SALUD;0060 - Secretaría de Salud;APOYO AL SISTEMA INTEGRAL DE PROTECCIÓN SOCIAL (BID 5008/BL-HO);10727388.703143800000000000000000000000;
2022;Ocotepeque;Gabinete Desarrollo e Inclusión;PROMOCIÓN Y PROTECCIÓN HUMANA;SALUD;0060 - Secretaría de Salud;APOYO AL SISTEMA INTEGRAL DE PROTECCIÓN SOCIAL (BID 5008/BL-HO);5363694.351571900000000000000000000000;
2022;Olancho;Gabinete Desarrollo e Inclusión;PROMOCIÓN Y PROTECCIÓN HUMANA;SALUD;0060 - Secretaría de Salud;APOYO AL SISTEMA INTEGRAL DE PROTECCIÓN SOCIAL (BID 5008/BL-HO);5363694.351571900000000000000000000000;
2022;Atlántida;Gabinete Desarrollo e Inclusión;PROMOCIÓN Y PROTECCIÓN HUMANA;SALUD;0060 - Secretaría de Salud;APOYO PARA LA IMPLEMENTACIÓN DEL PLAN NACIONAL DE INTRODUCCIÓN DE LA VACUNA CONTRA LA COVID-19 EN HONDURAS (BCIE 2271);423994.807677381000000000000000000000;
2022;Choluteca;Gabinete Desarrollo e Inclusión;PROMOCIÓN Y PROTECCIÓN HUMANA;SALUD;0060 - Secretaría de Salud;APOYO PARA LA IMPLEMENTACIÓN DEL PLAN NACIONAL DE INTRODUCCIÓN DE LA VACUNA CONTRA LA COVID-19 EN HONDURAS (BCIE 2271);2729839.325547760000000000000000000000;
2022;Colón;Gabinete Desarrollo e Inclusión;PROMOCIÓN Y PROTECCIÓN HUMANA;SALUD;0060 - Secretaría de Salud;APOYO PARA LA IMPLEMENTACIÓN DEL PLAN NACIONAL DE INTRODUCCIÓN DE LA VACUNA CONTRA LA COVID-19 EN HONDURAS (BCIE 2271);362932.314504463000000000000000000000;
2022;Comayagua;Gabinete Desarrollo e Inclusión;PROMOCIÓN Y PROTECCIÓN HUMANA;SALUD;0060 - Secretaría de Salud;APOYO PARA LA IMPLEMENTACIÓN DEL PLAN NACIONAL DE INTRODUCCIÓN DE LA VACUNA CONTRA LA COVID-19 EN HONDURAS (BCIE 2271);129107.251314258000000000000000000000;
2022;Copán;Gabinete Desarrollo e Inclusión;PROMOCIÓN Y PROTECCIÓN HUMANA;SALUD;0060 - Secretaría de Salud;APOYO PARA LA IMPLEMENTACIÓN DEL PLAN NACIONAL DE INTRODUCCIÓN DE LA VACUNA CONTRA LA COVID-19 EN HONDURAS (BCIE 2271);1143620.653635820000000000000000000000;
2022;Cortés;Gabinete Desarrollo e Inclusión;PROMOCIÓN Y PROTECCIÓN HUMANA;SALUD;0060 - Secretaría de Salud;APOYO PARA LA IMPLEMENTACIÓN DEL PLAN NACIONAL DE INTRODUCCIÓN DE LA VACUNA CONTRA LA COVID-19 EN HONDURAS (BCIE 2271);15149898.716437900000000000000000000000;
2022;El Paraíso;Gabinete Desarrollo e Inclusión;PROMOCIÓN Y PROTECCIÓN HUMANA;SALUD;0060 - Secretaría de Salud;APOYO PARA LA IMPLEMENTACIÓN DEL PLAN NACIONAL DE INTRODUCCIÓN DE LA VACUNA CONTRA LA COVID-19 EN HONDURAS (BCIE 2271);154983.654588435000000000000000000000;
2022;Francisco Morazán;Gabinete Desarrollo e Inclusión;PROMOCIÓN Y PROTECCIÓN HUMANA;SALUD;0060 - Secretaría de Salud;APOYO PARA LA IMPLEMENTACIÓN DEL PLAN NACIONAL DE INTRODUCCIÓN DE LA VACUNA CONTRA LA COVID-19 EN HONDURAS (BCIE 2271);20635469.933458000000000000000000000000;
2022;Gracias a Dios;Gabinete Desarrollo e Inclusión;PROMOCIÓN Y PROTECCIÓN HUMANA;SALUD;0060 - Secretaría de Salud;APOYO PARA LA IMPLEMENTACIÓN DEL PLAN NACIONAL DE INTRODUCCIÓN DE LA VACUNA CONTRA LA COVID-19 EN HONDURAS (BCIE 2271);238302.117348199000000000000000000000;
2022;Intibucá;Gabinete Desarrollo e Inclusión;PROMOCIÓN Y PROTECCIÓN HUMANA;SALUD;0060 - Secretaría de Salud;APOYO PARA LA IMPLEMENTACIÓN DEL PLAN NACIONAL DE INTRODUCCIÓN DE LA VACUNA CONTRA LA COVID-19 EN HONDURAS (BCIE 2271);239385.014924320000000000000000000000;
2022;Islas de la Bahía;Gabinete Desarrollo e Inclusión;PROMOCIÓN Y PROTECCIÓN HUMANA;SALUD;0060 - Secretaría de Salud;APOYO PARA LA IMPLEMENTACIÓN DEL PLAN NACIONAL DE INTRODUCCIÓN DE LA VACUNA CONTRA LA COVID-19 EN HONDURAS (BCIE 2271);95602.077056063300000000000000000000;
2022;La Paz;Gabinete Desarrollo e Inclusión;PROMOCIÓN Y PROTECCIÓN HUMANA;SALUD;0060 - Secretaría de Salud;APOYO PARA LA IMPLEMENTACIÓN DEL PLAN NACIONAL DE INTRODUCCIÓN DE LA VACUNA CONTRA LA COVID-19 EN HONDURAS (BCIE 2271);81217.318209081600000000000000000000;
2022;Lempira;Gabinete Desarrollo e Inclusión;PROMOCIÓN Y PROTECCIÓN HUMANA;SALUD;0060 - Secretaría de Salud;APOYO PARA LA IMPLEMENTACIÓN DEL PLAN NACIONAL DE INTRODUCCIÓN DE LA VACUNA CONTRA LA COVID-19 EN HONDURAS (BCIE 2271);172277.690505592000000000000000000000;
2022;Ocotepeque;Gabinete Desarrollo e Inclusión;PROMOCIÓN Y PROTECCIÓN HUMANA;SALUD;0060 - Secretaría de Salud;APOYO PARA LA IMPLEMENTACIÓN DEL PLAN NACIONAL DE INTRODUCCIÓN DE LA VACUNA CONTRA LA COVID-19 EN HONDURAS (BCIE 2271);365243.573510214000000000000000000000;
2022;Olancho;Gabinete Desarrollo e Inclusión;PROMOCIÓN Y PROTECCIÓN HUMANA;SALUD;0060 - Secretaría de Salud;APOYO PARA LA IMPLEMENTACIÓN DEL PLAN NACIONAL DE INTRODUCCIÓN DE LA VACUNA CONTRA LA COVID-19 EN HONDURAS (BCIE 2271);515346.107680909000000000000000000000;
2022;Santa Bárbara;Gabinete Desarrollo e Inclusión;PROMOCIÓN Y PROTECCIÓN HUMANA;SALUD;0060 - Secretaría de Salud;APOYO PARA LA IMPLEMENTACIÓN DEL PLAN NACIONAL DE INTRODUCCIÓN DE LA VACUNA CONTRA LA COVID-19 EN HONDURAS (BCIE 2271);319551.760858060000000000000000000000;
2022;Valle;Gabinete Desarrollo e Inclusión;PROMOCIÓN Y PROTECCIÓN HUMANA;SALUD;0060 - Secretaría de Salud;APOYO PARA LA IMPLEMENTACIÓN DEL PLAN NACIONAL DE INTRODUCCIÓN DE LA VACUNA CONTRA LA COVID-19 EN HONDURAS (BCIE 2271);1001922.697667850000000000000000000000;
2022;Yoro;Gabinete Desarrollo e Inclusión;PROMOCIÓN Y PROTECCIÓN HUMANA;SALUD;0060 - Secretaría de Salud;APOYO PARA LA IMPLEMENTACIÓN DEL PLAN NACIONAL DE INTRODUCCIÓN DE LA VACUNA CONTRA LA COVID-19 EN HONDURAS (BCIE 2271);1593006.985075680000000000000000000000;
2022;Atlántida;Gabinete Desarrollo e Inclusión;PROMOCIÓN Y PROTECCIÓN HUMANA;SALUD;0060 - Secretaría de Salud;HONDURAS - INICIATIVA REGIONAL DE ELIMINACIÓN DE LA MALARIA (IREM EN MESOAMÉRICA Y REPÚBLICA DOMINICANA (HO-G1251;1046746.070322410000000000000000000000;
2022;Choluteca;Gabinete Desarrollo e Inclusión;PROMOCIÓN Y PROTECCIÓN HUMANA;SALUD;0060 - Secretaría de Salud;HONDURAS - INICIATIVA REGIONAL DE ELIMINACIÓN DE LA MALARIA (IREM EN MESOAMÉRICA Y REPÚBLICA DOMINICANA (HO-G1251;1815223.514878150000000000000000000000;
2022;Colón;Gabinete Desarrollo e Inclusión;PROMOCIÓN Y PROTECCIÓN HUMANA;SALUD;0060 - Secretaría de Salud;HONDURAS - INICIATIVA REGIONAL DE ELIMINACIÓN DE LA MALARIA (IREM EN MESOAMÉRICA Y REPÚBLICA DOMINICANA (HO-G1251;987854.492799004000000000000000000000;
2022;Comayagua;Gabinete Desarrollo e Inclusión;PROMOCIÓN Y PROTECCIÓN HUMANA;SALUD;0060 - Secretaría de Salud;HONDURAS - INICIATIVA REGIONAL DE ELIMINACIÓN DE LA MALARIA (IREM EN MESOAMÉRICA Y REPÚBLICA DOMINICANA (HO-G1251;1671268.071428150000000000000000000000;
2022;Cortés;Gabinete Desarrollo e Inclusión;PROMOCIÓN Y PROTECCIÓN HUMANA;SALUD;0060 - Secretaría de Salud;HONDURAS - INICIATIVA REGIONAL DE ELIMINACIÓN DE LA MALARIA (IREM EN MESOAMÉRICA Y REPÚBLICA DOMINICANA (HO-G1251;1947577.189027620000000000000000000000;
2022;Francisco Morazán;Gabinete Desarrollo e Inclusión;PROMOCIÓN Y PROTECCIÓN HUMANA;SALUD;0060 - Secretaría de Salud;HONDURAS - INICIATIVA REGIONAL DE ELIMINACIÓN DE LA MALARIA (IREM EN MESOAMÉRICA Y REPÚBLICA DOMINICANA (HO-G1251;14910378.311150700000000000000000000000;
2022;Islas de la Bahía;Gabinete Desarrollo e Inclusión;PROMOCIÓN Y PROTECCIÓN HUMANA;SALUD;0060 - Secretaría de Salud;HONDURAS - INICIATIVA REGIONAL DE ELIMINACIÓN DE LA MALARIA (IREM EN MESOAMÉRICA Y REPÚBLICA DOMINICANA (HO-G1251;201922.343949135000000000000000000000;
2022;Olancho;Gabinete Desarrollo e Inclusión;PROMOCIÓN Y PROTECCIÓN HUMANA;SALUD;0060 - Secretaría de Salud;HONDURAS - INICIATIVA REGIONAL DE ELIMINACIÓN DE LA MALARIA (IREM EN MESOAMÉRICA Y REPÚBLICA DOMINICANA (HO-G1251;344828.556425554000000000000000000000;
2022;Valle;Gabinete Desarrollo e Inclusión;PROMOCIÓN Y PROTECCIÓN HUMANA;SALUD;0060 - Secretaría de Salud;HONDURAS - INICIATIVA REGIONAL DE ELIMINACIÓN DE LA MALARIA (IREM EN MESOAMÉRICA Y REPÚBLICA DOMINICANA (HO-G1251;159645.725180900000000000000000000000;
2022;Yoro;Gabinete Desarrollo e Inclusión;PROMOCIÓN Y PROTECCIÓN HUMANA;SALUD;0060 - Secretaría de Salud;HONDURAS - INICIATIVA REGIONAL DE ELIMINACIÓN DE LA MALARIA (IREM EN MESOAMÉRICA Y REPÚBLICA DOMINICANA (HO-G1251;1136571.724838360000000000000000000000;
2022;Cortés;Gabinete Desarrollo e Inclusión;PROMOCIÓN Y PROTECCIÓN HUMANA;SALUD;0060 - Secretaría de Salud;MEJORA DE LA EFICIENCIA EN LA GESTIÓN DE LA INFORMÁTICA EN SALUD EN HONDURAS (CHINA-TAIWAN-SESAL_24191-1);2829231.989162170000000000000000000000;
2022;El Paraíso;Gabinete Desarrollo e Inclusión;PROMOCIÓN Y PROTECCIÓN HUMANA;SALUD;0060 - Secretaría de Salud;MEJORA DE LA EFICIENCIA EN LA GESTIÓN DE LA INFORMÁTICA EN SALUD EN HONDURAS (CHINA-TAIWAN-SESAL_24191-1);4823499.010837830000000000000000000000;
2022;Copán;Gabinete Desarrollo e Inclusión;PROMOCIÓN Y PROTECCIÓN HUMANA;SALUD;0060 - Secretaría de Salud;RESPUESTA INMEDIATA DE SALUD PARA CONTENER Y CONTROLAR EL CORONAVIRUS (COVID - 19) Y MITIGR SU EFECTO EN LA PRESTACIÓN DEL SERVICIO EN HONDURAS (BID 4518/BL-HO-3);166991.596459594000000000000000000000;
2022;Francisco Morazán;Gabinete Desarrollo e Inclusión;PROMOCIÓN Y PROTECCIÓN HUMANA;SALUD;0060 - Secretaría de Salud;RESPUESTA INMEDIATA DE SALUD PARA CONTENER Y CONTROLAR EL CORONAVIRUS (COVID - 19) Y MITIGR SU EFECTO EN LA PRESTACIÓN DEL SERVICIO EN HONDURAS (BID 4518/BL-HO-3);2923855.614161620000000000000000000000;
2022;Intibucá;Gabinete Desarrollo e Inclusión;PROMOCIÓN Y PROTECCIÓN HUMANA;SALUD;0060 - Secretaría de Salud;RESPUESTA INMEDIATA DE SALUD PARA CONTENER Y CONTROLAR EL CORONAVIRUS (COVID - 19) Y MITIGR SU EFECTO EN LA PRESTACIÓN DEL SERVICIO EN HONDURAS (BID 4518/BL-HO-3);166991.596459594000000000000000000000;
2022;Lempira;Gabinete Desarrollo e Inclusión;PROMOCIÓN Y PROTECCIÓN HUMANA;SALUD;0060 - Secretaría de Salud;RESPUESTA INMEDIATA DE SALUD PARA CONTENER Y CONTROLAR EL CORONAVIRUS (COVID - 19) Y MITIGR SU EFECTO EN LA PRESTACIÓN DEL SERVICIO EN HONDURAS (BID 4518/BL-HO-3);166991.596459594000000000000000000000;
2022;Santa Bárbara;Gabinete Desarrollo e Inclusión;PROMOCIÓN Y PROTECCIÓN HUMANA;SALUD;0060 - Secretaría de Salud;RESPUESTA INMEDIATA DE SALUD PARA CONTENER Y CONTROLAR EL CORONAVIRUS (COVID - 19) Y MITIGR SU EFECTO EN LA PRESTACIÓN DEL SERVICIO EN HONDURAS (BID 4518/BL-HO-3);166991.596459594000000000000000000000;
2022;Atlántida;Gabinete de Seguridad y Defensa;FORTALECIMIENTO INSTITUCIONAL;SEGURIDAD Y DEFENSA;0070 - Secretaría de Seguridad;PROGRAMA DE CONVIVENCIA CIUDADANA Y MEJORAMIENTO DE BARRIOS;27045910.305580500000000000000000000000;
2022;Choluteca;Gabinete de Seguridad y Defensa;FORTALECIMIENTO INSTITUCIONAL;SEGURIDAD Y DEFENSA;0070 - Secretaría de Seguridad;PROGRAMA DE CONVIVENCIA CIUDADANA Y MEJORAMIENTO DE BARRIOS;1244293.324193880000000000000000000000;
2022;Cortés;Gabinete de Seguridad y Defensa;FORTALECIMIENTO INSTITUCIONAL;SEGURIDAD Y DEFENSA;0070 - Secretaría de Seguridad;PROGRAMA DE CONVIVENCIA CIUDADANA Y MEJORAMIENTO DE BARRIOS;55340147.556003700000000000000000000000;
2022;Francisco Morazán;Gabinete de Seguridad y Defensa;FORTALECIMIENTO INSTITUCIONAL;SEGURIDAD Y DEFENSA;0070 - Secretaría de Seguridad;PROGRAMA DE CONVIVENCIA CIUDADANA Y MEJORAMIENTO DE BARRIOS;24976543.868943100000000000000000000000;
2022;La Paz;Gabinete de Seguridad y Defensa;FORTALECIMIENTO INSTITUCIONAL;SEGURIDAD Y DEFENSA;0070 - Secretaría de Seguridad;PROGRAMA DE CONVIVENCIA CIUDADANA Y MEJORAMIENTO DE BARRIOS;8208151.309537900000000000000000000000;
2022;Santa Bárbara;Gabinete de Seguridad y Defensa;FORTALECIMIENTO INSTITUCIONAL;SEGURIDAD Y DEFENSA;0070 - Secretaría de Seguridad;PROGRAMA DE CONVIVENCIA CIUDADANA Y MEJORAMIENTO DE BARRIOS;31250298.483733400000000000000000000000;
2022;Valle;Gabinete de Seguridad y Defensa;FORTALECIMIENTO INSTITUCIONAL;SEGURIDAD Y DEFENSA;0070 - Secretaría de Seguridad;PROGRAMA DE CONVIVENCIA CIUDADANA Y MEJORAMIENTO DE BARRIOS;1244293.324193880000000000000000000000;
2022;Yoro;Gabinete de Seguridad y Defensa;FORTALECIMIENTO INSTITUCIONAL;SEGURIDAD Y DEFENSA;0070 - Secretaría de Seguridad;PROGRAMA DE CONVIVENCIA CIUDADANA Y MEJORAMIENTO DE BARRIOS;29182148.827813600000000000000000000000;
2022;Francisco Morazán;Gabinete de Conducción y Regulación Económico;FORTALECIMIENTO INSTITUCIONAL ;MODERNIZACIÓN DEL ESTADO;0100 - Secretaría de Finanzas;MODERNIZACIÓN INTEGRAL DE LA GESTIÓN DE LAS FINANZAS PÚBLICAS ;162000000.000000000000000000000000000000;
2022;Atlántida;Gabinete de Infraestructura Productiva;COMUNICACIONES Y ENERGÍA;TRANSPORTE Y OBRAS PUBLICAS;0120 - Secretaría de Infraestructura y Servicios Públicos;CONSTRUCCION DE OBRAS DE MITIGACION DE RIESGOS CONTRA INUNDACIONES EROSION SEDIMENTOS Y DRENAJES MENORES EN LOS DEPARTAMENTOS DE  ISLAS DE LA BAHIA ATLANTIDA COPAN FRANCISCO MORAZAN  Y COMAYAGUA.;3000000.000000000000000000000000000000;
2022;Comayagua;Gabinete de Infraestructura Productiva;COMUNICACIONES Y ENERGÍA;TRANSPORTE Y OBRAS PUBLICAS;0120 - Secretaría de Infraestructura y Servicios Públicos;CONSTRUCCION DE OBRAS DE MITIGACION DE RIESGOS CONTRA INUNDACIONES EROSION SEDIMENTOS Y DRENAJES MENORES EN LOS DEPARTAMENTOS DE  ISLAS DE LA BAHIA ATLANTIDA COPAN FRANCISCO MORAZAN  Y COMAYAGUA.;3000000.000000000000000000000000000000;
2022;Copán;Gabinete de Infraestructura Productiva;COMUNICACIONES Y ENERGÍA;TRANSPORTE Y OBRAS PUBLICAS;0120 - Secretaría de Infraestructura y Servicios Públicos;CONSTRUCCION DE OBRAS DE MITIGACION DE RIESGOS CONTRA INUNDACIONES EROSION SEDIMENTOS Y DRENAJES MENORES EN LOS DEPARTAMENTOS DE  ISLAS DE LA BAHIA ATLANTIDA COPAN FRANCISCO MORAZAN  Y COMAYAGUA.;3000000.000000000000000000000000000000;
2022;Francisco Morazán;Gabinete de Infraestructura Productiva;COMUNICACIONES Y ENERGÍA;TRANSPORTE Y OBRAS PUBLICAS;0120 - Secretaría de Infraestructura y Servicios Públicos;CONSTRUCCION DE OBRAS DE MITIGACION DE RIESGOS CONTRA INUNDACIONES EROSION SEDIMENTOS Y DRENAJES MENORES EN LOS DEPARTAMENTOS DE  ISLAS DE LA BAHIA ATLANTIDA COPAN FRANCISCO MORAZAN  Y COMAYAGUA.;2958000.000000000000000000000000000000;
2022;Islas de la Bahía;Gabinete de Infraestructura Productiva;COMUNICACIONES Y ENERGÍA;TRANSPORTE Y OBRAS PUBLICAS;0120 - Secretaría de Infraestructura y Servicios Públicos;CONSTRUCCION DE OBRAS DE MITIGACION DE RIESGOS CONTRA INUNDACIONES EROSION SEDIMENTOS Y DRENAJES MENORES EN LOS DEPARTAMENTOS DE  ISLAS DE LA BAHIA ATLANTIDA COPAN FRANCISCO MORAZAN  Y COMAYAGUA.;3042000.000000000000000000000000000000;
2022;Atlántida;Gabinete de Infraestructura Productiva;COMUNICACIONES Y ENERGÍA;CARRETERAS;0120 - Secretaría de Infraestructura y Servicios Públicos;Construcción de Pavimentos de Concreto Hidráulico en Vías Urbanas en los Departamentos del Paraíso Cortes Olancho Copan La Paz Francisco Morazán Santa Barbara Intibucá Valle Atlántida Ocotepeque Lempira Comayagua Yoro Colon y Choluteca.;13418345.671770100000000000000000000000;
2022;Copán;Gabinete de Infraestructura Productiva;COMUNICACIONES Y ENERGÍA;CARRETERAS;0120 - Secretaría de Infraestructura y Servicios Públicos;Construcción de Pavimentos de Concreto Hidráulico en Vías Urbanas en los Departamentos del Paraíso Cortes Olancho Copan La Paz Francisco Morazán Santa Barbara Intibucá Valle Atlántida Ocotepeque Lempira Comayagua Yoro Colon y Choluteca.;161996996.038977000000000000000000000000;
2022;Francisco Morazán;Gabinete de Infraestructura Productiva;COMUNICACIONES Y ENERGÍA;CARRETERAS;0120 - Secretaría de Infraestructura y Servicios Públicos;Construcción de Pavimentos de Concreto Hidráulico en Vías Urbanas en los Departamentos del Paraíso Cortes Olancho Copan La Paz Francisco Morazán Santa Barbara Intibucá Valle Atlántida Ocotepeque Lempira Comayagua Yoro Colon y Choluteca.;14984658.299252800000000000000000000000;
2022;Francisco Morazán;Gabinete de Infraestructura Productiva;COMUNICACIONES Y ENERGÍA;TRANSPORTE Y OBRAS PUBLICAS;0120 - Secretaría de Infraestructura y Servicios Públicos;CONSTRUCCIÓN DEL EDIFICIO ANEXO DEL TRIBUNAL SUPERIOR DE CUENTA  MUNICIPIO DEL DISTRITO CENTRAL DEPARTAMENTO DE FRANCISCO MORAZÁN;82133718.000000000000000000000000000000;
2022;Atlántida;Gabinete de Infraestructura Productiva;COMUNICACIONES Y ENERGÍA;CARRETERAS;0120 - Secretaría de Infraestructura y Servicios Públicos;OBRAS DE PAVIMENTACIÓN CON ESTRUCTURA DE CONCRETO HIDRAULICO EN LOS DEPARTAMENTOS DE; VALLE COMAYAGUA INTIBUCA EL PARAISO LEMPIRA COPÁN OCOTEPEQUE ATLANTIDA COLÓN LA PAZ YORO FRANCISCO MORAZÁN OLANCHO CHOLUTECA CORTES SANTA BÁRBARA.;8167893.233086860000000000000000000000;
2022;Choluteca;Gabinete de Infraestructura Productiva;COMUNICACIONES Y ENERGÍA;CARRETERAS;0120 - Secretaría de Infraestructura y Servicios Públicos;OBRAS DE PAVIMENTACIÓN CON ESTRUCTURA DE CONCRETO HIDRAULICO EN LOS DEPARTAMENTOS DE; VALLE COMAYAGUA INTIBUCA EL PARAISO LEMPIRA COPÁN OCOTEPEQUE ATLANTIDA COLÓN LA PAZ YORO FRANCISCO MORAZÁN OLANCHO CHOLUTECA CORTES SANTA BÁRBARA.;6910386.012085120000000000000000000000;
2022;Colón;Gabinete de Infraestructura Productiva;COMUNICACIONES Y ENERGÍA;CARRETERAS;0120 - Secretaría de Infraestructura y Servicios Públicos;OBRAS DE PAVIMENTACIÓN CON ESTRUCTURA DE CONCRETO HIDRAULICO EN LOS DEPARTAMENTOS DE; VALLE COMAYAGUA INTIBUCA EL PARAISO LEMPIRA COPÁN OCOTEPEQUE ATLANTIDA COLÓN LA PAZ YORO FRANCISCO MORAZÁN OLANCHO CHOLUTECA CORTES SANTA BÁRBARA.;701565.952735429000000000000000000000;
2022;Comayagua;Gabinete de Infraestructura Productiva;COMUNICACIONES Y ENERGÍA;CARRETERAS;0120 - Secretaría de Infraestructura y Servicios Públicos;OBRAS DE PAVIMENTACIÓN CON ESTRUCTURA DE CONCRETO HIDRAULICO EN LOS DEPARTAMENTOS DE; VALLE COMAYAGUA INTIBUCA EL PARAISO LEMPIRA COPÁN OCOTEPEQUE ATLANTIDA COLÓN LA PAZ YORO FRANCISCO MORAZÁN OLANCHO CHOLUTECA CORTES SANTA BÁRBARA.;273998.048651298000000000000000000000;
2022;Copán;Gabinete de Infraestructura Productiva;COMUNICACIONES Y ENERGÍA;CARRETERAS;0120 - Secretaría de Infraestructura y Servicios Públicos;OBRAS DE PAVIMENTACIÓN CON ESTRUCTURA DE CONCRETO HIDRAULICO EN LOS DEPARTAMENTOS DE; VALLE COMAYAGUA INTIBUCA EL PARAISO LEMPIRA COPÁN OCOTEPEQUE ATLANTIDA COLÓN LA PAZ YORO FRANCISCO MORAZÁN OLANCHO CHOLUTECA CORTES SANTA BÁRBARA.;3892398.108240080000000000000000000000;
2022;Cortés;Gabinete de Infraestructura Productiva;COMUNICACIONES Y ENERGÍA;CARRETERAS;0120 - Secretaría de Infraestructura y Servicios Públicos;OBRAS DE PAVIMENTACIÓN CON ESTRUCTURA DE CONCRETO HIDRAULICO EN LOS DEPARTAMENTOS DE; VALLE COMAYAGUA INTIBUCA EL PARAISO LEMPIRA COPÁN OCOTEPEQUE ATLANTIDA COLÓN LA PAZ YORO FRANCISCO MORAZÁN OLANCHO CHOLUTECA CORTES SANTA BÁRBARA.;954891.843601517000000000000000000000;
2022;El Paraíso;Gabinete de Infraestructura Productiva;COMUNICACIONES Y ENERGÍA;CARRETERAS;0120 - Secretaría de Infraestructura y Servicios Públicos;OBRAS DE PAVIMENTACIÓN CON ESTRUCTURA DE CONCRETO HIDRAULICO EN LOS DEPARTAMENTOS DE; VALLE COMAYAGUA INTIBUCA EL PARAISO LEMPIRA COPÁN OCOTEPEQUE ATLANTIDA COLÓN LA PAZ YORO FRANCISCO MORAZÁN OLANCHO CHOLUTECA CORTES SANTA BÁRBARA.;2374686.538176820000000000000000000000;
2022;Francisco Morazán;Gabinete de Infraestructura Productiva;COMUNICACIONES Y ENERGÍA;CARRETERAS;0120 - Secretaría de Infraestructura y Servicios Públicos;OBRAS DE PAVIMENTACIÓN CON ESTRUCTURA DE CONCRETO HIDRAULICO EN LOS DEPARTAMENTOS DE; VALLE COMAYAGUA INTIBUCA EL PARAISO LEMPIRA COPÁN OCOTEPEQUE ATLANTIDA COLÓN LA PAZ YORO FRANCISCO MORAZÁN OLANCHO CHOLUTECA CORTES SANTA BÁRBARA.;46962507.804935000000000000000000000000;
2022;Intibucá;Gabinete de Infraestructura Productiva;COMUNICACIONES Y ENERGÍA;CARRETERAS;0120 - Secretaría de Infraestructura y Servicios Públicos;OBRAS DE PAVIMENTACIÓN CON ESTRUCTURA DE CONCRETO HIDRAULICO EN LOS DEPARTAMENTOS DE; VALLE COMAYAGUA INTIBUCA EL PARAISO LEMPIRA COPÁN OCOTEPEQUE ATLANTIDA COLÓN LA PAZ YORO FRANCISCO MORAZÁN OLANCHO CHOLUTECA CORTES SANTA BÁRBARA.;544795.958997768000000000000000000000;
2022;La Paz;Gabinete de Infraestructura Productiva;COMUNICACIONES Y ENERGÍA;CARRETERAS;0120 - Secretaría de Infraestructura y Servicios Públicos;OBRAS DE PAVIMENTACIÓN CON ESTRUCTURA DE CONCRETO HIDRAULICO EN LOS DEPARTAMENTOS DE; VALLE COMAYAGUA INTIBUCA EL PARAISO LEMPIRA COPÁN OCOTEPEQUE ATLANTIDA COLÓN LA PAZ YORO FRANCISCO MORAZÁN OLANCHO CHOLUTECA CORTES SANTA BÁRBARA.;666033.382592167000000000000000000000;
2022;Lempira;Gabinete de Infraestructura Productiva;COMUNICACIONES Y ENERGÍA;CARRETERAS;0120 - Secretaría de Infraestructura y Servicios Públicos;OBRAS DE PAVIMENTACIÓN CON ESTRUCTURA DE CONCRETO HIDRAULICO EN LOS DEPARTAMENTOS DE; VALLE COMAYAGUA INTIBUCA EL PARAISO LEMPIRA COPÁN OCOTEPEQUE ATLANTIDA COLÓN LA PAZ YORO FRANCISCO MORAZÁN OLANCHO CHOLUTECA CORTES SANTA BÁRBARA.;325825.575909947000000000000000000000;
2022;Ocotepeque;Gabinete de Infraestructura Productiva;COMUNICACIONES Y ENERGÍA;CARRETERAS;0120 - Secretaría de Infraestructura y Servicios Públicos;OBRAS DE PAVIMENTACIÓN CON ESTRUCTURA DE CONCRETO HIDRAULICO EN LOS DEPARTAMENTOS DE; VALLE COMAYAGUA INTIBUCA EL PARAISO LEMPIRA COPÁN OCOTEPEQUE ATLANTIDA COLÓN LA PAZ YORO FRANCISCO MORAZÁN OLANCHO CHOLUTECA CORTES SANTA BÁRBARA.;379712.962307337000000000000000000000;
2022;Olancho;Gabinete de Infraestructura Productiva;COMUNICACIONES Y ENERGÍA;CARRETERAS;0120 - Secretaría de Infraestructura y Servicios Públicos;OBRAS DE PAVIMENTACIÓN CON ESTRUCTURA DE CONCRETO HIDRAULICO EN LOS DEPARTAMENTOS DE; VALLE COMAYAGUA INTIBUCA EL PARAISO LEMPIRA COPÁN OCOTEPEQUE ATLANTIDA COLÓN LA PAZ YORO FRANCISCO MORAZÁN OLANCHO CHOLUTECA CORTES SANTA BÁRBARA.;5784194.811178050000000000000000000000;
2022;Santa Bárbara;Gabinete de Infraestructura Productiva;COMUNICACIONES Y ENERGÍA;CARRETERAS;0120 - Secretaría de Infraestructura y Servicios Públicos;OBRAS DE PAVIMENTACIÓN CON ESTRUCTURA DE CONCRETO HIDRAULICO EN LOS DEPARTAMENTOS DE; VALLE COMAYAGUA INTIBUCA EL PARAISO LEMPIRA COPÁN OCOTEPEQUE ATLANTIDA COLÓN LA PAZ YORO FRANCISCO MORAZÁN OLANCHO CHOLUTECA CORTES SANTA BÁRBARA.;407226.795089075000000000000000000000;
2022;Valle;Gabinete de Infraestructura Productiva;COMUNICACIONES Y ENERGÍA;CARRETERAS;0120 - Secretaría de Infraestructura y Servicios Públicos;OBRAS DE PAVIMENTACIÓN CON ESTRUCTURA DE CONCRETO HIDRAULICO EN LOS DEPARTAMENTOS DE; VALLE COMAYAGUA INTIBUCA EL PARAISO LEMPIRA COPÁN OCOTEPEQUE ATLANTIDA COLÓN LA PAZ YORO FRANCISCO MORAZÁN OLANCHO CHOLUTECA CORTES SANTA BÁRBARA.;821589.530765927000000000000000000000;
2022;Yoro;Gabinete de Infraestructura Productiva;COMUNICACIONES Y ENERGÍA;CARRETERAS;0120 - Secretaría de Infraestructura y Servicios Públicos;OBRAS DE PAVIMENTACIÓN CON ESTRUCTURA DE CONCRETO HIDRAULICO EN LOS DEPARTAMENTOS DE; VALLE COMAYAGUA INTIBUCA EL PARAISO LEMPIRA COPÁN OCOTEPEQUE ATLANTIDA COLÓN LA PAZ YORO FRANCISCO MORAZÁN OLANCHO CHOLUTECA CORTES SANTA BÁRBARA.;832293.441647593000000000000000000000;
2022;Copán;Gabinete de Infraestructura Productiva;COMUNICACIONES Y ENERGÍA;CARRETERAS;0120 - Secretaría de Infraestructura y Servicios Públicos;REHABILITACIÓN VIAL DEL CORREDOR DE OCCIDENTE: LA ENTRADA - COPAN RUINAS - EL FLORIDO Y LA ENTRADA-SANTA ROSA DE COPAN;408726811.990000000000000000000000000000;
2022;Francisco Morazán;Gabinete de Desarrollo Económico;FORTALECIMIENTO INSTITUCIONAL;MODERNIZACIÓN DEL ESTADO;0130 - Secretaría de Trabajo y Seguridad Social;FORTALECIMIENTO INSTITUCIONAL DEL EMPLEO DECENTE Y OPORTUNIDADES DE EMPLEO PARA JÓVENES EN HONDURAS (EURO+LABOR);1656539.117865000000000000000000000000;
2022;El Paraíso;Gabinete de Desarrollo Económico;AGROFORESTAL Y TURISMO;DESARROLLO PRODUCTIVO Y RIEGO;0140 - Secretaría de Agricultura y Ganadería;PROYECTO DE  DESARROLLO AGRÍCOLA BAJO RIEGO DEL VALLE DE JAMASTRAN FASE 1;189501000.000000000000000000000000000000;
2022;Francisco Morazán;Gabinete de Desarrollo Económico;AGROFORESTAL Y TURISMO;DESARROLLO PRODUCTIVO Y RIEGO;0140 - Secretaría de Agricultura y Ganadería;PROYECTO DE COMPETITIVIDAD Y DESARROLLO SOSTENIBLE DEL CORREDOR FRONTERIZO SUR OCCIDENTAL PRO-LENCA;37249382.872024500000000000000000000000;
2022;Intibucá;Gabinete de Desarrollo Económico;AGROFORESTAL Y TURISMO;DESARROLLO PRODUCTIVO Y RIEGO;0140 - Secretaría de Agricultura y Ganadería;PROYECTO DE COMPETITIVIDAD Y DESARROLLO SOSTENIBLE DEL CORREDOR FRONTERIZO SUR OCCIDENTAL PRO-LENCA;34876848.403151400000000000000000000000;
2022;La Paz;Gabinete de Desarrollo Económico;AGROFORESTAL Y TURISMO;DESARROLLO PRODUCTIVO Y RIEGO;0140 - Secretaría de Agricultura y Ganadería;PROYECTO DE COMPETITIVIDAD Y DESARROLLO SOSTENIBLE DEL CORREDOR FRONTERIZO SUR OCCIDENTAL PRO-LENCA;7773188.326348870000000000000000000000;
2022;Lempira;Gabinete de Desarrollo Económico;AGROFORESTAL Y TURISMO;DESARROLLO PRODUCTIVO Y RIEGO;0140 - Secretaría de Agricultura y Ganadería;PROYECTO DE COMPETITIVIDAD Y DESARROLLO SOSTENIBLE DEL CORREDOR FRONTERIZO SUR OCCIDENTAL PRO-LENCA;39049582.398475200000000000000000000000;
2022;Comayagua;Gabinete de Desarrollo Económico;AGROFORESTAL Y TURISMO;DESARROLLO PRODUCTIVO Y RIEGO;0140 - Secretaría de Agricultura y Ganadería;PROYECTO DE DESAROLLO AGRICOLA BAJO RIEGO (PDABR);83398434.998639500000000000000000000000;
2022;Copán;Gabinete de Desarrollo Económico;AGROFORESTAL Y TURISMO;DESARROLLO PRODUCTIVO Y RIEGO;0140 - Secretaría de Agricultura y Ganadería;PROYECTO DE DESAROLLO AGRICOLA BAJO RIEGO (PDABR);17888156.808163300000000000000000000000;
2022;La Paz;Gabinete de Desarrollo Económico;AGROFORESTAL Y TURISMO;DESARROLLO PRODUCTIVO Y RIEGO;0140 - Secretaría de Agricultura y Ganadería;PROYECTO DE DESAROLLO AGRICOLA BAJO RIEGO (PDABR);21649435.102040800000000000000000000000;
2022;Lempira;Gabinete de Desarrollo Económico;AGROFORESTAL Y TURISMO;DESARROLLO PRODUCTIVO Y RIEGO;0140 - Secretaría de Agricultura y Ganadería;PROYECTO DE DESAROLLO AGRICOLA BAJO RIEGO (PDABR);23715670.459864000000000000000000000000;
2022;Ocotepeque;Gabinete de Desarrollo Económico;AGROFORESTAL Y TURISMO;DESARROLLO PRODUCTIVO Y RIEGO;0140 - Secretaría de Agricultura y Ganadería;PROYECTO DE DESAROLLO AGRICOLA BAJO RIEGO (PDABR);9372297.594557830000000000000000000000;
2022;Olancho;Gabinete de Desarrollo Económico;AGROFORESTAL Y TURISMO;DESARROLLO PRODUCTIVO Y RIEGO;0140 - Secretaría de Agricultura y Ganadería;PROYECTO DE DESAROLLO AGRICOLA BAJO RIEGO (PDABR);59187979.556462600000000000000000000000;
2022;Yoro;Gabinete de Desarrollo Económico;AGROFORESTAL Y TURISMO;DESARROLLO PRODUCTIVO Y RIEGO;0140 - Secretaría de Agricultura y Ganadería;PROYECTO DE DESAROLLO AGRICOLA BAJO RIEGO (PDABR);28655225.480272100000000000000000000000;
2022;Colón;Gabinete de Desarrollo Económico;AGROFORESTAL Y TURISMO;DESARROLLO PRODUCTIVO Y RIEGO;0140 - Secretaría de Agricultura y Ganadería;PROYECTO DE INCLUSIÓN ECONÓMICA Y SOCIAL DE PEQUEÑOS PRODUCTORES RURALES EN LA REGIÓN NORESTE DE HONDURAS (PROINORTE) ;52049418.600000000000000000000000000000;
2022;Olancho;Gabinete de Desarrollo Económico;AGROFORESTAL Y TURISMO;DESARROLLO PRODUCTIVO Y RIEGO;0140 - Secretaría de Agricultura y Ganadería;PROYECTO DE INCLUSIÓN ECONÓMICA Y SOCIAL DE PEQUEÑOS PRODUCTORES RURALES EN LA REGIÓN NORESTE DE HONDURAS (PROINORTE) ;34699612.400000000000000000000000000000;
2022;Francisco Morazán;Gabinete Desarrollo e Inclusión;PROMOCIÓN Y PROTECCIÓN HUMANA;PROTECCIÓN SOCIAL;0240 - Secretaría de Desarrollo e Inclusión Social;APOYO AL SISTEMA INTEGRAL DE PROTECCIÓN SOCIAL 5008/BL-HO;213934604.000000000000000000000000000000;
2022;Francisco Morazán;Gabinete Desarrollo e Inclusión;PROMOCIÓN Y PROTECCIÓN HUMANA;PROTECCIÓN SOCIAL;0240 - Secretaría de Desarrollo e Inclusión Social;PROYECTO DE INTEGRACIÓN DE LA PROTECCIÓN SOCIAL / 6401-HN;219495369.000000000000000000000000000000;
2022;Atlántida;Gabinete Desarrollo e Inclusión;PROMOCIÓN Y PROTECCIÓN HUMANA;PROTECCIÓN SOCIAL;0244 - Dirección Nacional del Programa Ciudad Mujer;CENTROS DE ATENCIÓN INTEGRAL PARA MEJORAR LAS CONDICIONES DE VIDA DE LAS MUJERES HONDUREÑAS (CIUDAD MUJER);3099399.500000000000000000000000000000;
2022;Choluteca;Gabinete Desarrollo e Inclusión;PROMOCIÓN Y PROTECCIÓN HUMANA;PROTECCIÓN SOCIAL;0244 - Dirección Nacional del Programa Ciudad Mujer;CENTROS DE ATENCIÓN INTEGRAL PARA MEJORAR LAS CONDICIONES DE VIDA DE LAS MUJERES HONDUREÑAS (CIUDAD MUJER);3099399.500000000000000000000000000000;
2022;Cortés;Gabinete Desarrollo e Inclusión;PROMOCIÓN Y PROTECCIÓN HUMANA;PROTECCIÓN SOCIAL;0244 - Dirección Nacional del Programa Ciudad Mujer;CENTROS DE ATENCIÓN INTEGRAL PARA MEJORAR LAS CONDICIONES DE VIDA DE LAS MUJERES HONDUREÑAS (CIUDAD MUJER);3724399.500000000000000000000000000000;
2022;Francisco Morazán;Gabinete Desarrollo e Inclusión;PROMOCIÓN Y PROTECCIÓN HUMANA;PROTECCIÓN SOCIAL;0244 - Dirección Nacional del Programa Ciudad Mujer;CENTROS DE ATENCIÓN INTEGRAL PARA MEJORAR LAS CONDICIONES DE VIDA DE LAS MUJERES HONDUREÑAS (CIUDAD MUJER);4974399.500000000000000000000000000000;
2022;Atlántida;Gabinete Desarrollo e Inclusión;PROMOCIÓN Y PROTECCIÓN HUMANA;PROTECCIÓN SOCIAL;0244 - Dirección Nacional del Programa Ciudad Mujer;SERVICIOS DE DESARROLLO EMPRESARIAL Y EN ENTORNO FAVORABLE PARA LAS EMPRESARIAS DE HONDURAS;2712500.000000000000000000000000000000;
2022;Choluteca;Gabinete Desarrollo e Inclusión;PROMOCIÓN Y PROTECCIÓN HUMANA;PROTECCIÓN SOCIAL;0244 - Dirección Nacional del Programa Ciudad Mujer;SERVICIOS DE DESARROLLO EMPRESARIAL Y EN ENTORNO FAVORABLE PARA LAS EMPRESARIAS DE HONDURAS;2712500.000000000000000000000000000000;
2022;Cortés;Gabinete Desarrollo e Inclusión;PROMOCIÓN Y PROTECCIÓN HUMANA;PROTECCIÓN SOCIAL;0244 - Dirección Nacional del Programa Ciudad Mujer;SERVICIOS DE DESARROLLO EMPRESARIAL Y EN ENTORNO FAVORABLE PARA LAS EMPRESARIAS DE HONDURAS;2712500.000000000000000000000000000000;
2022;Francisco Morazán;Gabinete Desarrollo e Inclusión;PROMOCIÓN Y PROTECCIÓN HUMANA;PROTECCIÓN SOCIAL;0244 - Dirección Nacional del Programa Ciudad Mujer;SERVICIOS DE DESARROLLO EMPRESARIAL Y EN ENTORNO FAVORABLE PARA LAS EMPRESARIAS DE HONDURAS;2712500.000000000000000000000000000000;
2022;Francisco Morazán;Gabinete Desarrollo e Inclusión;PROMOCIÓN Y PROTECCIÓN HUMANA;SALUD;0402 - Agencia Estratégica de Proyectos Productivos, Ambientales y Sociales de Honduras;FORTALECIMIENTO INTEGRAL DE LA RED DE ATENCIÓN DE TRAUMAS Y URGENCIAS  DE TEGUCIGALPA;111496350.000000000000000000000000000000;
2022;Comayagua;Gabinete Desarrollo e Inclusión;AGROFORESTAL Y TURISMO;RECURSOS FORESTAL Y AMBIENTE;0402 - Agencia Estratégica de Proyectos Productivos, Ambientales y Sociales de Honduras;MANEJO SOSTENIBLE DE BOSQUES;39662498.485571800000000000000000000000;
2022;Francisco Morazán;Gabinete Desarrollo e Inclusión;AGROFORESTAL Y TURISMO;RECURSOS FORESTAL Y AMBIENTE;0402 - Agencia Estratégica de Proyectos Productivos, Ambientales y Sociales de Honduras;MANEJO SOSTENIBLE DE BOSQUES;120152416.658593000000000000000000000000;
2022;Yoro;Gabinete Desarrollo e Inclusión;AGROFORESTAL Y TURISMO;RECURSOS FORESTAL Y AMBIENTE;0402 - Agencia Estratégica de Proyectos Productivos, Ambientales y Sociales de Honduras;MANEJO SOSTENIBLE DE BOSQUES;2280457.767444270000000000000000000000;
2022;Copán;Gabinete Desarrollo e Inclusión;PROMOCIÓN Y PROTECCIÓN HUMANA;EDUCACIÓN;0402 - Agencia Estratégica de Proyectos Productivos, Ambientales y Sociales de Honduras;MEJORA DE LA CALIDAD EDUCATIVA PARA EL DESARROLLO DE HABILIDADES PARA EL EMPLEO: PROYECTO JOVEN;49160176.604195700000000000000000000000;
2022;Cortés;Gabinete Desarrollo e Inclusión;PROMOCIÓN Y PROTECCIÓN HUMANA;EDUCACIÓN;0402 - Agencia Estratégica de Proyectos Productivos, Ambientales y Sociales de Honduras;MEJORA DE LA CALIDAD EDUCATIVA PARA EL DESARROLLO DE HABILIDADES PARA EL EMPLEO: PROYECTO JOVEN;45816257.014879900000000000000000000000;
2022;Francisco Morazán;Gabinete Desarrollo e Inclusión;PROMOCIÓN Y PROTECCIÓN HUMANA;EDUCACIÓN;0402 - Agencia Estratégica de Proyectos Productivos, Ambientales y Sociales de Honduras;MEJORA DE LA CALIDAD EDUCATIVA PARA EL DESARROLLO DE HABILIDADES PARA EL EMPLEO: PROYECTO JOVEN;150256628.766446000000000000000000000000;
2022;Intibucá;Gabinete Desarrollo e Inclusión;PROMOCIÓN Y PROTECCIÓN HUMANA;EDUCACIÓN;0402 - Agencia Estratégica de Proyectos Productivos, Ambientales y Sociales de Honduras;MEJORA DE LA CALIDAD EDUCATIVA PARA EL DESARROLLO DE HABILIDADES PARA EL EMPLEO: PROYECTO JOVEN;25528685.233050400000000000000000000000;
2022;La Paz;Gabinete Desarrollo e Inclusión;PROMOCIÓN Y PROTECCIÓN HUMANA;EDUCACIÓN;0402 - Agencia Estratégica de Proyectos Productivos, Ambientales y Sociales de Honduras;MEJORA DE LA CALIDAD EDUCATIVA PARA EL DESARROLLO DE HABILIDADES PARA EL EMPLEO: PROYECTO JOVEN;29783927.049545500000000000000000000000;
2022;Lempira;Gabinete Desarrollo e Inclusión;PROMOCIÓN Y PROTECCIÓN HUMANA;EDUCACIÓN;0402 - Agencia Estratégica de Proyectos Productivos, Ambientales y Sociales de Honduras;MEJORA DE LA CALIDAD EDUCATIVA PARA EL DESARROLLO DE HABILIDADES PARA EL EMPLEO: PROYECTO JOVEN;56330465.607274700000000000000000000000;
2022;Ocotepeque;Gabinete Desarrollo e Inclusión;PROMOCIÓN Y PROTECCIÓN HUMANA;EDUCACIÓN;0402 - Agencia Estratégica de Proyectos Productivos, Ambientales y Sociales de Honduras;MEJORA DE LA CALIDAD EDUCATIVA PARA EL DESARROLLO DE HABILIDADES PARA EL EMPLEO: PROYECTO JOVEN;20081676.780641300000000000000000000000;
2022;Santa Bárbara;Gabinete Desarrollo e Inclusión;PROMOCIÓN Y PROTECCIÓN HUMANA;EDUCACIÓN;0402 - Agencia Estratégica de Proyectos Productivos, Ambientales y Sociales de Honduras;MEJORA DE LA CALIDAD EDUCATIVA PARA EL DESARROLLO DE HABILIDADES PARA EL EMPLEO: PROYECTO JOVEN;44769987.943966700000000000000000000000;
2022;Choluteca;Gabinete Desarrollo e Inclusión;AGROFORESTAL Y TURISMO;RECURSOS FORESTAL Y AMBIENTE;0402 - Agencia Estratégica de Proyectos Productivos, Ambientales y Sociales de Honduras;PROGRAMA DE RESTAURACIÓN DE BOSQUES RESILIENTES AL CLIMA Y SILVICULTURA PARA LA SOSTENIBILIDAD DE LOS SERVICIOS ECOSISTÉMICOS RELACIONADOS CON EL AGUA;6107588.142857140000000000000000000000;
2022;Comayagua;Gabinete Desarrollo e Inclusión;AGROFORESTAL Y TURISMO;RECURSOS FORESTAL Y AMBIENTE;0402 - Agencia Estratégica de Proyectos Productivos, Ambientales y Sociales de Honduras;PROGRAMA DE RESTAURACIÓN DE BOSQUES RESILIENTES AL CLIMA Y SILVICULTURA PARA LA SOSTENIBILIDAD DE LOS SERVICIOS ECOSISTÉMICOS RELACIONADOS CON EL AGUA;30537940.714285700000000000000000000000;
2022;Cortés;Gabinete Desarrollo e Inclusión;AGROFORESTAL Y TURISMO;RECURSOS FORESTAL Y AMBIENTE;0402 - Agencia Estratégica de Proyectos Productivos, Ambientales y Sociales de Honduras;PROGRAMA DE RESTAURACIÓN DE BOSQUES RESILIENTES AL CLIMA Y SILVICULTURA PARA LA SOSTENIBILIDAD DE LOS SERVICIOS ECOSISTÉMICOS RELACIONADOS CON EL AGUA;2035862.714285710000000000000000000000;
2022;El Paraíso;Gabinete Desarrollo e Inclusión;AGROFORESTAL Y TURISMO;RECURSOS FORESTAL Y AMBIENTE;0402 - Agencia Estratégica de Proyectos Productivos, Ambientales y Sociales de Honduras;PROGRAMA DE RESTAURACIÓN DE BOSQUES RESILIENTES AL CLIMA Y SILVICULTURA PARA LA SOSTENIBILIDAD DE LOS SERVICIOS ECOSISTÉMICOS RELACIONADOS CON EL AGUA;14251039.000000000000000000000000000000;
2022;Francisco Morazán;Gabinete Desarrollo e Inclusión;AGROFORESTAL Y TURISMO;RECURSOS FORESTAL Y AMBIENTE;0402 - Agencia Estratégica de Proyectos Productivos, Ambientales y Sociales de Honduras;PROGRAMA DE RESTAURACIÓN DE BOSQUES RESILIENTES AL CLIMA Y SILVICULTURA PARA LA SOSTENIBILIDAD DE LOS SERVICIOS ECOSISTÉMICOS RELACIONADOS CON EL AGUA;110751350.428571000000000000000000000000;
2022;Olancho;Gabinete Desarrollo e Inclusión;AGROFORESTAL Y TURISMO;RECURSOS FORESTAL Y AMBIENTE;0402 - Agencia Estratégica de Proyectos Productivos, Ambientales y Sociales de Honduras;PROGRAMA DE RESTAURACIÓN DE BOSQUES RESILIENTES AL CLIMA Y SILVICULTURA PARA LA SOSTENIBILIDAD DE LOS SERVICIOS ECOSISTÉMICOS RELACIONADOS CON EL AGUA;12215176.285714300000000000000000000000;
2022;Yoro;Gabinete Desarrollo e Inclusión;AGROFORESTAL Y TURISMO;RECURSOS FORESTAL Y AMBIENTE;0402 - Agencia Estratégica de Proyectos Productivos, Ambientales y Sociales de Honduras;PROGRAMA DE RESTAURACIÓN DE BOSQUES RESILIENTES AL CLIMA Y SILVICULTURA PARA LA SOSTENIBILIDAD DE LOS SERVICIOS ECOSISTÉMICOS RELACIONADOS CON EL AGUA;2035862.714285710000000000000000000000;
2022;Comayagua;Gabinete Desarrollo e Inclusión;PROMOCIÓN Y PROTECCIÓN HUMANA;SALUD;0402 - Agencia Estratégica de Proyectos Productivos, Ambientales y Sociales de Honduras;PROYECTO DE MEJORA DE LA GESTION Y CALIDAD DE LOS SERVICIOS DE SALUD MATERNO-NEONATAL;26200589.000000000000000000000000000000;
2022;Copán;Gabinete Desarrollo e Inclusión;PROMOCIÓN Y PROTECCIÓN HUMANA;SALUD;0402 - Agencia Estratégica de Proyectos Productivos, Ambientales y Sociales de Honduras;PROYECTO DE MEJORA DE LA GESTION Y CALIDAD DE LOS SERVICIOS DE SALUD MATERNO-NEONATAL;5117814.425000000000000000000000000000;
2022;Cortés;Gabinete Desarrollo e Inclusión;PROMOCIÓN Y PROTECCIÓN HUMANA;SALUD;0402 - Agencia Estratégica de Proyectos Productivos, Ambientales y Sociales de Honduras;PROYECTO DE MEJORA DE LA GESTION Y CALIDAD DE LOS SERVICIOS DE SALUD MATERNO-NEONATAL;27170500.000000000000000000000000000000;
2022;Francisco Morazán;Gabinete Desarrollo e Inclusión;PROMOCIÓN Y PROTECCIÓN HUMANA;SALUD;0402 - Agencia Estratégica de Proyectos Productivos, Ambientales y Sociales de Honduras;PROYECTO DE MEJORA DE LA GESTION Y CALIDAD DE LOS SERVICIOS DE SALUD MATERNO-NEONATAL;126502578.000000000000000000000000000000;
2022;Intibucá;Gabinete Desarrollo e Inclusión;PROMOCIÓN Y PROTECCIÓN HUMANA;SALUD;0402 - Agencia Estratégica de Proyectos Productivos, Ambientales y Sociales de Honduras;PROYECTO DE MEJORA DE LA GESTION Y CALIDAD DE LOS SERVICIOS DE SALUD MATERNO-NEONATAL;8875000.000000000000000000000000000000;
2022;La Paz;Gabinete Desarrollo e Inclusión;PROMOCIÓN Y PROTECCIÓN HUMANA;SALUD;0402 - Agencia Estratégica de Proyectos Productivos, Ambientales y Sociales de Honduras;PROYECTO DE MEJORA DE LA GESTION Y CALIDAD DE LOS SERVICIOS DE SALUD MATERNO-NEONATAL;12751922.850000000000000000000000000000;
2022;Olancho;Gabinete Desarrollo e Inclusión;PROMOCIÓN Y PROTECCIÓN HUMANA;SALUD;0402 - Agencia Estratégica de Proyectos Productivos, Ambientales y Sociales de Honduras;PROYECTO DE MEJORA DE LA GESTION Y CALIDAD DE LOS SERVICIOS DE SALUD MATERNO-NEONATAL;16791846.350000000000000000000000000000;
2022;Cortés;Gabinete Desarrollo e Inclusión;FORTALECIMIENTO INSTITUCIONAL;MODERNIZACIÓN DEL ESTADO;0402 - Agencia Estratégica de Proyectos Productivos, Ambientales y Sociales de Honduras;PROYECTO DE TRANSFORMACIÓN DIGITAL PARA UNA MAYOR COMPETITIVIDAD;1569750.000000000000000000000000000000;
2022;Francisco Morazán;Gabinete Desarrollo e Inclusión;FORTALECIMIENTO INSTITUCIONAL;MODERNIZACIÓN DEL ESTADO;0402 - Agencia Estratégica de Proyectos Productivos, Ambientales y Sociales de Honduras;PROYECTO DE TRANSFORMACIÓN DIGITAL PARA UNA MAYOR COMPETITIVIDAD;237295522.000000000000000000000000000000;
2022;Copán;Gabinete Desarrollo e Inclusión;PROMOCIÓN Y PROTECCIÓN HUMANA;SALUD;0402 - Agencia Estratégica de Proyectos Productivos, Ambientales y Sociales de Honduras;TELESALUD PARA MITIGAR EL CORONAVIRUS Y MEJORAR EL ACCESO A LA SALUD EN HONDURAS;903016.000000000000000000000000000000;
2022;Cortés;Gabinete Desarrollo e Inclusión;PROMOCIÓN Y PROTECCIÓN HUMANA;SALUD;0402 - Agencia Estratégica de Proyectos Productivos, Ambientales y Sociales de Honduras;TELESALUD PARA MITIGAR EL CORONAVIRUS Y MEJORAR EL ACCESO A LA SALUD EN HONDURAS;690000.000000000000000000000000000000;
2022;Intibucá;Gabinete Desarrollo e Inclusión;PROMOCIÓN Y PROTECCIÓN HUMANA;SALUD;0402 - Agencia Estratégica de Proyectos Productivos, Ambientales y Sociales de Honduras;TELESALUD PARA MITIGAR EL CORONAVIRUS Y MEJORAR EL ACCESO A LA SALUD EN HONDURAS;650000.000000000000000000000000000000;
2022;Lempira;Gabinete Desarrollo e Inclusión;PROMOCIÓN Y PROTECCIÓN HUMANA;SALUD;0402 - Agencia Estratégica de Proyectos Productivos, Ambientales y Sociales de Honduras;TELESALUD PARA MITIGAR EL CORONAVIRUS Y MEJORAR EL ACCESO A LA SALUD EN HONDURAS;800000.000000000000000000000000000000;
2022;Ocotepeque;Gabinete Desarrollo e Inclusión;PROMOCIÓN Y PROTECCIÓN HUMANA;SALUD;0402 - Agencia Estratégica de Proyectos Productivos, Ambientales y Sociales de Honduras;TELESALUD PARA MITIGAR EL CORONAVIRUS Y MEJORAR EL ACCESO A LA SALUD EN HONDURAS;1300000.000000000000000000000000000000;
2022;Francisco Morazán;Gabinete Desarrollo e Inclusión;FORTALECIMIENTO INSTITUCIONAL;MODERNIZACIÓN DEL ESTADO;0505 - Instituto Hondureño de Antropología e Historia;PROYECTO DE CLASIFICACIÒN Y DIGITALIZACIÒN DE FONDOS DOCUMENTALES;1112250.000000000000000000000000000000;
2022;El Paraíso;Gabinete de Infraestructura Productiva;COMUNICACIONES Y ENERGÍA;ENERGIA;0801 - Empresa Nacional de Energía Eléctrica;APOYO A LA INTEGRACION DE HONDURAS EN EL MERCADO ELECTRICO REGIONAL (MER);700000.000000000000000000000000000000;
2022;Francisco Morazán;Gabinete de Infraestructura Productiva;COMUNICACIONES Y ENERGÍA;ENERGIA;0801 - Empresa Nacional de Energía Eléctrica;APOYO A LA INTEGRACION DE HONDURAS EN EL MERCADO ELECTRICO REGIONAL (MER);2895000.000000000000000000000000000000;
2022;Choluteca;Gabinete de Infraestructura Productiva;COMUNICACIONES Y ENERGÍA;ENERGIA;0801 - Empresa Nacional de Energía Eléctrica;APOYO AL PLAN ESTRATÉGICO DE ACCESO UNIVERSAL A ELECTRICIDAD;898900.000000000000000000000000000000;
2022;Francisco Morazán;Gabinete de Infraestructura Productiva;COMUNICACIONES Y ENERGÍA;ENERGIA;0801 - Empresa Nacional de Energía Eléctrica;APOYO AL PLAN ESTRATÉGICO DE ACCESO UNIVERSAL A ELECTRICIDAD;415000.000000000000000000000000000000;
2022;Gracias a Dios;Gabinete de Infraestructura Productiva;COMUNICACIONES Y ENERGÍA;ENERGIA;0801 - Empresa Nacional de Energía Eléctrica;APOYO AL PLAN ESTRATÉGICO DE ACCESO UNIVERSAL A ELECTRICIDAD;2351100.000000000000000000000000000000;
2022;Choluteca;Gabinete de Infraestructura Productiva;COMUNICACIONES Y ENERGÍA;ENERGIA;0801 - Empresa Nacional de Energía Eléctrica;APOYO AL PROGRAMA NACIONAL DE TRANSMISIÓN DE ENERGÍA ELÉCTRICA;13604918.455081600000000000000000000000;
2022;Comayagua;Gabinete de Infraestructura Productiva;COMUNICACIONES Y ENERGÍA;ENERGIA;0801 - Empresa Nacional de Energía Eléctrica;APOYO AL PROGRAMA NACIONAL DE TRANSMISIÓN DE ENERGÍA ELÉCTRICA;875515697.154263000000000000000000000000;
2022;Copán;Gabinete de Infraestructura Productiva;COMUNICACIONES Y ENERGÍA;ENERGIA;0801 - Empresa Nacional de Energía Eléctrica;APOYO AL PROGRAMA NACIONAL DE TRANSMISIÓN DE ENERGÍA ELÉCTRICA;72487658.942221900000000000000000000000;
2022;Francisco Morazán;Gabinete de Infraestructura Productiva;COMUNICACIONES Y ENERGÍA;ENERGIA;0801 - Empresa Nacional de Energía Eléctrica;APOYO AL PROGRAMA NACIONAL DE TRANSMISIÓN DE ENERGÍA ELÉCTRICA;69628680.626405500000000000000000000000;
2022;Intibucá;Gabinete de Infraestructura Productiva;COMUNICACIONES Y ENERGÍA;ENERGIA;0801 - Empresa Nacional de Energía Eléctrica;APOYO AL PROGRAMA NACIONAL DE TRANSMISIÓN DE ENERGÍA ELÉCTRICA;58452501.832455900000000000000000000000;
2022;Olancho;Gabinete de Infraestructura Productiva;COMUNICACIONES Y ENERGÍA;ENERGIA;0801 - Empresa Nacional de Energía Eléctrica;APOYO AL PROGRAMA NACIONAL DE TRANSMISIÓN DE ENERGÍA ELÉCTRICA;2181335.679273670000000000000000000000;
2022;Santa Bárbara;Gabinete de Infraestructura Productiva;COMUNICACIONES Y ENERGÍA;ENERGIA;0801 - Empresa Nacional de Energía Eléctrica;APOYO AL PROGRAMA NACIONAL DE TRANSMISIÓN DE ENERGÍA ELÉCTRICA;328978.358141575000000000000000000000;
2022;Valle;Gabinete de Infraestructura Productiva;COMUNICACIONES Y ENERGÍA;ENERGIA;0801 - Empresa Nacional de Energía Eléctrica;APOYO AL PROGRAMA NACIONAL DE TRANSMISIÓN DE ENERGÍA ELÉCTRICA;2029796.469733520000000000000000000000;
2022;Yoro;Gabinete de Infraestructura Productiva;COMUNICACIONES Y ENERGÍA;ENERGIA;0801 - Empresa Nacional de Energía Eléctrica;APOYO AL PROGRAMA NACIONAL DE TRANSMISIÓN DE ENERGÍA ELÉCTRICA;215899546.482423000000000000000000000000;
2022;Atlántida;Gabinete de Infraestructura Productiva;COMUNICACIONES Y ENERGÍA;ENERGIA;0801 - Empresa Nacional de Energía Eléctrica;ELECTRIFICACIÓN RURAL EN LUGARES AISLADOS;398437.250000000000000000000000000000;
2022;Choluteca;Gabinete de Infraestructura Productiva;COMUNICACIONES Y ENERGÍA;ENERGIA;0801 - Empresa Nacional de Energía Eléctrica;ELECTRIFICACIÓN RURAL EN LUGARES AISLADOS;9490000.000000000000000000000000000000;
2022;Cortés;Gabinete de Infraestructura Productiva;COMUNICACIONES Y ENERGÍA;ENERGIA;0801 - Empresa Nacional de Energía Eléctrica;ELECTRIFICACIÓN RURAL EN LUGARES AISLADOS;500000.000000000000000000000000000000;
2022;Francisco Morazán;Gabinete de Infraestructura Productiva;COMUNICACIONES Y ENERGÍA;ENERGIA;0801 - Empresa Nacional de Energía Eléctrica;ELECTRIFICACIÓN RURAL EN LUGARES AISLADOS;2386000.000000000000000000000000000000;
2022;Gracias a Dios;Gabinete de Infraestructura Productiva;COMUNICACIONES Y ENERGÍA;ENERGIA;0801 - Empresa Nacional de Energía Eléctrica;ELECTRIFICACIÓN RURAL EN LUGARES AISLADOS;108902562.750000000000000000000000000000;
2022;Cortés;Gabinete de Infraestructura Productiva;COMUNICACIONES Y ENERGÍA;ENERGIA;0801 - Empresa Nacional de Energía Eléctrica;PROYECTO DE REHABILITACIÓN Y REPOTENCIACIÓN DEL COMPLEJO HIDROELÉCTRICO CAÑAVERAL-RÍO LINDO;573277196.000000000000000000000000000000;
2022;Francisco Morazán;Gabinete de Infraestructura Productiva;COMUNICACIONES Y ENERGÍA;ENERGIA;0801 - Empresa Nacional de Energía Eléctrica;PROYECTO DE REHABILITACIÓN Y REPOTENCIACIÓN DEL COMPLEJO HIDROELÉCTRICO CAÑAVERAL-RÍO LINDO;198245000.000000000000000000000000000000;
2022;Francisco Morazán;Gabinete de Infraestructura Productiva;PROMOCIÓN Y PROTECCIÓN HUMANA;AGUA Y SANEAMIENTO;1801 - Alcaldia Municipal del Distrito Central;Proyecto para Fortalecer la Prestación de Agua Potable de Tegucigalpa;480976286.000000000000000000000000000000;
2023;Atlántida;No aplica;1 - PROMOCION Y PROTECCION HUMANA;EDUCACIÓN;0050 - Secretaría de Educación;MEJORAMIENTO DE LA CALIDAD EN LA EDUCACIÓN PREBÁSICA EN HONDURAS;2546832.000000000000000000000000000000;
2023;Atlántida;No aplica;1 - PROMOCION Y PROTECCION HUMANA;FORTALECIMIENTO INSTITUCIONAL;0503 - Instituto Nacional de Formación Profesional;Equipamiento de Centros Regionales y Sub Regionales de INFOP e Implementación de Capacitaciones a Instructores;2800000.000000000000000000000000000000;
2023;Atlántida;No aplica;1 - PROMOCION Y PROTECCION HUMANA;PROTECCIÓN SOCIAL;0022 - Fondo Hondureño de Inversión Social;PROGRAMA DE INFRAESTRUCTURA PARA LA SEGURIDAD CIUDADANA;9526939.000000000000000000000000000000;
2023;Atlántida;No aplica;1 - PROMOCION Y PROTECCION HUMANA;PROTECCIÓN SOCIAL;0244 - Dirección Nacional del Programa Ciudad Mujer;Centros de Atención Integral para mejorar las condiciones de vida de las mujeres hondureñas (Ciudad Mujer);0.000000000000000000000000000000;
2023;Atlántida;No aplica;1 - PROMOCION Y PROTECCION HUMANA;PROTECCIÓN SOCIAL;0244 - Dirección Nacional del Programa Ciudad Mujer;SERVICIOS DE DESARROLLO EMPRESARIAL Y UN ENTORNO FAVORABLE PARA LAS EMPRESARIAS DE HONDURAS;3863918.750000000000000000000000000000;
2023;Atlántida;No aplica;1 - PROMOCION Y PROTECCION HUMANA;PROTECCIÓN SOCIAL;0415 - Red Solidaria;FINANCIAMIENTO ADICIONAL AL PROYECTO DE INTEGRACIÓN DE LA PROTECCIÓN SOCIAL;15560230.290000000000000000000000000000;
2023;Atlántida;No aplica;1 - PROMOCION Y PROTECCION HUMANA;PROTECCIÓN SOCIAL;0415 - Red Solidaria;PROGRAMA BONO DE ALIVIO A FAMILIAS VULNERABLES AFECTADAS POR FENÓMENOS NATURALES PRODUCTO DEL CAMBIO CLIMÁTICO;12495000.000000000000000000000000000000;
2023;Atlántida;No aplica;1 - PROMOCION Y PROTECCION HUMANA;PROTECCIÓN SOCIAL;0415 - Red Solidaria;PROYECTO DE APOYO A POBLACIONES VULNERABLES AFECTADAS POR CORONAVIRUS;81749950.000000000000000000000000000000;
2023;Atlántida;No aplica;1 - PROMOCION Y PROTECCION HUMANA;SALUD;0060 - Secretaría de Salud;HONDURAS - INICIATIVA REGIONAL DE ELIMINACIÓN DE LA MALARIA (IREM EN MESOAMÉRICA Y REPÚBLICA DOMINICANA (HO-G1250;2197508.617395900000000000000000000000;
2023;Atlántida;No aplica;1 - PROMOCION Y PROTECCION HUMANA;SALUD;0060 - Secretaría de Salud;PROYECTO DE RESPUESTA A EMERGENCIA HONDURAS COVID-19;27977016.277423100000000000000000000000;
2023;Atlántida;No aplica;1 - PROMOCION Y PROTECCION HUMANA;SALUD;0060 - Secretaría de Salud;RESPUESTA INMEDIATA DE SALUD PÚBLICA PARA CONTENER Y CONTROLAR EL CORONAVIRUS (COVID-19) Y MITIGAR SU EFECTO EN LA PRESTACIÓN DE SERVICIOS EN HONDURAS (RISP-HO-2);24075777.509174400000000000000000000000;
2023;Atlántida;No aplica;2 - COMUNICACIONES Y ENERGIA;CARRETERAS;0411 - Secretaría de Infraestructura y Transporte;CONSTRUCCIÓN DEL CORREDOR TURÍSTICO;483344052.840000000000000000000000000000;
2023;Atlántida;No aplica;2 - COMUNICACIONES Y ENERGIA;ENERGÍA;0801 - Empresa Nacional de Energía Eléctrica;AMPLIACIÓN DE LA CENTRAL CEIBA TÉRMICA  Y  LA PUERTA ;152121760.000000000000000000000000000000;
2023;Atlántida;No aplica;2 - COMUNICACIONES Y ENERGIA;PROTECCIÓN SOCIAL;0022 - Fondo Hondureño de Inversión Social;Proyecto Recuperación de Emergencia a Causa de Ciclones Tropicales Eta e Iota en Honduras.;910382.000000000000000000000000000000;
2023;Atlántida;No aplica;3 - AGROFORESTAL Y TURISMO;FORESTAL ;0150 - SECRETARÍA DE RECURSOS NATURALES Y AMBIENTE;PROGRAMANACIONAL DE REFORESTACION Y PROTECCION DE CUENCAS HIDROGRAFICAS PADRE ANDRES TAMAYO;23136057.777777800000000000000000000000;
2023;Atlántida;No aplica;3 - AGROFORESTAL Y TURISMO;SEGURIDAD ALIMENTARIA;0140 - Secretaría de Agricultura y Ganadería;Integrando la Innovación para la Competitividad Rural (COMRURAL II)Tipo de proyecto: Inversión Pública;27893740.000000000000000000000000000000;
2023;Atlántida;No aplica;3 - AGROFORESTAL Y TURISMO;SEGURIDAD ALIMENTARIA;0140 - Secretaría de Agricultura y Ganadería;Proyecto de inclusión económica y social de pequeños productores rurales en la región noreste de Honduras (PROINORTE);16484332.000000000000000000000000000000;
2023;Atlántida;No aplica;4 - FORTALECIMIENTO INSTITUCIONAL;MODERNIZACION DEL ESTADO;0037 - Servicio de Administración de Rentas;Fortalecimiento Institucional y Operativo de la Administración Tributaria;2120742.157995570000000000000000000000;
2023;Atlántida;No aplica;4 - FORTALECIMIENTO INSTITUCIONAL;MODERNIZACIÓN DEL ESTADO;0415 - Red Solidaria;Proyecto Transformación Digital para una Mayor Competitividad;3000005.400000000000000000000000000000;
2023;Atlántida;No aplica;4 - FORTALECIMIENTO INSTITUCIONAL;SEGURIDAD Y DEFENSA;0070 - Secretaría de Seguridad;PROGRAMA DE CONVIVENCIA CIUDADANA Y MEJORAMIENTO DE BARRIOS;52644275.030000000000000000000000000000;
2023;Choluteca;No aplica;1 - PROMOCION Y PROTECCION HUMANA;AGUA Y SANEAMIENTO;0140 - Secretaría de Agricultura y Ganadería;Fortalecimiento del Abastecimiento de Agua Urbana;11537637.891000000000000000000000000000;
2023;Choluteca;No aplica;1 - PROMOCION Y PROTECCION HUMANA;AGUA Y SANEAMIENTO;0140 - Secretaría de Agricultura y Ganadería;PROYECTO DE SEGURIDAD HIDRICA EN EL CORREDOR SECO DE HONDURAS;63985290.500000000000000000000000000000;
2023;Choluteca;No aplica;1 - PROMOCION Y PROTECCION HUMANA;EDUCACIÓN;0050 - Secretaría de Educación;MEJORAMIENTO DE LA CALIDAD EN LA EDUCACIÓN PREBÁSICA EN HONDURAS;5093628.000000000000000000000000000000;
2023;Choluteca;No aplica;1 - PROMOCION Y PROTECCION HUMANA;EDUCACIÓN;0050 - Secretaría de Educación;RECONSTRUCCION, AMPLIACION Y REHABILITACION DE INFRAESTRUCTURA EDUCATIVA E IMPLEMENTACION DE HUERTOS ESCOLARES PRODUCTIVOS EN CENTROS EDUCATIVOS DE HONDURAS, FASE I;29136370.093625600000000000000000000000;
2023;Choluteca;No aplica;1 - PROMOCION Y PROTECCION HUMANA;FORTALECIMIENTO INSTITUCIONAL;0503 - Instituto Nacional de Formación Profesional;Equipamiento de Centros Regionales y Sub Regionales de INFOP e Implementación de Capacitaciones a Instructores;500000.000000000000000000000000000000;
2023;Choluteca;No aplica;1 - PROMOCION Y PROTECCION HUMANA;PROTECCIÓN SOCIAL;0244 - Dirección Nacional del Programa Ciudad Mujer;Centros de Atención Integral para mejorar las condiciones de vida de las mujeres hondureñas (Ciudad Mujer);0.000000000000000000000000000000;
2023;Choluteca;No aplica;1 - PROMOCION Y PROTECCION HUMANA;PROTECCIÓN SOCIAL;0415 - Red Solidaria;FINANCIAMIENTO ADICIONAL AL PROYECTO DE INTEGRACIÓN DE LA PROTECCIÓN SOCIAL;88195410.210000000000000000000000000000;
2023;Choluteca;No aplica;1 - PROMOCION Y PROTECCION HUMANA;PROTECCIÓN SOCIAL;0415 - Red Solidaria;PROYECTO DE APOYO A POBLACIONES VULNERABLES AFECTADAS POR CORONAVIRUS;87398020.000000000000000000000000000000;
2023;Choluteca;No aplica;1 - PROMOCION Y PROTECCION HUMANA;SALUD;0060 - Secretaría de Salud;HONDURAS - INICIATIVA REGIONAL DE ELIMINACIÓN DE LA MALARIA (IREM EN MESOAMÉRICA Y REPÚBLICA DOMINICANA (HO-G1250;2008041.250669020000000000000000000000;
2023;Choluteca;No aplica;1 - PROMOCION Y PROTECCION HUMANA;SALUD;0060 - Secretaría de Salud;PROYECTO DE RESPUESTA A EMERGENCIA HONDURAS COVID-19;10162256.403588800000000000000000000000;
2023;Choluteca;No aplica;1 - PROMOCION Y PROTECCION HUMANA;SALUD;0060 - Secretaría de Salud;RESPUESTA INMEDIATA DE SALUD PÚBLICA PARA CONTENER Y CONTROLAR EL CORONAVIRUS (COVID-19) Y MITIGAR SU EFECTO EN LA PRESTACIÓN DE SERVICIOS EN HONDURAS (RISP-HO-2);23536494.830390800000000000000000000000;
2023;Choluteca;No aplica;3 - AGROFORESTAL Y TURISMO;FORESTAL;0415 - Red Solidaria;PROGRAMA DE RESTAURACIÓN DE BOSQUES RESILIENTES AL CLIMA Y SILVICULTURA PARA LA SOSTENIBILIDAD DE LOS SERVICIOS ECOSISTÉMICOS RELACIONADOS CON EL AGUA.;6044879.674881870000000000000000000000;
2023;Choluteca;No aplica;3 - AGROFORESTAL Y TURISMO;FORESTAL ;0150 - SECRETARÍA DE RECURSOS NATURALES Y AMBIENTE;PROGRAMANACIONAL DE REFORESTACION Y PROTECCION DE CUENCAS HIDROGRAFICAS PADRE ANDRES TAMAYO;25157347.777777700000000000000000000000;
2023;Choluteca;No aplica;3 - AGROFORESTAL Y TURISMO;SEGURIDAD ALIMENTARIA;0140 - Secretaría de Agricultura y Ganadería;Integrando la Innovación para la Competitividad Rural (COMRURAL II)Tipo de proyecto: Inversión Pública;29882245.000000000000000000000000000000;
2023;Choluteca;No aplica;4 - FORTALECIMIENTO INSTITUCIONAL;MODERNIZACION DEL ESTADO;0037 - Servicio de Administración de Rentas;Fortalecimiento Institucional y Operativo de la Administración Tributaria;350074.025452168000000000000000000000;
2023;Choluteca;No aplica;4 - FORTALECIMIENTO INSTITUCIONAL;MODERNIZACIÓN DEL ESTADO;0415 - Red Solidaria;Proyecto Transformación Digital para una Mayor Competitividad;3000005.400000000000000000000000000000;
2023;Colón;No aplica;1 - PROMOCION Y PROTECCION HUMANA;EDUCACIÓN;0050 - Secretaría de Educación;MEJORAMIENTO DE LA CALIDAD EN LA EDUCACIÓN PREBÁSICA EN HONDURAS;3183540.000000000000000000000000000000;
2023;Colón;No aplica;1 - PROMOCION Y PROTECCION HUMANA;EDUCACIÓN;0050 - Secretaría de Educación;RECONSTRUCCION, AMPLIACION Y REHABILITACION DE INFRAESTRUCTURA EDUCATIVA E IMPLEMENTACION DE HUERTOS ESCOLARES PRODUCTIVOS EN CENTROS EDUCATIVOS DE HONDURAS, FASE I;80935500.000000000000000000000000000000;
2023;Colón;No aplica;1 - PROMOCION Y PROTECCION HUMANA;FORTALECIMIENTO INSTITUCIONAL;0503 - Instituto Nacional de Formación Profesional;Equipamiento de Centros Regionales y Sub Regionales de INFOP e Implementación de Capacitaciones a Instructores;500000.000000000000000000000000000000;
2023;Colón;No aplica;1 - PROMOCION Y PROTECCION HUMANA;PROTECCIÓN SOCIAL;0415 - Red Solidaria;FINANCIAMIENTO ADICIONAL AL PROYECTO DE INTEGRACIÓN DE LA PROTECCIÓN SOCIAL;10923942.210000000000000000000000000000;
2023;Colón;No aplica;1 - PROMOCION Y PROTECCION HUMANA;PROTECCIÓN SOCIAL;0415 - Red Solidaria;PROGRAMA BONO DE ALIVIO A FAMILIAS VULNERABLES AFECTADAS POR FENÓMENOS NATURALES PRODUCTO DEL CAMBIO CLIMÁTICO;33745000.000000000000000000000000000000;
2023;Colón;No aplica;1 - PROMOCION Y PROTECCION HUMANA;PROTECCIÓN SOCIAL;0415 - Red Solidaria;PROYECTO DE APOYO A POBLACIONES VULNERABLES AFECTADAS POR CORONAVIRUS;4508700.000000000000000000000000000000;
2023;Colón;No aplica;1 - PROMOCION Y PROTECCION HUMANA;SALUD;0060 - Secretaría de Salud;HONDURAS - INICIATIVA REGIONAL DE ELIMINACIÓN DE LA MALARIA (IREM EN MESOAMÉRICA Y REPÚBLICA DOMINICANA (HO-G1250;2220263.912947570000000000000000000000;
2023;Colón;No aplica;1 - PROMOCION Y PROTECCION HUMANA;SALUD;0060 - Secretaría de Salud;PROYECTO DE RESPUESTA A EMERGENCIA HONDURAS COVID-19;16526118.418474900000000000000000000000;
2023;Colón;No aplica;1 - PROMOCION Y PROTECCION HUMANA;SALUD;0060 - Secretaría de Salud;RESPUESTA INMEDIATA DE SALUD PÚBLICA PARA CONTENER Y CONTROLAR EL CORONAVIRUS (COVID-19) Y MITIGAR SU EFECTO EN LA PRESTACIÓN DE SERVICIOS EN HONDURAS (RISP-HO-2);17102639.532602500000000000000000000000;
2023;Colón;No aplica;3 - AGROFORESTAL Y TURISMO;FORESTAL ;0150 - SECRETARÍA DE RECURSOS NATURALES Y AMBIENTE;PROGRAMANACIONAL DE REFORESTACION Y PROTECCION DE CUENCAS HIDROGRAFICAS PADRE ANDRES TAMAYO;50042326.813333300000000000000000000000;
2023;Colón;No aplica;3 - AGROFORESTAL Y TURISMO;SEGURIDAD ALIMENTARIA;0140 - Secretaría de Agricultura y Ganadería;Proyecto de inclusión económica y social de pequeños productores rurales en la región noreste de Honduras (PROINORTE);140159770.000000000000000000000000000000;
2023;Colón;No aplica;4 - FORTALECIMIENTO INSTITUCIONAL;MODERNIZACION DEL ESTADO;0037 - Servicio de Administración de Rentas;Fortalecimiento Institucional y Operativo de la Administración Tributaria;3846208.269580690000000000000000000000;
2023;Colón;No aplica;4 - FORTALECIMIENTO INSTITUCIONAL;MODERNIZACIÓN DEL ESTADO;0415 - Red Solidaria;Proyecto Transformación Digital para una Mayor Competitividad;1400002.520000000000000000000000000000;
2023;Comayagua;No aplica;1 - PROMOCION Y PROTECCION HUMANA;AGUA Y SANEAMIENTO;0140 - Secretaría de Agricultura y Ganadería;Fortalecimiento del Abastecimiento de Agua Urbana;80763464.760800000000000000000000000000;
2023;Comayagua;No aplica;1 - PROMOCION Y PROTECCION HUMANA;EDUCACIÓN;0022 - Fondo Hondureño de Inversión Social;PROGRAMA DE MEJORA DE LA INFRAESTRUCTURA ESCOLAR (PROMINE/KFW, FASE II);21305889.227220000000000000000000000000;
2023;Comayagua;No aplica;1 - PROMOCION Y PROTECCION HUMANA;EDUCACIÓN;0050 - Secretaría de Educación;MEJORAMIENTO DE LA CALIDAD EN LA EDUCACIÓN PREBÁSICA EN HONDURAS;6685448.000000000000000000000000000000;
2023;Comayagua;No aplica;1 - PROMOCION Y PROTECCION HUMANA;EDUCACIÓN;0050 - Secretaría de Educación;PROGRAMA DE MEJORA DE LA INFRAESTRUCTURA ESCOLAR (PROMINE/KFW, FASE II);558984.328705101000000000000000000000;
2023;Comayagua;No aplica;1 - PROMOCION Y PROTECCION HUMANA;EDUCACIÓN;0511 - Universidad Nacional de Ciencias Forestales;Remodelación edificios y equipamiento en la Universidad Nacional de Ciencias Forestales;5817587.000000000000000000000000000000;
2023;Comayagua;No aplica;1 - PROMOCION Y PROTECCION HUMANA;FORTALECIMIENTO INSTITUCIONAL;0503 - Instituto Nacional de Formación Profesional;Equipamiento de Centros Regionales y Sub Regionales de INFOP e Implementación de Capacitaciones a Instructores;300000.000000000000000000000000000000;
2023;Comayagua;No aplica;1 - PROMOCION Y PROTECCION HUMANA;PROTECCIÓN SOCIAL;0022 - Fondo Hondureño de Inversión Social;PROGRAMA DE INFRAESTRUCTURA PARA LA SEGURIDAD CIUDADANA;2457000.000000000000000000000000000000;
2023;Comayagua;No aplica;1 - PROMOCION Y PROTECCION HUMANA;PROTECCIÓN SOCIAL;0022 - Fondo Hondureño de Inversión Social;PROGRAMA DE MEJORAMIENTO INTEGRAL DE LA INFRAESTRUCTURA Y FORMACION EDUCATIVA EN HONDURAS;8923428.890000000000000000000000000000;
2023;Comayagua;No aplica;1 - PROMOCION Y PROTECCION HUMANA;PROTECCIÓN SOCIAL;0415 - Red Solidaria;FINANCIAMIENTO ADICIONAL AL PROYECTO DE INTEGRACIÓN DE LA PROTECCIÓN SOCIAL;38300008.120000000000000000000000000000;
2023;Comayagua;No aplica;1 - PROMOCION Y PROTECCION HUMANA;PROTECCIÓN SOCIAL;0415 - Red Solidaria;PROYECTO DE APOYO A POBLACIONES VULNERABLES AFECTADAS POR CORONAVIRUS;10532260.000000000000000000000000000000;
2023;Comayagua;No aplica;1 - PROMOCION Y PROTECCION HUMANA;SALUD;0060 - Secretaría de Salud;HONDURAS - INICIATIVA REGIONAL DE ELIMINACIÓN DE LA MALARIA (IREM EN MESOAMÉRICA Y REPÚBLICA DOMINICANA (HO-G1250;1076067.162205970000000000000000000000;
2023;Comayagua;No aplica;1 - PROMOCION Y PROTECCION HUMANA;SALUD;0060 - Secretaría de Salud;PROYECTO DE RESPUESTA A EMERGENCIA HONDURAS COVID-19;13964562.817843100000000000000000000000;
2023;Comayagua;No aplica;1 - PROMOCION Y PROTECCION HUMANA;SALUD;0060 - Secretaría de Salud;RESPUESTA INMEDIATA DE SALUD PÚBLICA PARA CONTENER Y CONTROLAR EL CORONAVIRUS (COVID-19) Y MITIGAR SU EFECTO EN LA PRESTACIÓN DE SERVICIOS EN HONDURAS (RISP-HO-2);27832384.004109200000000000000000000000;
2023;Comayagua;No aplica;1 - PROMOCION Y PROTECCION HUMANA;EDUCACIÓN;0413 - Comisión Nacional del Deporte Honduras;Remodelación del Estadio Nacional José de la Paz Herrera y Parque de Pelota Lempira Reyna;2285088.350000000000000000000000000000;
2023;Comayagua;No aplica;2 - COMUNICACIONES Y ENERGIA;CARRETERAS;0411 - Secretaría de Infraestructura y Transporte;Rehabilitación sobre la carpeta asfáltica existente del Tramo Carretero: Siguatepeque - La Esperanza;455378061.000000000000000000000000000000;
2023;Comayagua;No aplica;2 - COMUNICACIONES Y ENERGIA;ENERGÍA;0801 - Empresa Nacional de Energía Eléctrica;APOYO AL PROGRAMA NACIONAL DE TRANSMISIÓN DE ENERGÍA ELÉCTRICA;58803408.190000000000000000000000000000;
2023;Comayagua;No aplica;2 - COMUNICACIONES Y ENERGIA;PROTECCIÓN SOCIAL;0022 - Fondo Hondureño de Inversión Social;Proyecto Recuperación de Emergencia a Causa de Ciclones Tropicales Eta e Iota en Honduras.;81339700.000000000000000000000000000000;
2023;Comayagua;No aplica;3 - AGROFORESTAL Y TURISMO;FORESTAL;0415 - Red Solidaria;MANEJO SOSTENIBLE DE BOSQUES;23187764.659000000000000000000000000000;
2023;Comayagua;No aplica;3 - AGROFORESTAL Y TURISMO;FORESTAL;0415 - Red Solidaria;PROGRAMA DE RESTAURACIÓN DE BOSQUES RESILIENTES AL CLIMA Y SILVICULTURA PARA LA SOSTENIBILIDAD DE LOS SERVICIOS ECOSISTÉMICOS RELACIONADOS CON EL AGUA.;23868269.333747200000000000000000000000;
2023;Comayagua;No aplica;3 - AGROFORESTAL Y TURISMO;FORESTAL ;0150 - SECRETARÍA DE RECURSOS NATURALES Y AMBIENTE;PROGRAMANACIONAL DE REFORESTACION Y PROTECCION DE CUENCAS HIDROGRAFICAS PADRE ANDRES TAMAYO;41866057.777777700000000000000000000000;
2023;Comayagua;No aplica;3 - AGROFORESTAL Y TURISMO;SEGURIDAD ALIMENTARIA;0140 - Secretaría de Agricultura y Ganadería;Integrando la Innovación para la Competitividad Rural (COMRURAL II)Tipo de proyecto: Inversión Pública;58279952.000000000000000000000000000000;
2023;Comayagua;No aplica;3 - AGROFORESTAL Y TURISMO;SEGURIDAD ALIMENTARIA;0140 - Secretaría de Agricultura y Ganadería;PROYECTO DE DESAROLLO AGRICOLA BAJO RIEGO (PDABR);142939867.500000000000000000000000000000;
2023;Comayagua;No aplica;4 - FORTALECIMIENTO INSTITUCIONAL;MODERNIZACION DEL ESTADO;0037 - Servicio de Administración de Rentas;Fortalecimiento Institucional y Operativo de la Administración Tributaria;536020.602309928000000000000000000000;
2023;Comayagua;No aplica;4 - FORTALECIMIENTO INSTITUCIONAL;MODERNIZACIÓN DEL ESTADO;0415 - Red Solidaria;Proyecto Transformación Digital para una Mayor Competitividad;2800005.040000000000000000000000000000;
2023;Comayagua;No aplica;1 - PROMOCION Y PROTECCION HUMANA;EDUCACIÓN;0505 - Instituto Hondureño de Antropología e Historia;Renovación Museográfica y Servicios de Turismo Cultural en el Museo de Comayagua y Formación de la Comunidad en la Protección del Patrimonio Cultural;2162217.000000000000000000000000000000;
2023;Copán;No aplica;1 - PROMOCION Y PROTECCION HUMANA;AGUA Y SANEAMIENTO;0140 - Secretaría de Agricultura y Ganadería;Fortalecimiento del Abastecimiento de Agua Urbana;46150551.087800000000000000000000000000;
2023;Copán;No aplica;1 - PROMOCION Y PROTECCION HUMANA;EDUCACIÓN;0022 - Fondo Hondureño de Inversión Social;PROGRAMA DE MEJORA DE LA INFRAESTRUCTURA ESCOLAR (PROMINE/KFW, FASE II);26739607.450000000000000000000000000000;
2023;Copán;No aplica;1 - PROMOCION Y PROTECCION HUMANA;EDUCACIÓN;0050 - Secretaría de Educación;MEJORAMIENTO DE LA CALIDAD EN LA EDUCACIÓN PREBÁSICA EN HONDURAS;19684385.000000000000000000000000000000;
2023;Copán;No aplica;1 - PROMOCION Y PROTECCION HUMANA;EDUCACIÓN;0050 - Secretaría de Educación;PROGRAMA DE MEJORA DE LA INFRAESTRUCTURA ESCOLAR (PROMINE/KFW, FASE II);1225672.248415330000000000000000000000;
2023;Copán;No aplica;1 - PROMOCION Y PROTECCION HUMANA;EDUCACIÓN;0415 - Red Solidaria;Mejora de la Calidad Educativa para el Desarrollo de Habilidades para el Empleo: Proyecto Joven;51401514.060146500000000000000000000000;
2023;Copán;No aplica;1 - PROMOCION Y PROTECCION HUMANA;FORTALECIMIENTO INSTITUCIONAL;0503 - Instituto Nacional de Formación Profesional;Equipamiento de Centros Regionales y Sub Regionales de INFOP e Implementación de Capacitaciones a Instructores;250000.000000000000000000000000000000;
2023;Copán;No aplica;1 - PROMOCION Y PROTECCION HUMANA;PROTECCIÓN SOCIAL;0022 - Fondo Hondureño de Inversión Social;ACTIVIDAD PILOTO DE INFRAESTRUCTURA EN EL OCCIDENTE DE HONDURAS;767635.090000000000000000000000000000;
2023;Copán;No aplica;1 - PROMOCION Y PROTECCION HUMANA;PROTECCIÓN SOCIAL;0415 - Red Solidaria;FINANCIAMIENTO ADICIONAL AL PROYECTO DE INTEGRACIÓN DE LA PROTECCIÓN SOCIAL;15491683.020000000000000000000000000000;
2023;Copán;No aplica;1 - PROMOCION Y PROTECCION HUMANA;PROTECCIÓN SOCIAL;0415 - Red Solidaria;PROYECTO DE APOYO A POBLACIONES VULNERABLES AFECTADAS POR CORONAVIRUS;7130130.000000000000000000000000000000;
2023;Copán;No aplica;1 - PROMOCION Y PROTECCION HUMANA;SALUD;0060 - Secretaría de Salud;APOYO AL SISTEMA INTEGRAL DE PROTECCIÓN SOCIAL 5008/BL-HO;6735373.535597070000000000000000000000;
2023;Copán;No aplica;1 - PROMOCION Y PROTECCION HUMANA;SALUD;0060 - Secretaría de Salud;PROYECTO DE RESPUESTA A EMERGENCIA HONDURAS COVID-19;15753758.923467500000000000000000000000;
2023;Copán;No aplica;1 - PROMOCION Y PROTECCION HUMANA;SALUD;0060 - Secretaría de Salud;RESPUESTA INMEDIATA DE SALUD PÚBLICA PARA CONTENER Y CONTROLAR EL CORONAVIRUS (COVID-19) Y MITIGAR SU EFECTO EN LA PRESTACIÓN DE SERVICIOS EN HONDURAS (RISP-HO-2);20448519.623696200000000000000000000000;
2023;Copán;No aplica;1 - PROMOCION Y PROTECCION HUMANA;SALUD;0415 - Red Solidaria;PROYECTO DE MEJORA DE LA GESTION Y CALIDAD DE LOS SERVICIOS DE SALUD MATERNO-NEONATAL;112545844.000000000000000000000000000000;
2023;Copán;No aplica;1 - PROMOCION Y PROTECCION HUMANA;EDUCACIÓN;0505 - Instituto Hondureño de Antropología e Historia;ACONDICIONAMIENTO Y PROMOCIÓN CULTURAL Y TURÍSTICA DE LOS PARQUES ARQUEOLÓGICOS DE EL PUENTE Y COPÁN RUINAS EN EL DEPARTAMENTO DE COPÁN Y LAS CUEVAS DE TALGUA EN EL DEPARTAMENTO DE OLANCHO;421310.000000000000000000000000000000;
2023;Copán;No aplica;2 - COMUNICACIONES Y ENERGIA;CARRETERAS;0411 - Secretaría de Infraestructura y Transporte;CONSTRUCCIÓN DE LAS OBRAS DE MITIGACIÓN , DEL CORREDOR DE OCCIDENTE, FALLA KM 57+000 , TRAMO 3;70000000.000000000000000000000000000000;
2023;Copán;No aplica;2 - COMUNICACIONES Y ENERGIA;PROTECCIÓN SOCIAL;0022 - Fondo Hondureño de Inversión Social;Proyecto Recuperación de Emergencia a Causa de Ciclones Tropicales Eta e Iota en Honduras.;23456552.000000000000000000000000000000;
2023;Copán;No aplica;3 - AGROFORESTAL Y TURISMO;FORESTAL ;0150 - SECRETARÍA DE RECURSOS NATURALES Y AMBIENTE;PROGRAMANACIONAL DE REFORESTACION Y PROTECCION DE CUENCAS HIDROGRAFICAS PADRE ANDRES TAMAYO;22938333.133333300000000000000000000000;
2023;Copán;No aplica;3 - AGROFORESTAL Y TURISMO;SEGURIDAD ALIMENTARIA;0140 - Secretaría de Agricultura y Ganadería;Integrando la Innovación para la Competitividad Rural (COMRURAL II)Tipo de proyecto: Inversión Pública;84794637.000000000000000000000000000000;
2023;Copán;No aplica;3 - AGROFORESTAL Y TURISMO;SEGURIDAD ALIMENTARIA;0140 - Secretaría de Agricultura y Ganadería;PROYECTO INTEGRAL DE DESARROLLO RURAL Y PRODUCTIVIDAD;29489982.272727300000000000000000000000;
2023;Copán;No aplica;4 - FORTALECIMIENTO INSTITUCIONAL;MODERNIZACION DEL ESTADO;0037 - Servicio de Administración de Rentas;Fortalecimiento Institucional y Operativo de la Administración Tributaria;196410.004805207000000000000000000000;
2023;Copán;No aplica;4 - FORTALECIMIENTO INSTITUCIONAL;MODERNIZACIÓN DEL ESTADO;0415 - Red Solidaria;Proyecto Transformación Digital para una Mayor Competitividad;2200003.960000000000000000000000000000;
2023;Copán;No aplica;4 - FORTALECIMIENTO INSTITUCIONAL;SEGURIDAD Y DEFENSA;0022 - Fondo Hondureño de Inversión Social;PROYECTO CONVIVENCIA Y ESPACIOS SEGUROS PARA LOS JÓVENES EN HONDURAS;11653051.750000000000000000000000000000;
2023;Cortes;No aplica;1 - PROMOCION Y PROTECCION HUMANA;AGUA Y SANEAMIENTO;0140 - Secretaría de Agricultura y Ganadería;Fortalecimiento del Abastecimiento de Agua Urbana;51919369.795200000000000000000000000000;
2023;Cortes;No aplica;1 - PROMOCION Y PROTECCION HUMANA;EDUCACIÓN;0050 - Secretaría de Educación;MEJORAMIENTO DE LA CALIDAD EN LA EDUCACIÓN PREBÁSICA EN HONDURAS;3820224.000000000000000000000000000000;
2023;Cortes;No aplica;1 - PROMOCION Y PROTECCION HUMANA;EDUCACIÓN;0415 - Red Solidaria;Mejora de la Calidad Educativa para el Desarrollo de Habilidades para el Empleo: Proyecto Joven;47905136.673830400000000000000000000000;
2023;Cortes;No aplica;1 - PROMOCION Y PROTECCION HUMANA;FORTALECIMIENTO INSTITUCIONAL;0503 - Instituto Nacional de Formación Profesional;Equipamiento de Centros Regionales y Sub Regionales de INFOP e Implementación de Capacitaciones a Instructores;13200000.000000000000000000000000000000;
2023;Cortes;No aplica;1 - PROMOCION Y PROTECCION HUMANA;PROTECCIÓN SOCIAL;0022 - Fondo Hondureño de Inversión Social;PROGRAMA DE INFRAESTRUCTURA PARA LA SEGURIDAD CIUDADANA;18975538.410000000000000000000000000000;
2023;Cortes;No aplica;1 - PROMOCION Y PROTECCION HUMANA;PROTECCIÓN SOCIAL;0022 - Fondo Hondureño de Inversión Social;PROGRAMA DE MEJORAMIENTO INTEGRAL DE LA INFRAESTRUCTURA Y FORMACION EDUCATIVA EN HONDURAS;85345313.750000000000000000000000000000;
2023;Cortes;No aplica;1 - PROMOCION Y PROTECCION HUMANA;PROTECCIÓN SOCIAL;0244 - Dirección Nacional del Programa Ciudad Mujer;Centros de Atención Integral para mejorar las condiciones de vida de las mujeres hondureñas (Ciudad Mujer);6404700.000000000000000000000000000000;
2023;Cortes;No aplica;1 - PROMOCION Y PROTECCION HUMANA;PROTECCIÓN SOCIAL;0244 - Dirección Nacional del Programa Ciudad Mujer;SERVICIOS DE DESARROLLO EMPRESARIAL Y UN ENTORNO FAVORABLE PARA LAS EMPRESARIAS DE HONDURAS;7727837.500000000000000000000000000000;
2023;Cortes;No aplica;1 - PROMOCION Y PROTECCION HUMANA;PROTECCIÓN SOCIAL;0415 - Red Solidaria;FINANCIAMIENTO ADICIONAL AL PROYECTO DE INTEGRACIÓN DE LA PROTECCIÓN SOCIAL;12400824.300000000000000000000000000000;
2023;Cortes;No aplica;1 - PROMOCION Y PROTECCION HUMANA;PROTECCIÓN SOCIAL;0415 - Red Solidaria;PROGRAMA BONO DE ALIVIO A FAMILIAS VULNERABLES AFECTADAS POR FENÓMENOS NATURALES PRODUCTO DEL CAMBIO CLIMÁTICO;22400000.000000000000000000000000000000;
2023;Cortes;No aplica;1 - PROMOCION Y PROTECCION HUMANA;SALUD;0060 - Secretaría de Salud;Construcción Hospital de Trauma San Pedro Sula;299082800.000000000000000000000000000000;
2023;Cortes;No aplica;1 - PROMOCION Y PROTECCION HUMANA;SALUD;0060 - Secretaría de Salud;HONDURAS - INICIATIVA REGIONAL DE ELIMINACIÓN DE LA MALARIA (IREM EN MESOAMÉRICA Y REPÚBLICA DOMINICANA (HO-G1250;4547580.263096880000000000000000000000;
2023;Cortes;No aplica;1 - PROMOCION Y PROTECCION HUMANA;SALUD;0060 - Secretaría de Salud;PROYECTO DE RESPUESTA A EMERGENCIA HONDURAS COVID-19;10792909.493483700000000000000000000000;
2023;Cortes;No aplica;1 - PROMOCION Y PROTECCION HUMANA;SALUD;0060 - Secretaría de Salud;RESPUESTA INMEDIATA DE SALUD PÚBLICA PARA CONTENER Y CONTROLAR EL CORONAVIRUS (COVID-19) Y MITIGAR SU EFECTO EN LA PRESTACIÓN DE SERVICIOS EN HONDURAS (RISP-HO-2);88413439.110729400000000000000000000000;
2023;Cortes;No aplica;1 - PROMOCION Y PROTECCION HUMANA;SALUD;0415 - Red Solidaria;PROYECTO DE MEJORA DE LA GESTION Y CALIDAD DE LOS SERVICIOS DE SALUD MATERNO-NEONATAL;23959621.000000000000000000000000000000;
2023;Cortes;No aplica;2 - COMUNICACIONES Y ENERGIA;CARRETERAS;0411 - Secretaría de Infraestructura y Transporte;LIBRAMIENTO SAN PEDRO SULA - PUERTO CORTÉS;28716895.159999800000000000000000000000;
2023;Cortes;No aplica;2 - COMUNICACIONES Y ENERGIA;CARRETERAS;0411 - Secretaría de Infraestructura y Transporte;Pavimentación con concreto Hidráulico del Tramo Carretero Amapa - San Antonio de Cortés (R90) con una longitud de 9.645 km, ubicado en el municipio de San Antonio de Cortés, Departamento de Cortés;112090638.000000000000000000000000000000;
2023;Cortes;No aplica;2 - COMUNICACIONES Y ENERGIA;CARRETERAS;0411 - Secretaría de Infraestructura y Transporte;Pavimentación con concreto Hidráulico del Tramo Carretero Peña Blanca - Los Naranjos (R72) con una longitud de 2.872 km , ubicado en el municipios de Santa Cruz de Yojoa, Departamento de Cortés.;36768704.000000000000000000000000000000;
2023;Cortes;No aplica;2 - COMUNICACIONES Y ENERGIA;ENERGÍA;0801 - Empresa Nacional de Energía Eléctrica;APOYO AL PROGRAMA NACIONAL DE TRANSMISIÓN DE ENERGÍA ELÉCTRICA;825972965.030000000000000000000000000000;
2023;Cortes;No aplica;2 - COMUNICACIONES Y ENERGIA;ENERGÍA;0801 - Empresa Nacional de Energía Eléctrica;PROYECTO DE FORTALECIMIENTO DEL COMPLEJO HIDROELÉCTRICO CAÑAVERAL-RÍO LINDO;588367891.000000000000000000000000000000;
2023;Cortes;No aplica;2 - COMUNICACIONES Y ENERGIA;ENERGÍA;0801 - Empresa Nacional de Energía Eléctrica;PROYECTO DE REHABILITACIÓN Y REPOTENCIACIÓN DEL COMPLEJO HIDROELÉCTRICO CAÑAVERAL-RÍO LINDO;2647017.000000000000000000000000000000;
2023;Cortes;No aplica;2 - COMUNICACIONES Y ENERGIA;PROTECCIÓN SOCIAL;0022 - Fondo Hondureño de Inversión Social;Proyecto Recuperación de Emergencia a Causa de Ciclones Tropicales Eta e Iota en Honduras.;49403461.000000000000000000000000000000;
2023;Cortes;No aplica;2 - COMUNICACIONES Y ENERGIA;TRANSPORTE Y OBRAS PÚBLICAS;0803 - Empresa Nacional Portuaria;CONTRUCCION DEL PARQUE VEHICULAR ;8000000.000000000000000000000000000000;
2023;Cortes;No aplica;2 - COMUNICACIONES Y ENERGIA;TRANSPORTE Y OBRAS PÚBLICAS;0803 - Empresa Nacional Portuaria;PROYECTO DE CONSTRUCCION DEL PARQUE LINEAL DEL MALECON EN PUERTO CORTES;20727500.000000000000000000000000000000;
2023;Cortes;No aplica;2 - COMUNICACIONES Y ENERGIA;TRANSPORTE Y OBRAS PÚBLICAS;0803 - Empresa Nacional Portuaria;PROYECTO DE CONSTRUCCION, MODERNIZACION Y AMPLIACION DE LA TERMINAL MARITIMA DE GRANELES LIQUIDOS, MUELLE 1B DE PUERTO CORTES;16052477.000000000000000000000000000000;
2023;Cortes;No aplica;3 - AGROFORESTAL Y TURISMO;FORESTAL;0415 - Red Solidaria;PROGRAMA DE RESTAURACIÓN DE BOSQUES RESILIENTES AL CLIMA Y SILVICULTURA PARA LA SOSTENIBILIDAD DE LOS SERVICIOS ECOSISTÉMICOS RELACIONADOS CON EL AGUA.;2014959.891627290000000000000000000000;
2023;Cortes;No aplica;3 - AGROFORESTAL Y TURISMO;FORESTAL ;0150 - SECRETARÍA DE RECURSOS NATURALES Y AMBIENTE;PROGRAMANACIONAL DE REFORESTACION Y PROTECCION DE CUENCAS HIDROGRAFICAS PADRE ANDRES TAMAYO;48682871.951111100000000000000000000000;
2023;Cortes;No aplica;3 - AGROFORESTAL Y TURISMO;SEGURIDAD ALIMENTARIA;0806 - Instituto Hondureño de Mercadeo Agricola;Fortalecimiento de la reserva estrategica de granos basicos, a través de la comercialización y rehabilitación de bodegas y Silos en Tegucigalpa y San Pedro Sula ;4065390.500000000000000000000000000000;
2023;Cortes;No aplica;4 - FORTALECIMIENTO INSTITUCIONAL;MODERNIZACION DEL ESTADO;0037 - Servicio de Administración de Rentas;Fortalecimiento Institucional y Operativo de la Administración Tributaria;3989776.794738940000000000000000000000;
2023;Cortes;No aplica;4 - FORTALECIMIENTO INSTITUCIONAL;MODERNIZACIÓN DEL ESTADO;0415 - Red Solidaria;Proyecto Transformación Digital para una Mayor Competitividad;9600017.280000000000000000000000000000;
2023;Cortes;No aplica;4 - FORTALECIMIENTO INSTITUCIONAL;SEGURIDAD Y DEFENSA;0070 - Secretaría de Seguridad;PROGRAMA DE CONVIVENCIA CIUDADANA Y MEJORAMIENTO DE BARRIOS;4133312.680000000000000000000000000000;
2023;El Paraíso;No aplica;1 - PROMOCION Y PROTECCION HUMANA;AGUA Y SANEAMIENTO;0140 - Secretaría de Agricultura y Ganadería;Fortalecimiento del Abastecimiento de Agua Urbana;17301611.268400000000000000000000000000;
2023;El Paraíso;No aplica;1 - PROMOCION Y PROTECCION HUMANA;EDUCACIÓN;0050 - Secretaría de Educación;MEJORAMIENTO DE LA CALIDAD EN LA EDUCACIÓN PREBÁSICA EN HONDURAS;16535045.000000000000000000000000000000;
2023;El Paraíso;No aplica;1 - PROMOCION Y PROTECCION HUMANA;EDUCACIÓN;0050 - Secretaría de Educación;RECONSTRUCCION, AMPLIACION Y REHABILITACION DE INFRAESTRUCTURA EDUCATIVA E IMPLEMENTACION DE HUERTOS ESCOLARES PRODUCTIVOS EN CENTROS EDUCATIVOS DE HONDURAS, FASE I;16187100.000000000000000000000000000000;
2023;El Paraíso;No aplica;1 - PROMOCION Y PROTECCION HUMANA;FORTALECIMIENTO INSTITUCIONAL;0503 - Instituto Nacional de Formación Profesional;Equipamiento de Centros Regionales y Sub Regionales de INFOP e Implementación de Capacitaciones a Instructores;530000.000000000000000000000000000000;
2023;El Paraíso;No aplica;1 - PROMOCION Y PROTECCION HUMANA;PROTECCIÓN SOCIAL;0415 - Red Solidaria;FINANCIAMIENTO ADICIONAL AL PROYECTO DE INTEGRACIÓN DE LA PROTECCIÓN SOCIAL;105199083.880000000000000000000000000000;
2023;El Paraíso;No aplica;1 - PROMOCION Y PROTECCION HUMANA;PROTECCIÓN SOCIAL;0415 - Red Solidaria;PROGRAMA BONO DE ALIVIO A FAMILIAS VULNERABLES AFECTADAS POR FENÓMENOS NATURALES PRODUCTO DEL CAMBIO CLIMÁTICO;183950000.000000000000000000000000000000;
2023;El Paraíso;No aplica;1 - PROMOCION Y PROTECCION HUMANA;PROTECCIÓN SOCIAL;0415 - Red Solidaria;PROYECTO DE APOYO A POBLACIONES VULNERABLES AFECTADAS POR CORONAVIRUS;22284680.000000000000000000000000000000;
2023;El Paraíso;No aplica;1 - PROMOCION Y PROTECCION HUMANA;SALUD;0060 - Secretaría de Salud;HONDURAS - INICIATIVA REGIONAL DE ELIMINACIÓN DE LA MALARIA (IREM EN MESOAMÉRICA Y REPÚBLICA DOMINICANA (HO-G1250;1493879.311619380000000000000000000000;
2023;El Paraíso;No aplica;1 - PROMOCION Y PROTECCION HUMANA;SALUD;0060 - Secretaría de Salud;PROYECTO DE RESPUESTA A EMERGENCIA HONDURAS COVID-19;17273435.804114600000000000000000000000;
2023;El Paraíso;No aplica;1 - PROMOCION Y PROTECCION HUMANA;SALUD;0060 - Secretaría de Salud;RESPUESTA INMEDIATA DE SALUD PÚBLICA PARA CONTENER Y CONTROLAR EL CORONAVIRUS (COVID-19) Y MITIGAR SU EFECTO EN LA PRESTACIÓN DE SERVICIOS EN HONDURAS (RISP-HO-2);24538649.428236800000000000000000000000;
2023;El Paraíso;No aplica;1 - PROMOCION Y PROTECCION HUMANA;EDUCACIÓN;0413 - Comisión Nacional del Deporte Honduras;Remodelación del Estadio Nacional José de la Paz Herrera y Parque de Pelota Lempira Reyna;4484043.320000000000000000000000000000;
2023;El Paraíso;No aplica;2 - COMUNICACIONES Y ENERGIA;CARRETERAS;0411 - Secretaría de Infraestructura y Transporte;Construcción y Pavimentación con Concreto Hidráulico del Corredor de Oriente, Tramo Carretero: Las Lomas – Terrero Blanco Ruta N-53, 60.6 Km y Elaboración del Estudio y Diseño del Tramo Carretero: Ruta 119, Terrero Blanco - Patuca - Palestina 30 km;901859002.000000000000000000000000000000;
2023;El Paraíso;No aplica;2 - COMUNICACIONES Y ENERGIA;CARRETERAS;0411 - Secretaría de Infraestructura y Transporte;CONTRUCCIÓN CON CONCRETO HIDRÁULICO DEL TRAMO CARRETERO EL ZAMORANO - GUINOPE;77241932.000000000000000000000000000000;
2023;El Paraíso;No aplica;2 - COMUNICACIONES Y ENERGIA;CARRETERAS;0411 - Secretaría de Infraestructura y Transporte;CONTRUCCIÓN CON CONCRETO HIDRÁULICO DEL TRAMO CARRETERO TEGUCIGALPA - MOROCELÍ, DEL KM 25+000 HASTA MOROCELÍ;70000000.000000000000000000000000000000;
2023;El Paraíso;No aplica;2 - COMUNICACIONES Y ENERGIA;PROTECCIÓN SOCIAL;0022 - Fondo Hondureño de Inversión Social;Proyecto Recuperación de Emergencia a Causa de Ciclones Tropicales Eta e Iota en Honduras.;7865915.000000000000000000000000000000;
2023;El Paraíso;No aplica;3 - AGROFORESTAL Y TURISMO;FORESTAL;0415 - Red Solidaria;PROGRAMA DE RESTAURACIÓN DE BOSQUES RESILIENTES AL CLIMA Y SILVICULTURA PARA LA SOSTENIBILIDAD DE LOS SERVICIOS ECOSISTÉMICOS RELACIONADOS CON EL AGUA.;14104719.241391000000000000000000000000;
2023;El Paraíso;No aplica;3 - AGROFORESTAL Y TURISMO;FORESTAL ;0150 - SECRETARÍA DE RECURSOS NATURALES Y AMBIENTE;PROGRAMANACIONAL DE REFORESTACION Y PROTECCION DE CUENCAS HIDROGRAFICAS PADRE ANDRES TAMAYO;21542724.444444400000000000000000000000;
2023;El Paraíso;No aplica;3 - AGROFORESTAL Y TURISMO;SEGURIDAD ALIMENTARIA;0140 - Secretaría de Agricultura y Ganadería;Integrando la Innovación para la Competitividad Rural (COMRURAL II)Tipo de proyecto: Inversión Pública;80446484.000000000000000000000000000000;
2023;El Paraíso;No aplica;3 - AGROFORESTAL Y TURISMO;SEGURIDAD ALIMENTARIA;0140 - Secretaría de Agricultura y Ganadería;PROYECTO DE  DESARROLLO AGRÍCOLA BAJO RIEGO DEL VALLE DE JAMASTRAN FASE 1;187447727.000000000000000000000000000000;
2023;El Paraíso;No aplica;3 - AGROFORESTAL Y TURISMO;SEGURIDAD ALIMENTARIA;0806 - Instituto Hondureño de Mercadeo Agricola;Fortalecimiento de la reserva estrategica de granos basicos, a través de la comercialización y rehabilitación de bodegas y Silos en Tegucigalpa y San Pedro Sula ;1784959.900000000000000000000000000000;
2023;El Paraíso;No aplica;4 - FORTALECIMIENTO INSTITUCIONAL;MODERNIZACION DEL ESTADO;0037 - Servicio de Administración de Rentas;Fortalecimiento Institucional y Operativo de la Administración Tributaria;1509355.135902610000000000000000000000;
2023;El Paraíso;No aplica;4 - FORTALECIMIENTO INSTITUCIONAL;MODERNIZACIÓN DEL ESTADO;0415 - Red Solidaria;Proyecto Transformación Digital para una Mayor Competitividad;3000005.400000000000000000000000000000;
2023;Francisco Morazán;No aplica;1 - PROMOCION Y PROTECCION HUMANA;AGUA Y SANEAMIENTO;0140 - Secretaría de Agricultura y Ganadería;PROYECTO DE SEGURIDAD HIDRICA EN EL CORREDOR SECO DE HONDURAS;32949800.000000000000000000000000000000;
2023;Francisco Morazán;No aplica;1 - PROMOCION Y PROTECCION HUMANA;AGUA Y SANEAMIENTO;1801 - Alcaldia Municipal del Distrito Central;Proyecto para Fortalecer la Prestación de Agua Potable de Tegucigalpa;309906685.000000000000000000000000000000;
2023;Francisco Morazán;No aplica;1 - PROMOCION Y PROTECCION HUMANA;EDUCACIÓN;0022 - Fondo Hondureño de Inversión Social;PROGRAMA DE MEJORA DE LA INFRAESTRUCTURA ESCOLAR (PROMINE/KFW, FASE II);32023428.539539000000000000000000000000;
2023;Francisco Morazán;No aplica;1 - PROMOCION Y PROTECCION HUMANA;EDUCACIÓN;0050 - Secretaría de Educación;MEJORAMIENTO DE LA CALIDAD EN LA EDUCACIÓN PREBÁSICA EN HONDURAS;23112809.000000000000000000000000000000;
2023;Francisco Morazán;No aplica;1 - PROMOCION Y PROTECCION HUMANA;EDUCACIÓN;0050 - Secretaría de Educación;PROGRAMA DE MEJORA DE LA INFRAESTRUCTURA ESCOLAR (PROMINE/KFW, FASE II);1377778.274977360000000000000000000000;
2023;Francisco Morazán;No aplica;1 - PROMOCION Y PROTECCION HUMANA;EDUCACIÓN;0050 - Secretaría de Educación;RECONSTRUCCION, AMPLIACION Y REHABILITACION DE INFRAESTRUCTURA EDUCATIVA E IMPLEMENTACION DE HUERTOS ESCOLARES PRODUCTIVOS EN CENTROS EDUCATIVOS DE HONDURAS, FASE I;51661940.000000000000000000000000000000;
2023;Francisco Morazán;No aplica;1 - PROMOCION Y PROTECCION HUMANA;EDUCACIÓN;0415 - Red Solidaria;Mejora de la Calidad Educativa para el Desarrollo de Habilidades para el Empleo: Proyecto Joven;157107210.544673000000000000000000000000;
2023;Francisco Morazán;No aplica;1 - PROMOCION Y PROTECCION HUMANA;FORTALECIMIENTO INSTITUCIONAL;0503 - Instituto Nacional de Formación Profesional;Equipamiento de Centros Regionales y Sub Regionales de INFOP e Implementación de Capacitaciones a Instructores;21620000.000000000000000000000000000000;
2023;Francisco Morazán;No aplica;1 - PROMOCION Y PROTECCION HUMANA;FORTALECIMIENTO INSTITUCIONAL;0505 - Instituto Hondureño de Antropología e Historia;Capacitación en Restauración de Bienes Culturales Muebles, Departamento de FRANCISCO MORAZAN, Tegucigalpa M.D.C., Villa Roy;1735110.000000000000000000000000000000;
2023;Francisco Morazán;No aplica;1 - PROMOCION Y PROTECCION HUMANA;PROTECCIÓN SOCIAL;0022 - Fondo Hondureño de Inversión Social;ACTIVIDAD PILOTO DE INFRAESTRUCTURA EN EL OCCIDENTE DE HONDURAS;38198122.570000000000000000000000000000;
2023;Francisco Morazán;No aplica;1 - PROMOCION Y PROTECCION HUMANA;PROTECCIÓN SOCIAL;0022 - Fondo Hondureño de Inversión Social;PROGRAMA DE INFRAESTRUCTURA PARA LA SEGURIDAD CIUDADANA;39244572.590000000000000000000000000000;
2023;Francisco Morazán;No aplica;1 - PROMOCION Y PROTECCION HUMANA;PROTECCIÓN SOCIAL;0022 - Fondo Hondureño de Inversión Social;PROGRAMA DE MEJORAMIENTO INTEGRAL DE LA INFRAESTRUCTURA Y FORMACION EDUCATIVA EN HONDURAS;44562763.900000000000000000000000000000;
2023;Francisco Morazán;No aplica;1 - PROMOCION Y PROTECCION HUMANA;PROTECCIÓN SOCIAL;0244 - Dirección Nacional del Programa Ciudad Mujer;Centros de Atención Integral para mejorar las condiciones de vida de las mujeres hondureñas (Ciudad Mujer);180900.000000000000000000000000000000;
2023;Francisco Morazán;No aplica;1 - PROMOCION Y PROTECCION HUMANA;PROTECCIÓN SOCIAL;0244 - Dirección Nacional del Programa Ciudad Mujer;SERVICIOS DE DESARROLLO EMPRESARIAL Y UN ENTORNO FAVORABLE PARA LAS EMPRESARIAS DE HONDURAS;3863918.750000000000000000000000000000;
2023;Francisco Morazán;No aplica;1 - PROMOCION Y PROTECCION HUMANA;PROTECCIÓN SOCIAL;0415 - Red Solidaria;FINANCIAMIENTO ADICIONAL AL PROYECTO DE INTEGRACIÓN DE LA PROTECCIÓN SOCIAL;433728773.550000000000000000000000000000;
2023;Francisco Morazán;No aplica;1 - PROMOCION Y PROTECCION HUMANA;PROTECCIÓN SOCIAL;0415 - Red Solidaria;PROGRAMA BONO DE ALIVIO A FAMILIAS VULNERABLES AFECTADAS POR FENÓMENOS NATURALES PRODUCTO DEL CAMBIO CLIMÁTICO;134944126.000000000000000000000000000000;
2023;Francisco Morazán;No aplica;1 - PROMOCION Y PROTECCION HUMANA;PROTECCIÓN SOCIAL;0415 - Red Solidaria;Programa de Red Solidaria ;106650152.000000000000000000000000000000;
2023;Francisco Morazán;No aplica;1 - PROMOCION Y PROTECCION HUMANA;PROTECCIÓN SOCIAL;0415 - Red Solidaria;PROYECTO DE APOYO A POBLACIONES VULNERABLES AFECTADAS POR CORONAVIRUS;95082068.000000000000000000000000000000;
2023;Francisco Morazán;No aplica;1 - PROMOCION Y PROTECCION HUMANA;PROTECCIÓN SOCIAL;0415 - Red Solidaria;PROYECTO DE INTEGRACIÓN DE LA PROTECCIÓN SOCIAL / 6401-HN;158621760.000000000000000000000000000000;
2023;Francisco Morazán;No aplica;1 - PROMOCION Y PROTECCION HUMANA;SALUD;0060 - Secretaría de Salud;Construcción Hospital de Trauma Tegucigalpa;299082800.000000000000000000000000000000;
2023;Francisco Morazán;No aplica;1 - PROMOCION Y PROTECCION HUMANA;SALUD;0060 - Secretaría de Salud;HONDURAS - INICIATIVA REGIONAL DE ELIMINACIÓN DE LA MALARIA (IREM EN MESOAMÉRICA Y REPÚBLICA DOMINICANA (HO-G1250;104300.513267368000000000000000000000;
2023;Francisco Morazán;No aplica;1 - PROMOCION Y PROTECCION HUMANA;SALUD;0060 - Secretaría de Salud;MEJORA DE LA EFICIENCIA EN LA GESTIÓN DE LA INFORMÁTICA EN SALUD EN HONDURAS;9159152.000000000000000000000000000000;
2023;Francisco Morazán;No aplica;1 - PROMOCION Y PROTECCION HUMANA;SALUD;0060 - Secretaría de Salud;PROYECTO DE RESPUESTA A EMERGENCIA HONDURAS COVID-19;5943958.932651720000000000000000000000;
2023;Francisco Morazán;No aplica;1 - PROMOCION Y PROTECCION HUMANA;SALUD;0060 - Secretaría de Salud;REEQUIPAMIENTO BIOMEDICO HOSPITAL MARIA ESPECIALIDADES PEDIATRICAS (HMEP);13980797.000000000000000000000000000000;
2023;Francisco Morazán;No aplica;1 - PROMOCION Y PROTECCION HUMANA;SALUD;0060 - Secretaría de Salud;RESPUESTA INMEDIATA DE SALUD PÚBLICA PARA CONTENER Y CONTROLAR EL CORONAVIRUS (COVID-19) Y MITIGAR SU EFECTO EN LA PRESTACIÓN DE SERVICIOS EN HONDURAS (RISP-HO-2);82946826.171251400000000000000000000000;
2023;Francisco Morazán;No aplica;1 - PROMOCION Y PROTECCION HUMANA;SALUD;0415 - Red Solidaria;APOYO AL SISTEMA INTEGRAL DE PROTECCIÓN SOCIAL 5008/BL-HO;221614713.000000000000000000000000000000;
2023;Francisco Morazán;No aplica;1 - PROMOCION Y PROTECCION HUMANA;SALUD;0415 - Red Solidaria;PROYECTO DE MEJORA DE LA GESTION Y CALIDAD DE LOS SERVICIOS DE SALUD MATERNO-NEONATAL;73387030.000000000000000000000000000000;
2023;Francisco Morazán;No aplica;1 - PROMOCION Y PROTECCION HUMANA;SALUD;0708 - Hospital Escuela Universitario;Fortalecimiento de Infraestructura y Operatividad en el Hospital Escuela ubicado en la ciudad de Tegucigalpa, Francisco Morazán;127070182.000000000000000000000000000000;
2023;Francisco Morazán;No aplica;1 - PROMOCION Y PROTECCION HUMANA;EDUCACIÓN;0413 - Comisión Nacional del Deporte Honduras;Remodelación del Estadio Nacional José de la Paz Herrera y Parque de Pelota Lempira Reyna;212032279.980000000000000000000000000000;
2023;Francisco Morazán;No aplica;2 - COMUNICACIONES Y ENERGIA;CARRETERAS;0411 - Secretaría de Infraestructura y Transporte;Construcción y pavimentación con concreto Hidráulico del tramo carretero: Portillo del Lobo - Reitoca - Curaren;98560635.000000000000000000000000000000;
2023;Francisco Morazán;No aplica;2 - COMUNICACIONES Y ENERGIA;CARRETERAS;0411 - Secretaría de Infraestructura y Transporte;Libramiento Anillo Periférico CA-5 Sur;250654564.000000000000000000000000000000;
2023;Francisco Morazán;No aplica;2 - COMUNICACIONES Y ENERGIA;CARRETERAS;0411 - Secretaría de Infraestructura y Transporte;Obras de Mitigación para control de riesgos geotécnicos y geológicos, por deslizamientos y desprendimientos de roca de taludes de corte en la carretera CA-5 sur, tramo La Moramulca, departamento de FRANCISCO MORAZAN, fase I;45000000.000000000000000000000000000000;
2023;Francisco Morazán;No aplica;2 - COMUNICACIONES Y ENERGIA;CARRETERAS;0411 - Secretaría de Infraestructura y Transporte;Rehabilitación con concreto hidráulico sobre la carpeta asfáltica existente del tramo carretero: Tegucigalpa - El Guanábano (RN15), longitud 7.22 km (salida a Olancho), ubicado en el departamento de Francisco Morazán, Honduras C.A.;107194042.000000000000000000000000000000;
2023;Francisco Morazán;No aplica;2 - COMUNICACIONES Y ENERGIA;ENERGIA;0801 - Empresa Nacional de Energía Eléctrica;APOYO AL PROGRAMA NACIONAL DE TRANSMISIÓN DE ENERGÍA ELÉCTRICA;16557499.000000000000000000000000000000;
2023;Francisco Morazán;No aplica;2 - COMUNICACIONES Y ENERGIA;ENERGÍA;0801 - Empresa Nacional de Energía Eléctrica;APOYO A LA INTEGRACION DE HONDURAS EN EL MERCADO ELECTRICO REGIONAL (MER);2880000.000000000000000000000000000000;
2023;Francisco Morazán;No aplica;2 - COMUNICACIONES Y ENERGIA;ENERGÍA;0801 - Empresa Nacional de Energía Eléctrica;APOYO AL PROGRAMA NACIONAL DE TRANSMISIÓN DE ENERGÍA ELÉCTRICA;597592910.330000000000000000000000000000;
2023;Francisco Morazán;No aplica;2 - COMUNICACIONES Y ENERGIA;ENERGÍA;0801 - Empresa Nacional de Energía Eléctrica;CONSTRUCCIÓN DE LA LÍNEA DE TRANSMISIÓN TALANGA-JUTICALPA EN 230KV Y OBRAS CONEXAS (TLG-JT);150062500.000000000000000000000000000000;
2023;Francisco Morazán;No aplica;2 - COMUNICACIONES Y ENERGIA;ENERGÍA;0801 - Empresa Nacional de Energía Eléctrica;EXPANSIÓN DE LA RED DE DISTRIBUCIÓN PARA MEJORA EN LA CALIDAD DEL SERVICIO;91530962.000000000000000000000000000000;
2023;Francisco Morazán;No aplica;2 - COMUNICACIONES Y ENERGIA;ENERGÍA;0801 - Empresa Nacional de Energía Eléctrica;GRANJA SOLAR FOTOVOLTAICA ;276250000.000000000000000000000000000000;
2023;Francisco Morazán;No aplica;2 - COMUNICACIONES Y ENERGIA;ENERGÍA;0801 - Empresa Nacional de Energía Eléctrica;Programa Institucional debido a que no presentan categoria de Proyecto;2205969159.000000000000000000000000000000;
2023;Francisco Morazán;No aplica;2 - COMUNICACIONES Y ENERGIA;ENERGÍA;0801 - Empresa Nacional de Energía Eléctrica;PROYECTO DE FORTALECIMIENTO DEL COMPLEJO HIDROELÉCTRICO CAÑAVERAL-RÍO LINDO;23267196.000000000000000000000000000000;
2023;Francisco Morazán;No aplica;2 - COMUNICACIONES Y ENERGIA;ENERGÍA;0801 - Empresa Nacional de Energía Eléctrica;PROYECTO DE REHABILITACIÓN Y REPOTENCIACIÓN DEL COMPLEJO HIDROELÉCTRICO CAÑAVERAL-RÍO LINDO;126265.000000000000000000000000000000;
2023;Francisco Morazán;No aplica;2 - COMUNICACIONES Y ENERGIA;PROTECCIÓN SOCIAL;0022 - Fondo Hondureño de Inversión Social;Proyecto Recuperación de Emergencia a Causa de Ciclones Tropicales Eta e Iota en Honduras.;148497591.000000000000000000000000000000;
2023;Francisco Morazán;No aplica;2 - COMUNICACIONES Y ENERGIA;TRANSPORTE Y OBRAS PUBLICAS;0022 - Fondo Hondureño de Inversión Social;Programa de Mejoramiento de la Infraestructura de Desarrollo Social y Comunitario en varios departamentos de Honduras;191450301.360000000000000000000000000000;
2023;Francisco Morazán;No aplica;3 - AGROFORESTAL Y TURISMO;FORESTAL;0415 - Red Solidaria;MANEJO SOSTENIBLE DE BOSQUES;70236089.764000000000000000000000000000;
2023;Francisco Morazán;No aplica;3 - AGROFORESTAL Y TURISMO;FORESTAL;0415 - Red Solidaria;PROGRAMA DE RESTAURACIÓN DE BOSQUES RESILIENTES AL CLIMA Y SILVICULTURA PARA LA SOSTENIBILIDAD DE LOS SERVICIOS ECOSISTÉMICOS RELACIONADOS CON EL AGUA.;115970371.616962000000000000000000000000;
2023;Francisco Morazán;No aplica;3 - AGROFORESTAL Y TURISMO;FORESTAL ;0150 - SECRETARÍA DE RECURSOS NATURALES Y AMBIENTE;PROGRAMANACIONAL DE REFORESTACION Y PROTECCION DE CUENCAS HIDROGRAFICAS PADRE ANDRES TAMAYO;163160857.066667000000000000000000000000;
2023;Francisco Morazán;No aplica;3 - AGROFORESTAL Y TURISMO;SEGURIDAD ALIMENTARIA;0140 - Secretaría de Agricultura y Ganadería;Integrando la Innovación para la Competitividad Rural (COMRURAL II)Tipo de proyecto: Inversión Pública;141770932.000000000000000000000000000000;
2023;Francisco Morazán;No aplica;3 - AGROFORESTAL Y TURISMO;SEGURIDAD ALIMENTARIA;0140 - Secretaría de Agricultura y Ganadería;Integrando la Innovación para la Competitividad Rural (COMRURAL III)Tipo de proyecto: Inversión Pública;80519047.000000000000000000000000000000;
2023;Francisco Morazán;No aplica;3 - AGROFORESTAL Y TURISMO;SEGURIDAD ALIMENTARIA;0140 - Secretaría de Agricultura y Ganadería;PROYECTO DE COMPETITIVIDAD Y DESARROLLO SOSTENIBLE DEL CORREDOR FRONTERIZO SUR OCCIDENTAL PRO-LENCA;13545673.400000000000000000000000000000;
2023;Francisco Morazán;No aplica;3 - AGROFORESTAL Y TURISMO;SEGURIDAD ALIMENTARIA;0140 - Secretaría de Agricultura y Ganadería;PROYECTO DE DESAROLLO AGRICOLA BAJO RIEGO (PDABR);636379.000000000000000000000000000000;
2023;Francisco Morazán;No aplica;3 - AGROFORESTAL Y TURISMO;SEGURIDAD ALIMENTARIA;0806 - Instituto Hondureño de Mercadeo Agricola;Fortalecimiento de la reserva estrategica de granos basicos, a través de la comercialización y rehabilitación de bodegas y Silos en Tegucigalpa y San Pedro Sula ;3077856.000000000000000000000000000000;
2023;Francisco Morazán;No aplica;3 - AGROFORESTAL Y TURISMO;SEGURIDAD ALIMENTARIA;0806 - Instituto Hondureño de Mercadeo Agricola;Nota de Prioridada en Proceso;89871793.600000000000000000000000000000;
2023;Francisco Morazán;No aplica;3 - AGROFORESTAL Y TURISMO;SEGURIDAD ALIMENTARIA;0807 - Suplidora Nacional de Productos Básicos;Abastecimiento de los centros de ventas en Honduras y fortalecimiento del BANASUPRO;197600000.000000000000000000000000000000;
2023;Francisco Morazán;No aplica;4 - FORTALECIMIENTO INSTITUCIONAL;MODERNIZACION DEL ESTADO;0037 - Servicio de Administración de Rentas;Fortalecimiento Institucional y Operativo de la Administración Tributaria;16396201.611106700000000000000000000000;
2023;Francisco Morazán;No aplica;4 - FORTALECIMIENTO INSTITUCIONAL;MODERNIZACION DEL ESTADO;0100 - Secretaría de Finanzas;Modernización Integral de la Gestión de las Finanzas Públicas;153290168.000000000000000000000000000000;
2023;Francisco Morazán;No aplica;4 - FORTALECIMIENTO INSTITUCIONAL;MODERNIZACIÓN DEL ESTADO;0415 - Red Solidaria;Proyecto Transformación Digital para una Mayor Competitividad;427198073.840000000000000000000000000000;
2023;Francisco Morazán;No aplica;4 - FORTALECIMIENTO INSTITUCIONAL;PROTECCIÓN SOCIAL;0022 - Fondo Hondureño de Inversión Social;PROGRAMA DE CONVIVENCIA CIUDADANA Y MEJORAMIENTO DE BARRIOS;36003735.000000000000000000000000000000;
2023;Francisco Morazán;No aplica;4 - FORTALECIMIENTO INSTITUCIONAL;SEGURIDAD Y DEFENSA;0022 - Fondo Hondureño de Inversión Social;PROYECTO CONVIVENCIA Y ESPACIOS SEGUROS PARA LOS JÓVENES EN HONDURAS;15795884.000000000000000000000000000000;
2023;Francisco Morazán;No aplica;4 - FORTALECIMIENTO INSTITUCIONAL;SEGURIDAD Y DEFENSA;0070 - Secretaría de Seguridad;PROGRAMA DE CONVIVENCIA CIUDADANA Y MEJORAMIENTO DE BARRIOS;23528628.160000000000000000000000000000;
2023;Francisco Morazán;No aplica;No está definido;No está definido;0100 - Secretaría de Finanzas;Construcción de Edificio Anexo a la Secretaría de Finanzas;100000000.000000000000000000000000000000;
2023;Francisco Morazán;No aplica;No está definido;No está definido;0180 - Registro Nacional de las Personas;Documento de Identificación Nacional para Menores;400000000.000000000000000000000000000000;
2023;Francisco Morazán;No aplica;No está definido;No está definido;0809 - Empresa de Correos de Honduras;Fortalecimiento del servicio postal hondureño en varias oficinas postales del país  ;3400000.000000000000000000000000000000;
2023;Francisco Morazán;No aplica;No está definido;No está definido;Varias Instituciones;Complemento Donaciones Externas y Credito externo ;748511798.000000000000000000000000000000;
2023;Francisco Morazán;No aplica;(en blanco);FORTALECIMIENTO INSTITUCIONAL;0030 - Secretaría de la Presidencia;Equipamiento de la Escuela de Profesionalización de la Adminsitración Pública, con sede en Francisco Morazán y fortalecimiento de la capacidad de los servicios públicos a nivel nacional. ;18000000.000000000000000000000000000000;
2023;Gracias a Dios;No aplica;1 - PROMOCION Y PROTECCION HUMANA;EDUCACIÓN;0022 - Fondo Hondureño de Inversión Social;PROGRAMA DE MEJORA DE LA INFRAESTRUCTURA ESCOLAR (PROMINE/KFW, FASE II);22708282.958500000000000000000000000000;
2023;Gracias a Dios;No aplica;1 - PROMOCION Y PROTECCION HUMANA;EDUCACIÓN;0050 - Secretaría de Educación;MEJORAMIENTO DE LA CALIDAD EN LA EDUCACIÓN PREBÁSICA EN HONDURAS;10397238.000000000000000000000000000000;
2023;Gracias a Dios;No aplica;1 - PROMOCION Y PROTECCION HUMANA;EDUCACIÓN;0050 - Secretaría de Educación;PROGRAMA DE MEJORA DE LA INFRAESTRUCTURA ESCOLAR (PROMINE/KFW, FASE II);2769990.417597340000000000000000000000;
2023;Gracias a Dios;No aplica;1 - PROMOCION Y PROTECCION HUMANA;EDUCACIÓN;0703 - Universidad Nacional de Agricultura;Fortalecimiento de las Capacidades Educativas, Productivas y Sociales de la UNAG, en Catacamas, Olancho;4500000.000000000000000000000000000000;
2023;Gracias a Dios;No aplica;1 - PROMOCION Y PROTECCION HUMANA;FORTALECIMIENTO INSTITUCIONAL;0503 - Instituto Nacional de Formación Profesional;Equipamiento de Centros Regionales y Sub Regionales de INFOP e Implementación de Capacitaciones a Instructores;300000.000000000000000000000000000000;
2023;Gracias a Dios;No aplica;1 - PROMOCION Y PROTECCION HUMANA;PROTECCIÓN SOCIAL;0415 - Red Solidaria;PROGRAMA BONO DE ALIVIO A FAMILIAS VULNERABLES AFECTADAS POR FENÓMENOS NATURALES PRODUCTO DEL CAMBIO CLIMÁTICO;23650000.000000000000000000000000000000;
2023;Gracias a Dios;No aplica;1 - PROMOCION Y PROTECCION HUMANA;SALUD;0060 - Secretaría de Salud;HONDURAS - INICIATIVA REGIONAL DE ELIMINACIÓN DE LA MALARIA (IREM EN MESOAMÉRICA Y REPÚBLICA DOMINICANA (HO-G1250;659209.099628297000000000000000000000;
2023;Gracias a Dios;No aplica;1 - PROMOCION Y PROTECCION HUMANA;SALUD;0060 - Secretaría de Salud;PROYECTO DE RESPUESTA A EMERGENCIA HONDURAS COVID-19;10228103.822553600000000000000000000000;
2023;Gracias a Dios;No aplica;1 - PROMOCION Y PROTECCION HUMANA;SALUD;0060 - Secretaría de Salud;RESPUESTA INMEDIATA DE SALUD PÚBLICA PARA CONTENER Y CONTROLAR EL CORONAVIRUS (COVID-19) Y MITIGAR SU EFECTO EN LA PRESTACIÓN DE SERVICIOS EN HONDURAS (RISP-HO-2);5163099.299600620000000000000000000000;
2023;Gracias a Dios;No aplica;3 - AGROFORESTAL Y TURISMO;FORESTAL ;0150 - SECRETARÍA DE RECURSOS NATURALES Y AMBIENTE;PROGRAMANACIONAL DE REFORESTACION Y PROTECCION DE CUENCAS HIDROGRAFICAS PADRE ANDRES TAMAYO;92171578.479999900000000000000000000000;
2023;Gracias a Dios;No aplica;4 - FORTALECIMIENTO INSTITUCIONAL;MODERNIZACION DEL ESTADO;0037 - Servicio de Administración de Rentas;Fortalecimiento Institucional y Operativo de la Administración Tributaria;1346150.276800070000000000000000000000;
2023;Intibucá;No aplica;1 - PROMOCION Y PROTECCION HUMANA;AGUA Y SANEAMIENTO;0140 - Secretaría de Agricultura y Ganadería;PROYECTO DE SEGURIDAD HIDRICA EN EL CORREDOR SECO DE HONDURAS;38315785.750000000000000000000000000000;
2023;Intibucá;No aplica;1 - PROMOCION Y PROTECCION HUMANA;EDUCACIÓN;0022 - Fondo Hondureño de Inversión Social;PROGRAMA DE MEJORA DE LA INFRAESTRUCTURA ESCOLAR (PROMINE/KFW, FASE II);0.000000000000000000000000000000;
2023;Intibucá;No aplica;1 - PROMOCION Y PROTECCION HUMANA;EDUCACIÓN;0050 - Secretaría de Educación;MEJORAMIENTO DE LA CALIDAD EN LA EDUCACIÓN PREBÁSICA EN HONDURAS;5411967.000000000000000000000000000000;
2023;Intibucá;No aplica;1 - PROMOCION Y PROTECCION HUMANA;EDUCACIÓN;0415 - Red Solidaria;Mejora de la Calidad Educativa para el Desarrollo de Habilidades para el Empleo: Proyecto Joven;26692602.907201500000000000000000000000;
2023;Intibucá;No aplica;1 - PROMOCION Y PROTECCION HUMANA;FORTALECIMIENTO INSTITUCIONAL;0503 - Instituto Nacional de Formación Profesional;Equipamiento de Centros Regionales y Sub Regionales de INFOP e Implementación de Capacitaciones a Instructores;250000.000000000000000000000000000000;
2023;Intibucá;No aplica;1 - PROMOCION Y PROTECCION HUMANA;PROTECCIÓN SOCIAL;0022 - Fondo Hondureño de Inversión Social;ACTIVIDAD PILOTO DE INFRAESTRUCTURA EN EL OCCIDENTE DE HONDURAS;1924870.450000000000000000000000000000;
2023;Intibucá;No aplica;1 - PROMOCION Y PROTECCION HUMANA;PROTECCIÓN SOCIAL;0415 - Red Solidaria;FINANCIAMIENTO ADICIONAL AL PROYECTO DE INTEGRACIÓN DE LA PROTECCIÓN SOCIAL;72036949.200000000000000000000000000000;
2023;Intibucá;No aplica;1 - PROMOCION Y PROTECCION HUMANA;PROTECCIÓN SOCIAL;0415 - Red Solidaria;PROYECTO DE APOYO A POBLACIONES VULNERABLES AFECTADAS POR CORONAVIRUS;16765160.000000000000000000000000000000;
2023;Intibucá;No aplica;1 - PROMOCION Y PROTECCION HUMANA;SALUD;0060 - Secretaría de Salud;PROYECTO DE RESPUESTA A EMERGENCIA HONDURAS COVID-19;7984209.735580170000000000000000000000;
2023;Intibucá;No aplica;1 - PROMOCION Y PROTECCION HUMANA;SALUD;0060 - Secretaría de Salud;RESPUESTA INMEDIATA DE SALUD PÚBLICA PARA CONTENER Y CONTROLAR EL CORONAVIRUS (COVID-19) Y MITIGAR SU EFECTO EN LA PRESTACIÓN DE SERVICIOS EN HONDURAS (RISP-HO-2);13123337.518247100000000000000000000000;
2023;Intibucá;No aplica;1 - PROMOCION Y PROTECCION HUMANA;SALUD;0415 - Red Solidaria;PROYECTO DE MEJORA DE LA GESTION Y CALIDAD DE LOS SERVICIOS DE SALUD MATERNO-NEONATAL;9830052.000000000000000000000000000000;
2023;Intibucá;No aplica;1 - PROMOCION Y PROTECCION HUMANA;EDUCACIÓN;0413 - Comisión Nacional del Deporte Honduras;Remodelación del Estadio Nacional José de la Paz Herrera y Parque de Pelota Lempira Reyna;3441117.440000000000000000000000000000;
2023;Intibucá;No aplica;2 - COMUNICACIONES Y ENERGIA;PROTECCIÓN SOCIAL;0022 - Fondo Hondureño de Inversión Social;Proyecto Recuperación de Emergencia a Causa de Ciclones Tropicales Eta e Iota en Honduras.;2128024.000000000000000000000000000000;
2023;Intibucá;No aplica;3 - AGROFORESTAL Y TURISMO;FORESTAL ;0150 - SECRETARÍA DE RECURSOS NATURALES Y AMBIENTE;PROGRAMANACIONAL DE REFORESTACION Y PROTECCION DE CUENCAS HIDROGRAFICAS PADRE ANDRES TAMAYO;10809391.111111100000000000000000000000;
2023;Intibucá;No aplica;3 - AGROFORESTAL Y TURISMO;SEGURIDAD ALIMENTARIA;0140 - Secretaría de Agricultura y Ganadería;Integrando la Innovación para la Competitividad Rural (COMRURAL II)Tipo de proyecto: Inversión Pública;28768838.000000000000000000000000000000;
2023;Intibucá;No aplica;3 - AGROFORESTAL Y TURISMO;SEGURIDAD ALIMENTARIA;0140 - Secretaría de Agricultura y Ganadería;PROYECTO DE COMPETITIVIDAD Y DESARROLLO SOSTENIBLE DEL CORREDOR FRONTERIZO SUR OCCIDENTAL PRO-LENCA;14559234.920000000000000000000000000000;
2023;Intibucá;No aplica;3 - AGROFORESTAL Y TURISMO;SEGURIDAD ALIMENTARIA;0140 - Secretaría de Agricultura y Ganadería;PROYECTO DE DESAROLLO AGRICOLA BAJO RIEGO (PDABR);636379.000000000000000000000000000000;
2023;Intibucá;No aplica;3 - AGROFORESTAL Y TURISMO;SEGURIDAD ALIMENTARIA;0140 - Secretaría de Agricultura y Ganadería;PROYECTO INTEGRAL DE DESARROLLO RURAL Y PRODUCTIVIDAD;16219490.250000000000000000000000000000;
2023;Intibucá;No aplica;4 - FORTALECIMIENTO INSTITUCIONAL;MODERNIZACION DEL ESTADO;0037 - Servicio de Administración de Rentas;Fortalecimiento Institucional y Operativo de la Administración Tributaria;1547235.507492320000000000000000000000;
2023;Intibucá;No aplica;4 - FORTALECIMIENTO INSTITUCIONAL;MODERNIZACIÓN DEL ESTADO;0415 - Red Solidaria;Proyecto Transformación Digital para una Mayor Competitividad;1000001.800000000000000000000000000000;
2023;Intibucá;No aplica;4 - FORTALECIMIENTO INSTITUCIONAL;SEGURIDAD Y DEFENSA;0022 - Fondo Hondureño de Inversión Social;PROYECTO CONVIVENCIA Y ESPACIOS SEGUROS PARA LOS JÓVENES EN HONDURAS;23306103.500000000000000000000000000000;
2023;Intibucá;No aplica;4 - FORTALECIMIENTO INSTITUCIONAL;SEGURIDAD Y DEFENSA;0070 - Secretaría de Seguridad;PROGRAMA DE CONVIVENCIA CIUDADANA Y MEJORAMIENTO DE BARRIOS;114393703.880000000000000000000000000000;
2023;Islas de la Bahia;No aplica;1 - PROMOCION Y PROTECCION HUMANA;EDUCACIÓN;0050 - Secretaría de Educación;MEJORAMIENTO DE LA CALIDAD EN LA EDUCACIÓN PREBÁSICA EN HONDURAS;1273407.000000000000000000000000000000;
2023;Islas de la Bahia;No aplica;1 - PROMOCION Y PROTECCION HUMANA;PROTECCIÓN SOCIAL;0415 - Red Solidaria;PROYECTO DE APOYO A POBLACIONES VULNERABLES AFECTADAS POR CORONAVIRUS;4668580.000000000000000000000000000000;
2023;Islas de la Bahia;No aplica;1 - PROMOCION Y PROTECCION HUMANA;SALUD;0060 - Secretaría de Salud;Finalización de Obras y Equipamiento del Hospital de Roatan;73834876.000000000000000000000000000000;
2023;Islas de la Bahia;No aplica;1 - PROMOCION Y PROTECCION HUMANA;SALUD;0060 - Secretaría de Salud;HONDURAS - INICIATIVA REGIONAL DE ELIMINACIÓN DE LA MALARIA (IREM EN MESOAMÉRICA Y REPÚBLICA DOMINICANA (HO-G1250;461797.499656906000000000000000000000;
2023;Islas de la Bahia;No aplica;1 - PROMOCION Y PROTECCION HUMANA;SALUD;0060 - Secretaría de Salud;PROYECTO DE RESPUESTA A EMERGENCIA HONDURAS COVID-19;5615306.657007120000000000000000000000;
2023;Islas de la Bahia;No aplica;1 - PROMOCION Y PROTECCION HUMANA;SALUD;0060 - Secretaría de Salud;RESPUESTA INMEDIATA DE SALUD PÚBLICA PARA CONTENER Y CONTROLAR EL CORONAVIRUS (COVID-19) Y MITIGAR SU EFECTO EN LA PRESTACIÓN DE SERVICIOS EN HONDURAS (RISP-HO-2);3710997.739456470000000000000000000000;
2023;Islas de la Bahia;No aplica;3 - AGROFORESTAL Y TURISMO;FORESTAL ;0150 - SECRETARÍA DE RECURSOS NATURALES Y AMBIENTE;PROGRAMANACIONAL DE REFORESTACION Y PROTECCION DE CUENCAS HIDROGRAFICAS PADRE ANDRES TAMAYO;9499999.999999990000000000000000000000;
2023;Islas de la Bahia;No aplica;4 - FORTALECIMIENTO INSTITUCIONAL;MODERNIZACION DEL ESTADO;0037 - Servicio de Administración de Rentas;Fortalecimiento Institucional y Operativo de la Administración Tributaria;251456.718441780000000000000000000000;
2023;Islas de la Bahia;No aplica;4 - FORTALECIMIENTO INSTITUCIONAL;MODERNIZACIÓN DEL ESTADO;0415 - Red Solidaria;Proyecto Transformación Digital para una Mayor Competitividad;1400002.520000000000000000000000000000;
2023;La Paz;No aplica;1 - PROMOCION Y PROTECCION HUMANA;AGUA Y SANEAMIENTO;0140 - Secretaría de Agricultura y Ganadería;Fortalecimiento del Abastecimiento de Agua Urbana;34612913.196800000000000000000000000000;
2023;La Paz;No aplica;1 - PROMOCION Y PROTECCION HUMANA;AGUA Y SANEAMIENTO;0140 - Secretaría de Agricultura y Ganadería;PROYECTO DE SEGURIDAD HIDRICA EN EL CORREDOR SECO DE HONDURAS;23755195.250000000000000000000000000000;
2023;La Paz;No aplica;1 - PROMOCION Y PROTECCION HUMANA;EDUCACIÓN;0022 - Fondo Hondureño de Inversión Social;PROGRAMA DE MEJORA DE LA INFRAESTRUCTURA ESCOLAR (PROMINE/KFW, FASE II);2981041.750000000000000000000000000000;
2023;La Paz;No aplica;1 - PROMOCION Y PROTECCION HUMANA;EDUCACIÓN;0050 - Secretaría de Educación;MEJORAMIENTO DE LA CALIDAD EN LA EDUCACIÓN PREBÁSICA EN HONDURAS;6048688.000000000000000000000000000000;
2023;La Paz;No aplica;1 - PROMOCION Y PROTECCION HUMANA;EDUCACIÓN;0415 - Red Solidaria;Mejora de la Calidad Educativa para el Desarrollo de Habilidades para el Empleo: Proyecto Joven;31141852.018345500000000000000000000000;
2023;La Paz;No aplica;1 - PROMOCION Y PROTECCION HUMANA;FORTALECIMIENTO INSTITUCIONAL;0503 - Instituto Nacional de Formación Profesional;Equipamiento de Centros Regionales y Sub Regionales de INFOP e Implementación de Capacitaciones a Instructores;300000.000000000000000000000000000000;
2023;La Paz;No aplica;1 - PROMOCION Y PROTECCION HUMANA;PROTECCIÓN SOCIAL;0022 - Fondo Hondureño de Inversión Social;ACTIVIDAD PILOTO DE INFRAESTRUCTURA EN EL OCCIDENTE DE HONDURAS;2034031.890000000000000000000000000000;
2023;La Paz;No aplica;1 - PROMOCION Y PROTECCION HUMANA;PROTECCIÓN SOCIAL;0415 - Red Solidaria;FINANCIAMIENTO ADICIONAL AL PROYECTO DE INTEGRACIÓN DE LA PROTECCIÓN SOCIAL;30877429.350000000000000000000000000000;
2023;La Paz;No aplica;1 - PROMOCION Y PROTECCION HUMANA;PROTECCIÓN SOCIAL;0415 - Red Solidaria;PROYECTO DE APOYO A POBLACIONES VULNERABLES AFECTADAS POR CORONAVIRUS;6467790.000000000000000000000000000000;
2023;La Paz;No aplica;1 - PROMOCION Y PROTECCION HUMANA;SALUD;0060 - Secretaría de Salud;APOYO AL SISTEMA INTEGRAL DE PROTECCIÓN SOCIAL 5008/BL-HO;12619724.329588500000000000000000000000;
2023;La Paz;No aplica;1 - PROMOCION Y PROTECCION HUMANA;SALUD;0060 - Secretaría de Salud;PROYECTO DE RESPUESTA A EMERGENCIA HONDURAS COVID-19;15297403.815795900000000000000000000000;
2023;La Paz;No aplica;1 - PROMOCION Y PROTECCION HUMANA;SALUD;0060 - Secretaría de Salud;RESPUESTA INMEDIATA DE SALUD PÚBLICA PARA CONTENER Y CONTROLAR EL CORONAVIRUS (COVID-19) Y MITIGAR SU EFECTO EN LA PRESTACIÓN DE SERVICIOS EN HONDURAS (RISP-HO-2);11120117.782512300000000000000000000000;
2023;La Paz;No aplica;1 - PROMOCION Y PROTECCION HUMANA;SALUD;0415 - Red Solidaria;PROYECTO DE MEJORA DE LA GESTION Y CALIDAD DE LOS SERVICIOS DE SALUD MATERNO-NEONATAL;10180763.000000000000000000000000000000;
2023;La Paz;No aplica;1 - PROMOCION Y PROTECCION HUMANA;EDUCACIÓN;0413 - Comisión Nacional del Deporte Honduras;Remodelación del Estadio Nacional José de la Paz Herrera y Parque de Pelota Lempira Reyna;1672671.800000000000000000000000000000;
2023;La Paz;No aplica;2 - COMUNICACIONES Y ENERGIA;PROTECCIÓN SOCIAL;0022 - Fondo Hondureño de Inversión Social;Proyecto Recuperación de Emergencia a Causa de Ciclones Tropicales Eta e Iota en Honduras.;13414764.000000000000000000000000000000;
2023;La Paz;No aplica;2 - COMUNICACIONES Y ENERGIA;TRANSPORTE Y OBRAS PUBLICAS;0022 - Fondo Hondureño de Inversión Social;Programa de Mejoramiento de la Infraestructura de Desarrollo Social y Comunitario en varios departamentos de Honduras;5000000.000000000000000000000000000000;
2023;La Paz;No aplica;3 - AGROFORESTAL Y TURISMO;FORESTAL ;0150 - SECRETARÍA DE RECURSOS NATURALES Y AMBIENTE;PROGRAMANACIONAL DE REFORESTACION Y PROTECCION DE CUENCAS HIDROGRAFICAS PADRE ANDRES TAMAYO;7346666.666666660000000000000000000000;
2023;La Paz;No aplica;3 - AGROFORESTAL Y TURISMO;SEGURIDAD ALIMENTARIA;0140 - Secretaría de Agricultura y Ganadería;PROYECTO DE COMPETITIVIDAD Y DESARROLLO SOSTENIBLE DEL CORREDOR FRONTERIZO SUR OCCIDENTAL PRO-LENCA;6210887.560000000000000000000000000000;
2023;La Paz;No aplica;3 - AGROFORESTAL Y TURISMO;SEGURIDAD ALIMENTARIA;0140 - Secretaría de Agricultura y Ganadería;PROYECTO DE DESAROLLO AGRICOLA BAJO RIEGO (PDABR);17281778.000000000000000000000000000000;
2023;La Paz;No aplica;3 - AGROFORESTAL Y TURISMO;SEGURIDAD ALIMENTARIA;0140 - Secretaría de Agricultura y Ganadería;PROYECTO INTEGRAL DE DESARROLLO RURAL Y PRODUCTIVIDAD;19168488.477272700000000000000000000000;
2023;La Paz;No aplica;4 - FORTALECIMIENTO INSTITUCIONAL;MODERNIZACION DEL ESTADO;0037 - Servicio de Administración de Rentas;Fortalecimiento Institucional y Operativo de la Administración Tributaria;2429681.150681940000000000000000000000;
2023;La Paz;No aplica;4 - FORTALECIMIENTO INSTITUCIONAL;MODERNIZACIÓN DEL ESTADO;0415 - Red Solidaria;Proyecto Transformación Digital para una Mayor Competitividad;1600002.880000000000000000000000000000;
2023;Lempira;No aplica;1 - PROMOCION Y PROTECCION HUMANA;AGUA Y SANEAMIENTO;0022 - Fondo Hondureño de Inversión Social;Ampliación Del Sistema De Abastecimiento De Agua Potable En La Ciudad De Gracias, Departamento De Lempira;69816382.000000000000000000000000000000;
2023;Lempira;No aplica;1 - PROMOCION Y PROTECCION HUMANA;EDUCACIÓN;0022 - Fondo Hondureño de Inversión Social;PROGRAMA DE MEJORA DE LA INFRAESTRUCTURA ESCOLAR (PROMINE/KFW, FASE II);21798863.070000000000000000000000000000;
2023;Lempira;No aplica;1 - PROMOCION Y PROTECCION HUMANA;EDUCACIÓN;0050 - Secretaría de Educación;MEJORAMIENTO DE LA CALIDAD EN LA EDUCACIÓN PREBÁSICA EN HONDURAS;20784297.000000000000000000000000000000;
2023;Lempira;No aplica;1 - PROMOCION Y PROTECCION HUMANA;EDUCACIÓN;0050 - Secretaría de Educación;PROGRAMA DE MEJORA DE LA INFRAESTRUCTURA ESCOLAR (PROMINE/KFW, FASE II);1204868.367917300000000000000000000000;
2023;Lempira;No aplica;1 - PROMOCION Y PROTECCION HUMANA;EDUCACIÓN;0415 - Red Solidaria;Mejora de la Calidad Educativa para el Desarrollo de Habilidades para el Empleo: Proyecto Joven;58898714.771496800000000000000000000000;
2023;Lempira;No aplica;1 - PROMOCION Y PROTECCION HUMANA;FORTALECIMIENTO INSTITUCIONAL;0503 - Instituto Nacional de Formación Profesional;Equipamiento de Centros Regionales y Sub Regionales de INFOP e Implementación de Capacitaciones a Instructores;450000.000000000000000000000000000000;
2023;Lempira;No aplica;1 - PROMOCION Y PROTECCION HUMANA;PROTECCIÓN SOCIAL;0022 - Fondo Hondureño de Inversión Social;ACTIVIDAD PILOTO DE INFRAESTRUCTURA EN EL OCCIDENTE DE HONDURAS;4940900.000000000000000000000000000000;
2023;Lempira;No aplica;1 - PROMOCION Y PROTECCION HUMANA;SALUD;0060 - Secretaría de Salud;PROYECTO DE RESPUESTA A EMERGENCIA HONDURAS COVID-19;4395274.735500010000000000000000000000;
2023;Lempira;No aplica;1 - PROMOCION Y PROTECCION HUMANA;SALUD;0060 - Secretaría de Salud;RESPUESTA INMEDIATA DE SALUD PÚBLICA PARA CONTENER Y CONTROLAR EL CORONAVIRUS (COVID-19) Y MITIGAR SU EFECTO EN LA PRESTACIÓN DE SERVICIOS EN HONDURAS (RISP-HO-2);18019023.919277400000000000000000000000;
2023;Lempira;No aplica;1 - PROMOCION Y PROTECCION HUMANA;EDUCACIÓN;0413 - Comisión Nacional del Deporte Honduras;Remodelación del Estadio Nacional José de la Paz Herrera y Parque de Pelota Lempira Reyna;3639283.820000000000000000000000000000;
2023;Lempira;No aplica;2 - COMUNICACIONES Y ENERGIA;PROTECCIÓN SOCIAL;0022 - Fondo Hondureño de Inversión Social;Proyecto Recuperación de Emergencia a Causa de Ciclones Tropicales Eta e Iota en Honduras.;21990323.000000000000000000000000000000;
2023;Lempira;No aplica;3 - AGROFORESTAL Y TURISMO;FORESTAL ;0150 - SECRETARÍA DE RECURSOS NATURALES Y AMBIENTE;PROGRAMANACIONAL DE REFORESTACION Y PROTECCION DE CUENCAS HIDROGRAFICAS PADRE ANDRES TAMAYO;17950000.000000000000000000000000000000;
2023;Lempira;No aplica;3 - AGROFORESTAL Y TURISMO;SEGURIDAD ALIMENTARIA;0140 - Secretaría de Agricultura y Ganadería;Integrando la Innovación para la Competitividad Rural (COMRURAL II)Tipo de proyecto: Inversión Pública;24659007.000000000000000000000000000000;
2023;Lempira;No aplica;3 - AGROFORESTAL Y TURISMO;SEGURIDAD ALIMENTARIA;0140 - Secretaría de Agricultura y Ganadería;PROYECTO DE COMPETITIVIDAD Y DESARROLLO SOSTENIBLE DEL CORREDOR FRONTERIZO SUR OCCIDENTAL PRO-LENCA;18619478.120000000000000000000000000000;
2023;Lempira;No aplica;3 - AGROFORESTAL Y TURISMO;SEGURIDAD ALIMENTARIA;0140 - Secretaría de Agricultura y Ganadería;PROYECTO INTEGRAL DE DESARROLLO RURAL Y PRODUCTIVIDAD;25066484.931818200000000000000000000000;
2023;Lempira;No aplica;4 - FORTALECIMIENTO INSTITUCIONAL;MODERNIZACION DEL ESTADO;0037 - Servicio de Administración de Rentas;Fortalecimiento Institucional y Operativo de la Administración Tributaria;432532.936847336000000000000000000000;
2023;Ocotepeque;No aplica;1 - PROMOCION Y PROTECCION HUMANA;EDUCACIÓN;0022 - Fondo Hondureño de Inversión Social;PROGRAMA DE MEJORA DE LA INFRAESTRUCTURA ESCOLAR (PROMINE/KFW, FASE II);400000.000000000000000000000000000000;
2023;Ocotepeque;No aplica;1 - PROMOCION Y PROTECCION HUMANA;EDUCACIÓN;0050 - Secretaría de Educación;MEJORAMIENTO DE LA CALIDAD EN LA EDUCACIÓN PREBÁSICA EN HONDURAS;5093632.000000000000000000000000000000;
2023;Ocotepeque;No aplica;1 - PROMOCION Y PROTECCION HUMANA;EDUCACIÓN;0050 - Secretaría de Educación;PROGRAMA DE MEJORA DE LA INFRAESTRUCTURA ESCOLAR (PROMINE/KFW, FASE II);483788.483851494000000000000000000000;
2023;Ocotepeque;No aplica;1 - PROMOCION Y PROTECCION HUMANA;EDUCACIÓN;0415 - Red Solidaria;Mejora de la Calidad Educativa para el Desarrollo de Habilidades para el Empleo: Proyecto Joven;20997251.488786500000000000000000000000;
2023;Ocotepeque;No aplica;1 - PROMOCION Y PROTECCION HUMANA;FORTALECIMIENTO INSTITUCIONAL;0503 - Instituto Nacional de Formación Profesional;Equipamiento de Centros Regionales y Sub Regionales de INFOP e Implementación de Capacitaciones a Instructores;250000.000000000000000000000000000000;
2023;Ocotepeque;No aplica;1 - PROMOCION Y PROTECCION HUMANA;PROTECCIÓN SOCIAL;0022 - Fondo Hondureño de Inversión Social;ACTIVIDAD PILOTO DE INFRAESTRUCTURA EN EL OCCIDENTE DE HONDURAS;2260440.000000000000000000000000000000;
2023;Ocotepeque;No aplica;1 - PROMOCION Y PROTECCION HUMANA;PROTECCIÓN SOCIAL;0415 - Red Solidaria;PROYECTO DE APOYO A POBLACIONES VULNERABLES AFECTADAS POR CORONAVIRUS;1368570.000000000000000000000000000000;
2023;Ocotepeque;No aplica;1 - PROMOCION Y PROTECCION HUMANA;SALUD;0060 - Secretaría de Salud;APOYO AL SISTEMA INTEGRAL DE PROTECCIÓN SOCIAL 5008/BL-HO;7172223.919086090000000000000000000000;
2023;Ocotepeque;No aplica;1 - PROMOCION Y PROTECCION HUMANA;SALUD;0060 - Secretaría de Salud;Construcción Hospital de Ocotepeque;101384000.000000000000000000000000000000;
2023;Ocotepeque;No aplica;1 - PROMOCION Y PROTECCION HUMANA;SALUD;0060 - Secretaría de Salud;PROYECTO DE RESPUESTA A EMERGENCIA HONDURAS COVID-19;14542976.913764700000000000000000000000;
2023;Ocotepeque;No aplica;1 - PROMOCION Y PROTECCION HUMANA;SALUD;0060 - Secretaría de Salud;RESPUESTA INMEDIATA DE SALUD PÚBLICA PARA CONTENER Y CONTROLAR EL CORONAVIRUS (COVID-19) Y MITIGAR SU EFECTO EN LA PRESTACIÓN DE SERVICIOS EN HONDURAS (RISP-HO-2);8194818.755781260000000000000000000000;
2023;Ocotepeque;No aplica;2 - COMUNICACIONES Y ENERGIA;PROTECCIÓN SOCIAL;0022 - Fondo Hondureño de Inversión Social;Proyecto Recuperación de Emergencia a Causa de Ciclones Tropicales Eta e Iota en Honduras.;4472433.000000000000000000000000000000;
2023;Ocotepeque;No aplica;3 - AGROFORESTAL Y TURISMO;FORESTAL ;0150 - SECRETARÍA DE RECURSOS NATURALES Y AMBIENTE;PROGRAMANACIONAL DE REFORESTACION Y PROTECCION DE CUENCAS HIDROGRAFICAS PADRE ANDRES TAMAYO;7756057.777777770000000000000000000000;
2023;Ocotepeque;No aplica;3 - AGROFORESTAL Y TURISMO;SEGURIDAD ALIMENTARIA;0140 - Secretaría de Agricultura y Ganadería;PROYECTO INTEGRAL DE DESARROLLO RURAL Y PRODUCTIVIDAD;13270492.022727300000000000000000000000;
2023;Ocotepeque;No aplica;4 - FORTALECIMIENTO INSTITUCIONAL;MODERNIZACION DEL ESTADO;0037 - Servicio de Administración de Rentas;Fortalecimiento Institucional y Operativo de la Administración Tributaria;61230296.597649100000000000000000000000;
2023;Ocotepeque;No aplica;4 - FORTALECIMIENTO INSTITUCIONAL;MODERNIZACIÓN DEL ESTADO;0415 - Red Solidaria;Proyecto Transformación Digital para una Mayor Competitividad;1200002.160000000000000000000000000000;
2023;Olancho;No aplica;1 - PROMOCION Y PROTECCION HUMANA;AGUA Y SANEAMIENTO;0412 - Secretaría de Desarrollo Social;Fortalecimiento en el sitema de extracción, almacenamiento y distribución del servicio de agua potable y seguridad alimentaria para mejorar condiciones de salud y bienestar en los Municipios de San Francisco de Becerra y Dulce Nombre de Culmí;12828772.001800000000000000000000000000;
2023;Olancho;No aplica;1 - PROMOCION Y PROTECCION HUMANA;EDUCACIÓN;0050 - Secretaría de Educación;MEJORAMIENTO DE LA CALIDAD EN LA EDUCACIÓN PREBÁSICA EN HONDURAS;20945069.000000000000000000000000000000;
2023;Olancho;No aplica;1 - PROMOCION Y PROTECCION HUMANA;EDUCACIÓN;0050 - Secretaría de Educación;PROGRAMA DE MEJORA DE LA INFRAESTRUCTURA ESCOLAR (PROMINE/KFW, FASE II);575140.266347721000000000000000000000;
2023;Olancho;No aplica;1 - PROMOCION Y PROTECCION HUMANA;EDUCACIÓN;0050 - Secretaría de Educación;RECONSTRUCCION, AMPLIACION Y REHABILITACION DE INFRAESTRUCTURA EDUCATIVA E IMPLEMENTACION DE HUERTOS ESCOLARES PRODUCTIVOS EN CENTROS EDUCATIVOS DE HONDURAS, FASE I;88349040.000000000000000000000000000000;
2023;Olancho;No aplica;1 - PROMOCION Y PROTECCION HUMANA;EDUCACIÓN;0703 - Universidad Nacional de Agricultura;Fortalecimiento de las Capacidades Educativas, Productivas y Sociales de la UNAG, en Catacamas, Olancho;33000000.000000000000000000000000000000;
2023;Olancho;No aplica;1 - PROMOCION Y PROTECCION HUMANA;FORTALECIMIENTO INSTITUCIONAL;0503 - Instituto Nacional de Formación Profesional;Equipamiento de Centros Regionales y Sub Regionales de INFOP e Implementación de Capacitaciones a Instructores;3800000.000000000000000000000000000000;
2023;Olancho;No aplica;1 - PROMOCION Y PROTECCION HUMANA;PROTECCIÓN SOCIAL;0022 - Fondo Hondureño de Inversión Social;PROGRAMA DE MEJORAMIENTO INTEGRAL DE LA INFRAESTRUCTURA Y FORMACION EDUCATIVA EN HONDURAS;66662571.470000000000000000000000000000;
2023;Olancho;No aplica;1 - PROMOCION Y PROTECCION HUMANA;PROTECCIÓN SOCIAL;0415 - Red Solidaria;FINANCIAMIENTO ADICIONAL AL PROYECTO DE INTEGRACIÓN DE LA PROTECCIÓN SOCIAL;62303236.860000000000000000000000000000;
2023;Olancho;No aplica;1 - PROMOCION Y PROTECCION HUMANA;PROTECCIÓN SOCIAL;0415 - Red Solidaria;PROYECTO DE APOYO A POBLACIONES VULNERABLES AFECTADAS POR CORONAVIRUS;3387510.000000000000000000000000000000;
2023;Olancho;No aplica;1 - PROMOCION Y PROTECCION HUMANA;SALUD;0060 - Secretaría de Salud;APOYO AL SISTEMA INTEGRAL DE PROTECCIÓN SOCIAL 5008/BL-HO;11294850.215728400000000000000000000000;
2023;Olancho;No aplica;1 - PROMOCION Y PROTECCION HUMANA;SALUD;0060 - Secretaría de Salud;Construcción Hospital de Salamá;86176400.000000000000000000000000000000;
2023;Olancho;No aplica;1 - PROMOCION Y PROTECCION HUMANA;SALUD;0060 - Secretaría de Salud;HONDURAS - INICIATIVA REGIONAL DE ELIMINACIÓN DE LA MALARIA (IREM EN MESOAMÉRICA Y REPÚBLICA DOMINICANA (HO-G1250;762574.997219840000000000000000000000;
2023;Olancho;No aplica;1 - PROMOCION Y PROTECCION HUMANA;SALUD;0060 - Secretaría de Salud;PROYECTO DE RESPUESTA A EMERGENCIA HONDURAS COVID-19;4991800.043220300000000000000000000000;
2023;Olancho;No aplica;1 - PROMOCION Y PROTECCION HUMANA;SALUD;0060 - Secretaría de Salud;RESPUESTA INMEDIATA DE SALUD PÚBLICA PARA CONTENER Y CONTROLAR EL CORONAVIRUS (COVID-19) Y MITIGAR SU EFECTO EN LA PRESTACIÓN DE SERVICIOS EN HONDURAS (RISP-HO-2);28668594.042120200000000000000000000000;
2023;Olancho;No aplica;1 - PROMOCION Y PROTECCION HUMANA;0;0415 - Red Solidaria;PROYECTO DE MEJORA DE LA GESTION Y CALIDAD DE LOS SERVICIOS DE SALUD MATERNO-NEONATAL;9848263.000000000000000000000000000000;
2023;Olancho;No aplica;1 - PROMOCION Y PROTECCION HUMANA;EDUCACIÓN;0413 - Comisión Nacional del Deporte Honduras;Remodelación del Estadio Nacional José de la Paz Herrera y Parque de Pelota Lempira Reyna;5145515.290000000000000000000000000000;
2023;Olancho;No aplica;1 - PROMOCION Y PROTECCION HUMANA;EDUCACIÓN;0505 - Instituto Hondureño de Antropología e Historia;ACONDICIONAMIENTO Y PROMOCIÓN CULTURAL Y TURÍSTICA DE LOS PARQUES ARQUEOLÓGICOS DE EL PUENTE Y COPÁN RUINAS EN EL DEPARTAMENTO DE COPÁN Y LAS CUEVAS DE TALGUA EN EL DEPARTAMENTO DE OLANCHO;421310.000000000000000000000000000000;
2023;Olancho;No aplica;2 - COMUNICACIONES Y ENERGIA;CARRETERAS;0411 - Secretaría de Infraestructura y Transporte;CONSTRUCCIÓN CON CONCRETO HIDRÁULICO DEL TRAMO: POZO ZARCO (28+800) -EL ROSARIO (48+800);110238272.000000000000000000000000000000;
2023;Olancho;No aplica;2 - COMUNICACIONES Y ENERGIA;CARRETERAS;0411 - Secretaría de Infraestructura y Transporte;Construcción y pavimentación con concreto hidráulico del Tramo Carretero: LA ENA - SAN JOSE DE RIO TINTO - DULCE NOMBRE DE CULMI, sub tramo: Puente Rio El Pataste - Dulce Nombre de Culmi Ruta N° 83;51705278.000000000000000000000000000000;
2023;Olancho;No aplica;2 - COMUNICACIONES Y ENERGIA;ENERGÍA;0801 - Empresa Nacional de Energía Eléctrica;CONSTRUCCIÓN DE LA LÍNEA DE TRANSMISIÓN TALANGA-JUTICALPA EN 230KV Y OBRAS CONEXAS (TLG-JT);150062500.000000000000000000000000000000;
2023;Olancho;No aplica;2 - COMUNICACIONES Y ENERGIA;ENERGÍA;0801 - Empresa Nacional de Energía Eléctrica;ESTUDIO DE FACTIBILIDAD, Y DISEÑO BÁSICO PARA EL DESARROLLO DE LA CENTRAL HIDROELÉCTRICA TARROSA PATUCA II A;9665000.000000000000000000000000000000;
2023;Olancho;No aplica;2 - COMUNICACIONES Y ENERGIA;ENERGÍA;0801 - Empresa Nacional de Energía Eléctrica;ESTUDIO DE FACTIBILIDAD, Y DISEÑO BÁSICO PARA EL DESARROLLO DE LA CENTRAL HIDROELÉCTRICA VALENCIA;8622500.000000000000000000000000000000;
2023;Olancho;No aplica;2 - COMUNICACIONES Y ENERGIA;ENERGÍA;0801 - Empresa Nacional de Energía Eléctrica;PERFIL DE PROYECTO CONSTRUCCIÓN DE LÍNEA TRANSMISIÓN DE 69KV SAN FRANCISCO DE LA PAZ Y OBRAS CONEXAS (TLC-SFP);62500000.000000000000000000000000000000;
2023;Olancho;No aplica;2 - COMUNICACIONES Y ENERGIA;ENERGÍA;0801 - Empresa Nacional de Energía Eléctrica;PERFIL DE PROYECTO INSTALACIÓN DE TURBINA DE 1.5 MW CAUDAL ECOLÓGICO DE PATUCA III;10000000.000000000000000000000000000000;
2023;Olancho;No aplica;2 - COMUNICACIONES Y ENERGIA;PROTECCIÓN SOCIAL;0022 - Fondo Hondureño de Inversión Social;Proyecto Recuperación de Emergencia a Causa de Ciclones Tropicales Eta e Iota en Honduras.;27808368.000000000000000000000000000000;
2023;Olancho;No aplica;2 - COMUNICACIONES Y ENERGIA;TRANSPORTE Y OBRAS PUBLICAS;0022 - Fondo Hondureño de Inversión Social;Programa de Mejoramiento de la Infraestructura de Desarrollo Social y Comunitario en varios departamentos de Honduras;103549698.640000000000000000000000000000;
2023;Olancho;No aplica;3 - AGROFORESTAL Y TURISMO;FORESTAL;0415 - Red Solidaria;PROGRAMA DE RESTAURACIÓN DE BOSQUES RESILIENTES AL CLIMA Y SILVICULTURA PARA LA SOSTENIBILIDAD DE LOS SERVICIOS ECOSISTÉMICOS RELACIONADOS CON EL AGUA.;12089759.349763700000000000000000000000;
2023;Olancho;No aplica;3 - AGROFORESTAL Y TURISMO;FORESTAL ;0150 - SECRETARÍA DE RECURSOS NATURALES Y AMBIENTE;PROGRAMANACIONAL DE REFORESTACION Y PROTECCION DE CUENCAS HIDROGRAFICAS PADRE ANDRES TAMAYO;80615884.897777700000000000000000000000;
2023;Olancho;No aplica;3 - AGROFORESTAL Y TURISMO;SEGURIDAD ALIMENTARIA;0140 - Secretaría de Agricultura y Ganadería;Proyecto de inclusión económica y social de pequeños productores rurales en la región noreste de Honduras (PROINORTE);51471850.000000000000000000000000000000;
2023;Olancho;No aplica;4 - FORTALECIMIENTO INSTITUCIONAL;MODERNIZACION DEL ESTADO;0037 - Servicio de Administración de Rentas;Fortalecimiento Institucional y Operativo de la Administración Tributaria;76564645.385104800000000000000000000000;
2023;Olancho;No aplica;4 - FORTALECIMIENTO INSTITUCIONAL;MODERNIZACIÓN DEL ESTADO;0415 - Red Solidaria;Proyecto Transformación Digital para una Mayor Competitividad;2000003.600000000000000000000000000000;
2023;Olancho;No aplica;4 - FORTALECIMIENTO INSTITUCIONAL;SEGURIDAD Y DEFENSA;0022 - Fondo Hondureño de Inversión Social;PROYECTO CONVIVENCIA Y ESPACIOS SEGUROS PARA LOS JÓVENES EN HONDURAS;11653051.750000000000000000000000000000;
2023;Santa Bárbara;No aplica;1 - PROMOCION Y PROTECCION HUMANA;EDUCACIÓN;0050 - Secretaría de Educación;MEJORAMIENTO DE LA CALIDAD EN LA EDUCACIÓN PREBÁSICA EN HONDURAS;8913863.000000000000000000000000000000;
2023;Santa Bárbara;No aplica;1 - PROMOCION Y PROTECCION HUMANA;EDUCACIÓN;0415 - Red Solidaria;Mejora de la Calidad Educativa para el Desarrollo de Habilidades para el Empleo: Proyecto Joven;46811165.535519900000000000000000000000;
2023;Santa Bárbara;No aplica;1 - PROMOCION Y PROTECCION HUMANA;PROTECCIÓN SOCIAL;0022 - Fondo Hondureño de Inversión Social;ACTIVIDAD PILOTO DE INFRAESTRUCTURA EN EL OCCIDENTE DE HONDURAS;2120428.000000000000000000000000000000;
2023;Santa Bárbara;No aplica;1 - PROMOCION Y PROTECCION HUMANA;PROTECCIÓN SOCIAL;0022 - Fondo Hondureño de Inversión Social;PROGRAMA DE MEJORAMIENTO INTEGRAL DE LA INFRAESTRUCTURA Y FORMACION EDUCATIVA EN HONDURAS;91625663.990000000000000000000000000000;
2023;Santa Bárbara;No aplica;1 - PROMOCION Y PROTECCION HUMANA;PROTECCIÓN SOCIAL;0415 - Red Solidaria;FINANCIAMIENTO ADICIONAL AL PROYECTO DE INTEGRACIÓN DE LA PROTECCIÓN SOCIAL;4760919.480000000000000000000000000000;
2023;Santa Bárbara;No aplica;1 - PROMOCION Y PROTECCION HUMANA;PROTECCIÓN SOCIAL;0415 - Red Solidaria;PROGRAMA BONO DE ALIVIO A FAMILIAS VULNERABLES AFECTADAS POR FENÓMENOS NATURALES PRODUCTO DEL CAMBIO CLIMÁTICO;118110000.000000000000000000000000000000;
2023;Santa Bárbara;No aplica;1 - PROMOCION Y PROTECCION HUMANA;SALUD;0060 - Secretaría de Salud;Construcción Hospital de Santa Bárbara;238252400.000000000000000000000000000000;
2023;Santa Bárbara;No aplica;1 - PROMOCION Y PROTECCION HUMANA;SALUD;0060 - Secretaría de Salud;PROYECTO DE RESPUESTA A EMERGENCIA HONDURAS COVID-19;11499445.694357200000000000000000000000;
2023;Santa Bárbara;No aplica;1 - PROMOCION Y PROTECCION HUMANA;SALUD;0060 - Secretaría de Salud;RESPUESTA INMEDIATA DE SALUD PÚBLICA PARA CONTENER Y CONTROLAR EL CORONAVIRUS (COVID-19) Y MITIGAR SU EFECTO EN LA PRESTACIÓN DE SERVICIOS EN HONDURAS (RISP-HO-2);23253978.055142000000000000000000000000;
2023;Santa Bárbara;No aplica;2 - COMUNICACIONES Y ENERGIA;CARRETERAS;0411 - Secretaría de Infraestructura y Transporte;Construcción y Rehabilitación Vial con Concreto Hidráulico del Corredor de Occidente, Tramo Carretero: Naco - La Entrada (79.1 Km), Localizado en los Departamentos de Santa Bárbara y Copán.;217136324.000000000000000000000000000000;
2023;Santa Bárbara;No aplica;2 - COMUNICACIONES Y ENERGIA;ENERGÍA;0801 - Empresa Nacional de Energía Eléctrica;ESTUDIO DE FACTIBILIDAD, ACTUALIZACIÓN TÉCNICA, FINANCIERO, SOCIAL, AMBIENTAL Y DISEÑO BÁSICO PARA LA CONSTRUCCIÓN DE LA CENTRAL HIDROELÉCTRICA, EL TABLÓN  ;37500000.000000000000000000000000000000;
2023;Santa Bárbara;No aplica;2 - COMUNICACIONES Y ENERGIA;ENERGÍA;0801 - Empresa Nacional de Energía Eléctrica;ESTUDIO DE FACTIBILIDAD, Y DISEÑO BÁSICO PARA EL DESARROLLO DE LA CENTRAL HIDROELÉCTRICA JICATUYO;34380000.000000000000000000000000000000;
2023;Santa Bárbara;No aplica;2 - COMUNICACIONES Y ENERGIA;ENERGÍA;0801 - Empresa Nacional de Energía Eléctrica;ESTUDIO DE FACTIBILIDAD, Y DISEÑO BÁSICO PARA EL DESARROLLO DE LA CENTRAL HIDROELÉCTRICA LLANITOS;37500000.000000000000000000000000000000;
2023;Santa Bárbara;No aplica;2 - COMUNICACIONES Y ENERGIA;PROTECCIÓN SOCIAL;0022 - Fondo Hondureño de Inversión Social;Proyecto Recuperación de Emergencia a Causa de Ciclones Tropicales Eta e Iota en Honduras.;2296390.000000000000000000000000000000;
2023;Santa Bárbara;No aplica;3 - AGROFORESTAL Y TURISMO;FORESTAL ;0150 - SECRETARÍA DE RECURSOS NATURALES Y AMBIENTE;PROGRAMANACIONAL DE REFORESTACION Y PROTECCION DE CUENCAS HIDROGRAFICAS PADRE ANDRES TAMAYO;57948122.053333300000000000000000000000;
2023;Santa Bárbara;No aplica;3 - AGROFORESTAL Y TURISMO;SEGURIDAD ALIMENTARIA;0140 - Secretaría de Agricultura y Ganadería;PROYECTO INTEGRAL DE DESARROLLO RURAL Y PRODUCTIVIDAD;26540984.045454500000000000000000000000;
2023;Santa Bárbara;No aplica;4 - FORTALECIMIENTO INSTITUCIONAL;MODERNIZACION DEL ESTADO;0037 - Servicio de Administración de Rentas;Fortalecimiento Institucional y Operativo de la Administración Tributaria;18132.976072151900000000000000000000;
2023;Santa Bárbara;No aplica;4 - FORTALECIMIENTO INSTITUCIONAL;MODERNIZACIÓN DEL ESTADO;0415 - Red Solidaria;Proyecto Transformación Digital para una Mayor Competitividad;1600002.880000000000000000000000000000;
2023;Santa Bárbara;No aplica;4 - FORTALECIMIENTO INSTITUCIONAL;SEGURIDAD Y DEFENSA;0070 - Secretaría de Seguridad;PROGRAMA DE CONVIVENCIA CIUDADANA Y MEJORAMIENTO DE BARRIOS;1647988.330000000000000000000000000000;
2023;Valle;No aplica;1 - PROMOCION Y PROTECCION HUMANA;AGUA Y SANEAMIENTO;0140 - Secretaría de Agricultura y Ganadería;PROYECTO DE SEGURIDAD HIDRICA EN EL CORREDOR SECO DE HONDURAS;63985290.500000000000000000000000000000;
2023;Valle;No aplica;1 - PROMOCION Y PROTECCION HUMANA;EDUCACIÓN;0050 - Secretaría de Educación;MEJORAMIENTO DE LA CALIDAD EN LA EDUCACIÓN PREBÁSICA EN HONDURAS;2865177.000000000000000000000000000000;
2023;Valle;No aplica;1 - PROMOCION Y PROTECCION HUMANA;EDUCACIÓN;0050 - Secretaría de Educación;PROGRAMA DE MEJORA DE LA INFRAESTRUCTURA ESCOLAR (PROMINE/KFW, FASE II);498624.518563236000000000000000000000;
2023;Valle;No aplica;1 - PROMOCION Y PROTECCION HUMANA;EDUCACIÓN;0050 - Secretaría de Educación;RECONSTRUCCION, AMPLIACION Y REHABILITACION DE INFRAESTRUCTURA EDUCATIVA E IMPLEMENTACION DE HUERTOS ESCOLARES PRODUCTIVOS EN CENTROS EDUCATIVOS DE HONDURAS, FASE I;32476768.000000000000000000000000000000;
2023;Valle;No aplica;1 - PROMOCION Y PROTECCION HUMANA;FORTALECIMIENTO INSTITUCIONAL;0503 - Instituto Nacional de Formación Profesional;Equipamiento de Centros Regionales y Sub Regionales de INFOP e Implementación de Capacitaciones a Instructores;2350000.000000000000000000000000000000;
2023;Valle;No aplica;1 - PROMOCION Y PROTECCION HUMANA;PROTECCIÓN SOCIAL;0415 - Red Solidaria;FINANCIAMIENTO ADICIONAL AL PROYECTO DE INTEGRACIÓN DE LA PROTECCIÓN SOCIAL;17784900.780000000000000000000000000000;
2023;Valle;No aplica;1 - PROMOCION Y PROTECCION HUMANA;SALUD;0060 - Secretaría de Salud;HONDURAS - INICIATIVA REGIONAL DE ELIMINACIÓN DE LA MALARIA (IREM EN MESOAMÉRICA Y REPÚBLICA DOMINICANA (HO-G1250;402339.067669205000000000000000000000;
2023;Valle;No aplica;1 - PROMOCION Y PROTECCION HUMANA;SALUD;0060 - Secretaría de Salud;PROYECTO DE RESPUESTA A EMERGENCIA HONDURAS COVID-19;4532267.766610580000000000000000000000;
2023;Valle;No aplica;1 - PROMOCION Y PROTECCION HUMANA;SALUD;0060 - Secretaría de Salud;RESPUESTA INMEDIATA DE SALUD PÚBLICA PARA CONTENER Y CONTROLAR EL CORONAVIRUS (COVID-19) Y MITIGAR SU EFECTO EN LA PRESTACIÓN DE SERVICIOS EN HONDURAS (RISP-HO-2);9393620.875890710000000000000000000000;
2023;Valle;No aplica;1 - PROMOCION Y PROTECCION HUMANA;TRANSPORTE Y OBRAS PÚBLICAS;0505 - Instituto Hondureño de Antropología e Historia;ACONDICIONAMIENTO Y PROMOCIÓN CULTURAL Y TURÍSTICA DE LOS PARQUES ARQUEOLÓGICOS DE EL PUENTE Y COPÁN RUINAS EN EL DEPARTAMENTO DE COPÁN Y LAS CUEVAS DE TALGUA EN EL DEPARTAMENTO DE OLANCHO;421310.000000000000000000000000000000;
2023;Valle;No aplica;2 - COMUNICACIONES Y ENERGIA;CARRETERAS;0411 - Secretaría de Infraestructura y Transporte;Reconstruccion del Puente en Carretera Nacional No.1 Puente Guacirope, Localizado en el municipio de Nacaome, Valle.;17003246.000000000000000000000000000000;
2023;Valle;No aplica;2 - COMUNICACIONES Y ENERGIA;TRANSPORTE Y OBRAS PÚBLICAS;0803 - Empresa Nacional Portuaria;ESTUDIO DEL DRAGADO DE DARSENA DE PUERTO SAN LORENZO;13000000.000000000000000000000000000000;
2023;Valle;No aplica;2 - COMUNICACIONES Y ENERGIA;TRANSPORTE Y OBRAS PÚBLICAS;0803 - Empresa Nacional Portuaria;REPARACION DEL PUENTE DE ACCESO Y MUELLE Y CONSTRUCCION DE PUENTE DE ACCESO ALTERNATIVO AL MUELLE DE SAN LORENZO ;21065726.000000000000000000000000000000;
2023;Valle;No aplica;3 - AGROFORESTAL Y TURISMO;FORESTAL ;0150 - SECRETARÍA DE RECURSOS NATURALES Y AMBIENTE;PROGRAMANACIONAL DE REFORESTACION Y PROTECCION DE CUENCAS HIDROGRAFICAS PADRE ANDRES TAMAYO;7856057.777777770000000000000000000000;
2023;Valle;No aplica;4 - FORTALECIMIENTO INSTITUCIONAL;MODERNIZACION DEL ESTADO;0037 - Servicio de Administración de Rentas;Fortalecimiento Institucional y Operativo de la Administración Tributaria;140308.242500277000000000000000000000;
2023;Valle;No aplica;4 - FORTALECIMIENTO INSTITUCIONAL;MODERNIZACIÓN DEL ESTADO;0415 - Red Solidaria;Proyecto Transformación Digital para una Mayor Competitividad;1400002.520000000000000000000000000000;
2023;Yoro;No aplica;1 - PROMOCION Y PROTECCION HUMANA;EDUCACIÓN;0050 - Secretaría de Educación;MEJORAMIENTO DE LA CALIDAD EN LA EDUCACIÓN PREBÁSICA EN HONDURAS;14018673.000000000000000000000000000000;
2023;Yoro;No aplica;1 - PROMOCION Y PROTECCION HUMANA;FORTALECIMIENTO INSTITUCIONAL;0503 - Instituto Nacional de Formación Profesional;Equipamiento de Centros Regionales y Sub Regionales de INFOP e Implementación de Capacitaciones a Instructores;300000.000000000000000000000000000000;
2023;Yoro;No aplica;1 - PROMOCION Y PROTECCION HUMANA;PROTECCIÓN SOCIAL;0415 - Red Solidaria;FINANCIAMIENTO ADICIONAL AL PROYECTO DE INTEGRACIÓN DE LA PROTECCIÓN SOCIAL;82086190.750000000000000000000000000000;
2023;Yoro;No aplica;1 - PROMOCION Y PROTECCION HUMANA;PROTECCIÓN SOCIAL;0415 - Red Solidaria;PROGRAMA BONO DE ALIVIO A FAMILIAS VULNERABLES AFECTADAS POR FENÓMENOS NATURALES PRODUCTO DEL CAMBIO CLIMÁTICO;70033184.000000000000000000000000000000;
2023;Yoro;No aplica;1 - PROMOCION Y PROTECCION HUMANA;SALUD;0060 - Secretaría de Salud;HONDURAS - INICIATIVA REGIONAL DE ELIMINACIÓN DE LA MALARIA (IREM EN MESOAMÉRICA Y REPÚBLICA DOMINICANA (HO-G1250;2397224.304623660000000000000000000000;
2023;Yoro;No aplica;1 - PROMOCION Y PROTECCION HUMANA;SALUD;0060 - Secretaría de Salud;PROYECTO DE RESPUESTA A EMERGENCIA HONDURAS COVID-19;7963808.744563040000000000000000000000;
2023;Yoro;No aplica;1 - PROMOCION Y PROTECCION HUMANA;SALUD;0060 - Secretaría de Salud;RESPUESTA INMEDIATA DE SALUD PÚBLICA PARA CONTENER Y CONTROLAR EL CORONAVIRUS (COVID-19) Y MITIGAR SU EFECTO EN LA PRESTACIÓN DE SERVICIOS EN HONDURAS (RISP-HO-2);31219019.801781300000000000000000000000;
2023;Yoro;No aplica;2 - COMUNICACIONES Y ENERGIA;CARRETERAS;0411 - Secretaría de Infraestructura y Transporte;CONSTRUCCIÓN CON DOBLE TRATAMIENTO DEL TRAMO SANTA RITA - YORO, DEL KM 35+000 AL 70+000;77875000.000000000000000000000000000000;
2023;Yoro;No aplica;2 - COMUNICACIONES Y ENERGIA;CARRETERAS;0411 - Secretaría de Infraestructura y Transporte;CONSTRUCCIÓN CON DOBLE TRATAMIENTO DEL TRAMO SANTA RITA - YORO, DEL KM 70+000 AL KM 107+260;82903500.000000000000000000000000000000;
2023;Yoro;No aplica;2 - COMUNICACIONES Y ENERGIA;CARRETERAS;0411 - Secretaría de Infraestructura y Transporte;CONSTRUCCIÓN CON DOBLE TRATAMIENTO DEL TRAMO SANTA RITA - YORO, KM 0+000 AL KM 35+000;85575000.000000000000000000000000000000;
2023;Yoro;No aplica;2 - COMUNICACIONES Y ENERGIA;CARRETERAS;0411 - Secretaría de Infraestructura y Transporte;CONSTRUCCIÓN DE LA CARRETERA CENTRAL;255894200.000000000000000000000000000000;
2023;Yoro;No aplica;2 - COMUNICACIONES Y ENERGIA;CARRETERAS;0411 - Secretaría de Infraestructura y Transporte;Construcción y pavimentación con concreto hidráulico de la carretera central, tramo: Marale - empalme carretera a Yoro (53.31 kms);236582712.000000000000000000000000000000;
2023;Yoro;No aplica;2 - COMUNICACIONES Y ENERGIA;ENERGÍA;0801 - Empresa Nacional de Energía Eléctrica;APOYO A LA INTEGRACION DE HONDURAS EN EL MERCADO ELECTRICO REGIONAL (MER);16000000.000000000000000000000000000000;
2023;Yoro;No aplica;2 - COMUNICACIONES Y ENERGIA;ENERGÍA;0801 - Empresa Nacional de Energía Eléctrica;APOYO AL PROGRAMA NACIONAL DE TRANSMISIÓN DE ENERGÍA ELÉCTRICA;189997740.450000000000000000000000000000;
2023;Yoro;No aplica;2 - COMUNICACIONES Y ENERGIA;ENERGÍA;0801 - Empresa Nacional de Energía Eléctrica;LI?NEA DE TRANSMISIO?N NEGRITO (NEG) – YORO (YOR) – ARENALES (ARE);275463620.000000000000000000000000000000;
2023;Yoro;No aplica;2 - COMUNICACIONES Y ENERGIA;PROTECCIÓN SOCIAL;0022 - Fondo Hondureño de Inversión Social;Proyecto Recuperación de Emergencia a Causa de Ciclones Tropicales Eta e Iota en Honduras.;48508949.000000000000000000000000000000;
2023;Yoro;No aplica;3 - AGROFORESTAL Y TURISMO;FORESTAL;0415 - Red Solidaria;MANEJO SOSTENIBLE DE BOSQUES;1336115.577000000000000000000000000000;
2023;Yoro;No aplica;3 - AGROFORESTAL Y TURISMO;FORESTAL;0415 - Red Solidaria;PROGRAMA DE RESTAURACIÓN DE BOSQUES RESILIENTES AL CLIMA Y SILVICULTURA PARA LA SOSTENIBILIDAD DE LOS SERVICIOS ECOSISTÉMICOS RELACIONADOS CON EL AGUA.;2014959.891627290000000000000000000000;
2023;Yoro;No aplica;3 - AGROFORESTAL Y TURISMO;FORESTAL ;0150 - SECRETARÍA DE RECURSOS NATURALES Y AMBIENTE;PROGRAMANACIONAL DE REFORESTACION Y PROTECCION DE CUENCAS HIDROGRAFICAS PADRE ANDRES TAMAYO;36519664.493333300000000000000000000000;
2023;Yoro;No aplica;3 - AGROFORESTAL Y TURISMO;SEGURIDAD ALIMENTARIA;0140 - Secretaría de Agricultura y Ganadería;PROYECTO DE DESAROLLO AGRICOLA BAJO RIEGO (PDABR);40664208.500000000000000000000000000000;
2023;Yoro;No aplica;3 - AGROFORESTAL Y TURISMO;SEGURIDAD ALIMENTARIA;0140 - Secretaría de Agricultura y Ganadería;Proyecto de inclusión económica y social de pequeños productores rurales en la región noreste de Honduras (PROINORTE);58245711.000000000000000000000000000000;
2023;Yoro;No aplica;4 - FORTALECIMIENTO INSTITUCIONAL;MODERNIZACION DEL ESTADO;0037 - Servicio de Administración de Rentas;Fortalecimiento Institucional y Operativo de la Administración Tributaria;489702.606518483000000000000000000000;
2023;Yoro;No aplica;4 - FORTALECIMIENTO INSTITUCIONAL;MODERNIZACIÓN DEL ESTADO;0415 - Red Solidaria;Proyecto Transformación Digital para una Mayor Competitividad;2000002.800000000000000000000000000000;
2023;Yoro;No aplica;4 - FORTALECIMIENTO INSTITUCIONAL;SEGURIDAD Y DEFENSA;0070 - Secretaría de Seguridad;PROGRAMA DE CONVIVENCIA CIUDADANA Y MEJORAMIENTO DE BARRIOS;4012025.920000000000000000000000000000;
2024;ATLANTIDA;No Aplica; COMUNICACIONES Y ENERGIA;CARRETERAS;Secretaría de Infraestructura y Transporte;Reconstrucción Tela-La Ceiba (160 km);602834259.000000000000000000000000000000;
2024;ATLANTIDA;No Aplica; COMUNICACIONES Y ENERGIA;COMUNICACIONES;Comisión Nacional de Telecomunicaciones;Fortalecimiento Institucional, Ampliación y Modernización de las Capacidades Técnicas y Logísticas de CONATEL a nivel Nacional;4541816.000000000000000000000000000000;
2024;ATLANTIDA;No Aplica; PROMOCION Y PROTECCION HUMANA;EDUCACION;Fondo Hondureño de Inversión Social;PROGRAMA DE MEJORAMIENTO INTEGRAL DE LA INFRAESTRUCTURA Y FORMACION EDUCATIVA EN HONDURAS;7567714.000000000000000000000000000000;
2024;ATLANTIDA;No Aplica; PROMOCION Y PROTECCION HUMANA;EDUCACION;Secretaría de Gobernación, Justicia y Descentralización;Construcción y Reconstrucción de Centros Escolares a nivel nacional;52536339.000000000000000000000000000000;
2024;ATLANTIDA;No Aplica; PROMOCION Y PROTECCION HUMANA;EDUCACION;Secretaría de Educación;MEJORAMIENTO DE LA CALIDAD EN LA EDUCACIÓN PREBÁSICA EN HONDURAS;10992432.000000000000000000000000000000;
2024;ATLANTIDA;No Aplica; FORTALECIMIENTO INSTITUCIONAL;MODERNIZACION DEL ESTADO;Servicio de Administración de Rentas;Fortalecimiento Institucional y Operativo de la Administración Tributaria;819068.000000000000000000000000000000;
2024;ATLANTIDA;No Aplica; FORTALECIMIENTO INSTITUCIONAL;MODERNIZACION DEL ESTADO;Registro Nacional de las Personas;Proyecto de Documento de Identificación Nacional para Menores;29908540.000000000000000000000000000000;
2024;ATLANTIDA;No Aplica; FORTALECIMIENTO INSTITUCIONAL;MODERNIZACION DEL ESTADO;Administración Aduanera de Honduras;PROYECTO DE FORTALECIMIENTO INSTITUCIONAL Y OPERATIVO DE LA ADMINISTRACIÓN ADUANERA;62899465.000000000000000000000000000000;
2024;ATLANTIDA;No Aplica; FORTALECIMIENTO INSTITUCIONAL;MODERNIZACION DEL ESTADO;Instituto Nacional de Estadísticas;PROGRAMA DE APOYO AL CENSO DE POBLACIÓN Y VIVIENDA Y FORTALECIMIENTO DEL SISTEMA ESTADÍSTICO NACIONAL;49154449.000000000000000000000000000000;
2024;ATLANTIDA;No Aplica; PROMOCION Y PROTECCION HUMANA;PROTECCION SOCIAL;Fondo Hondureño de Inversión Social;PROGRAMA DE INFRAESTRUCTURA PARA LA SEGURIDAD CIUDADANA;3856200.000000000000000000000000000000;
2024;ATLANTIDA;No Aplica; PROMOCION Y PROTECCION HUMANA;PROTECCION SOCIAL;Dirección Nacional del Programa Ciudad Mujer;SERVICIOS DE DESARROLLO EMPRESARIAL Y UN ENTORNO FAVORABLE PARA LAS EMPRESARIAS DE HONDURAS;1821917.000000000000000000000000000000;
2024;ATLANTIDA;No Aplica; PROMOCION Y PROTECCION HUMANA;PROTECCION SOCIAL;Programa de la Red Solidaria;FINANCIAMIENTO ADICIONAL AL PROYECTO DE INTEGRACIÓN DE LA PROTECCIÓN SOCIAL;12060000.000000000000000000000000000000;
2024;ATLANTIDA;No Aplica; PROMOCION Y PROTECCION HUMANA;PROTECCION SOCIAL;Programa de la Red Solidaria;PROGRAMA DE PROTECCIÓN SOCIAL (TRANSFERENCIAS MONETARIAS CONDICIONADAS) ;120505717.000000000000000000000000000000;
2024;ATLANTIDA;No Aplica; AGROFORESTAL Y TURISMO;RECURSOS FORESTAL Y AMBIENTE;Instituto Nacional de Conservación y Desarrollo Forestal;FORTALECIMIENTO DEL SISTEMA NACIONAL DE AREAS PROTEGIDAS DE HONDURAS- SINAPH (LIFEWEB);23710820.000000000000000000000000000000;
2024;ATLANTIDA;No Aplica; PROMOCION Y PROTECCION HUMANA;SALUD;Secretaría de Salud;PROYECTO DE RESPUESTA A EMERGENCIA HONDURAS COVID-19;8915991.000000000000000000000000000000;
2024;ATLANTIDA;No Aplica; PROMOCION Y PROTECCION HUMANA;SALUD;Secretaría de Salud;PROYECTO DE SERVICIOS ESENCIALES DE SALUD Y PREPARACIÓN ANTE EMERGENCIA;13550253.000000000000000000000000000000;
2024;ATLANTIDA;No Aplica; PROMOCION Y PROTECCION HUMANA;SALUD;Secretaría de Salud;RESPUESTA INMEDIATA DE SALUD PÚBLICA PARA CONTENER Y CONTROLAR EL CORONAVIRUS (COVID-19) Y MITIGAR SU EFECTO EN LA PRESTACIÓN DE SERVICIOS EN HONDURAS (RISP-HO-2);1595419.000000000000000000000000000000;
2024;ATLANTIDA;No Aplica; AGROFORESTAL Y TURISMO;DESARROLLO PRODUCTIVO;Secretaría de Agricultura y Ganadería;Integrando la Innovación para la Competitividad Rural (COMRURAL II)Tipo de proyecto: Inversión Pública;2661050.000000000000000000000000000000;
2024;ATLANTIDA;No Aplica; AGROFORESTAL Y TURISMO;DESARROLLO PRODUCTIVO;Secretaría de Agricultura y Ganadería;Integrando la Innovación para la Competitividad Rural (COMRURAL III);2325000.000000000000000000000000000000;
2024;ATLANTIDA;No Aplica; AGROFORESTAL Y TURISMO;DESARROLLO PRODUCTIVO;Secretaría de Agricultura y Ganadería;Proyecto de inclusión económica y social de pequeños productores rurales en la región noreste de Honduras (PROINORTE);6986911.000000000000000000000000000000;
2024;ATLANTIDA;No Aplica; AGROFORESTAL Y TURISMO;DESARROLLO PRODUCTIVO;Banco Nacional de Desarrollo Agrícola;Programa de Crédito para la Agroindustria y Cajas Rurales;38519028.000000000000000000000000000000;
2024;ATLANTIDA;No Aplica; COMUNICACIONES Y ENERGIA;TRANSPORTE Y OBRAS PUBLICAS;Fondo Hondureño de Inversión Social;Proyecto Recuperación de Emergencia a Causa de Ciclones Tropicales Eta e Iota en Honduras.;9163981.000000000000000000000000000000;
2024;CHOLUTECA;No Aplica; PROMOCION Y PROTECCION HUMANA;AGUA Y SANEAMIENTO;Secretaría de Desarrollo Comunitario, Agua y Saneamiento;PROGRAMA DE AGUA Y SANEAMIENTO EN HONDURAS;1000145.000000000000000000000000000000;
2024;CHOLUTECA;No Aplica; COMUNICACIONES Y ENERGIA;COMUNICACIONES;Comisión Nacional de Telecomunicaciones;Fortalecimiento Institucional, Ampliación y Modernización de las Capacidades Técnicas y Logísticas de CONATEL a nivel Nacional;2270908.000000000000000000000000000000;
2024;CHOLUTECA;No Aplica; PROMOCION Y PROTECCION HUMANA;EDUCACION;Secretaría de Gobernación, Justicia y Descentralización;Construcción y Reconstrucción de Centros Escolares a nivel nacional;52701324.000000000000000000000000000000;
2024;CHOLUTECA;No Aplica; PROMOCION Y PROTECCION HUMANA;EDUCACION;Secretaría de Educación;MEJORAMIENTO DE LA CALIDAD EN LA EDUCACIÓN PREBÁSICA EN HONDURAS;21984864.000000000000000000000000000000;
2024;CHOLUTECA;No Aplica; COMUNICACIONES Y ENERGIA;ENERGIA;Empresa Nacional de Energía Eléctrica;CONSTRUCCIÓN DE LA CENTRAL HIDROELÉCTRICA MOROLICA;254076121.000000000000000000000000000000;
2024;CHOLUTECA;No Aplica; FORTALECIMIENTO INSTITUCIONAL;MODERNIZACION DEL ESTADO;Servicio de Administración de Rentas;Fortalecimiento Institucional y Operativo de la Administración Tributaria;135205.000000000000000000000000000000;
2024;CHOLUTECA;No Aplica; FORTALECIMIENTO INSTITUCIONAL;MODERNIZACION DEL ESTADO;Registro Nacional de las Personas;Proyecto de Documento de Identificación Nacional para Menores;21247824.000000000000000000000000000000;
2024;CHOLUTECA;No Aplica; FORTALECIMIENTO INSTITUCIONAL;MODERNIZACION DEL ESTADO;Administración Aduanera de Honduras;PROYECTO DE FORTALECIMIENTO INSTITUCIONAL Y OPERATIVO DE LA ADMINISTRACIÓN ADUANERA;15009873.000000000000000000000000000000;
2024;CHOLUTECA;No Aplica; FORTALECIMIENTO INSTITUCIONAL;MODERNIZACION DEL ESTADO;Instituto Nacional de Estadísticas;PROGRAMA DE APOYO AL CENSO DE POBLACIÓN Y VIVIENDA Y FORTALECIMIENTO DEL SISTEMA ESTADÍSTICO NACIONAL;44256257.000000000000000000000000000000;
2024;CHOLUTECA;No Aplica; PROMOCION Y PROTECCION HUMANA;PROTECCION SOCIAL;Dirección Nacional del Programa Ciudad Mujer;SERVICIOS DE DESARROLLO EMPRESARIAL Y UN ENTORNO FAVORABLE PARA LAS EMPRESARIAS DE HONDURAS;1821917.000000000000000000000000000000;
2024;CHOLUTECA;No Aplica; PROMOCION Y PROTECCION HUMANA;PROTECCION SOCIAL;Programa de la Red Solidaria;FINANCIAMIENTO ADICIONAL AL PROYECTO DE INTEGRACIÓN DE LA PROTECCIÓN SOCIAL;70155000.000000000000000000000000000000;
2024;CHOLUTECA;No Aplica; PROMOCION Y PROTECCION HUMANA;PROTECCION SOCIAL;Programa de la Red Solidaria;PROGRAMA DE PROTECCIÓN SOCIAL (TRANSFERENCIAS MONETARIAS CONDICIONADAS) ;93170229.000000000000000000000000000000;
2024;CHOLUTECA;No Aplica; PROMOCION Y PROTECCION HUMANA;SALUD;Secretaría de Salud;Proyecto de Diseño, Construcción y Equipamiento del Hospital General de Choluteca y el Hospital de Tocoa, bajo modalidad llave en mano;240322313.000000000000000000000000000000;
2024;CHOLUTECA;No Aplica; PROMOCION Y PROTECCION HUMANA;SALUD;Secretaría de Salud;PROYECTO DE RESPUESTA A EMERGENCIA HONDURAS COVID-19;6688689.000000000000000000000000000000;
2024;CHOLUTECA;No Aplica; PROMOCION Y PROTECCION HUMANA;SALUD;Secretaría de Salud;PROYECTO DE SERVICIOS ESENCIALES DE SALUD Y PREPARACIÓN ANTE EMERGENCIA;13550253.000000000000000000000000000000;
2024;CHOLUTECA;No Aplica; AGROFORESTAL Y TURISMO;DESARROLLO PRODUCTIVO;Secretaría de Agricultura y Ganadería;ALIANZA PARA EL CORREDOR SECO (USAID- GAFSP);99413290.000000000000000000000000000000;
2024;CHOLUTECA;No Aplica; AGROFORESTAL Y TURISMO;DESARROLLO PRODUCTIVO;Secretaría de Agricultura y Ganadería;Fortalecimiento del Abastecimiento de Agua Urbana;2937500.000000000000000000000000000000;
2024;CHOLUTECA;No Aplica; AGROFORESTAL Y TURISMO;DESARROLLO PRODUCTIVO;Secretaría de Agricultura y Ganadería;Integrando la Innovación para la Competitividad Rural (COMRURAL II)Tipo de proyecto: Inversión Pública;6627900.000000000000000000000000000000;
2024;CHOLUTECA;No Aplica; AGROFORESTAL Y TURISMO;DESARROLLO PRODUCTIVO;Secretaría de Agricultura y Ganadería;Integrando la Innovación para la Competitividad Rural (COMRURAL III);620000.000000000000000000000000000000;
2024;CHOLUTECA;No Aplica; AGROFORESTAL Y TURISMO;DESARROLLO PRODUCTIVO;Secretaría de Agricultura y Ganadería;PROYECTO DE SEGURIDAD HIDRICA EN EL CORREDOR SECO DE HONDURAS;28537334.000000000000000000000000000000;
2024;CHOLUTECA;No Aplica; AGROFORESTAL Y TURISMO;DESARROLLO PRODUCTIVO;Banco Nacional de Desarrollo Agrícola;Programa de Crédito para la Agroindustria y Cajas Rurales;38519028.000000000000000000000000000000;
2024;CHOLUTECA;No Aplica; COMUNICACIONES Y ENERGIA;TRANSPORTE Y OBRAS PUBLICAS;Comisión Nacional de Deportes, Educación Física y Recreación;CONSTRUCCIÓN DE 2 COMPLEJOS DEPORTIVO MULTIDICIPLINARIOS ;313192202.000000000000000000000000000000;
2024;COLÓN;No Aplica; PROMOCION Y PROTECCION HUMANA;AGUA Y SANEAMIENTO;Secretaría de Desarrollo Comunitario, Agua y Saneamiento;PROGRAMA DE AGUA Y SANEAMIENTO EN HONDURAS;11950879.000000000000000000000000000000;
2024;COLÓN;No Aplica; COMUNICACIONES Y ENERGIA;COMUNICACIONES;Comisión Nacional de Telecomunicaciones;Fortalecimiento Institucional, Ampliación y Modernización de las Capacidades Técnicas y Logísticas de CONATEL a nivel Nacional;4541816.000000000000000000000000000000;
2024;COLÓN;No Aplica; AGROFORESTAL Y TURISMO;DESARROLLO PRODUCTIVO;Secretaría de Agricultura y Ganadería;Generación de empleo, Proyectos de riego (equipamiento), Comercialización de granos básicos, silvicultura.;59424056.000000000000000000000000000000;
2024;COLÓN;No Aplica; PROMOCION Y PROTECCION HUMANA;EDUCACION;Secretaría de Gobernación, Justicia y Descentralización;Construcción y Reconstrucción de Centros Escolares a nivel nacional;37323503.000000000000000000000000000000;
2024;COLÓN;No Aplica; PROMOCION Y PROTECCION HUMANA;EDUCACION;Secretaría de Educación;MEJORAMIENTO DE LA CALIDAD EN LA EDUCACIÓN PREBÁSICA EN HONDURAS;13740540.000000000000000000000000000000;
2024;COLÓN;No Aplica; PROMOCION Y PROTECCION HUMANA;EDUCACION;Secretaría de Educación;PROGRAMA DE RECONSTRUCCIÓN, AMPLIACIÓN Y REHABILITACIÓN DE INFRAESTRUCTURA EDUCATIVA E IMPLEMENTACIÓN DE HUERTOS ESCOLARES PRODUCTIVOS EN CENTROS EDUCATIVOS DE HONDURAS, FASE I.;16250000.000000000000000000000000000000;
2024;COLÓN;No Aplica; COMUNICACIONES Y ENERGIA;ENERGIA;Empresa Nacional de Energía Eléctrica;LÍNEA DE TRANSMISIÓN EL SITIO (SIT) - ZAMORANO (ZAM) -CHICHICASTE (CHI) -PATUCA III;93616163.000000000000000000000000000000;
2024;COLÓN;No Aplica; FORTALECIMIENTO INSTITUCIONAL;MODERNIZACION DEL ESTADO;Instituto de la Propiedad;Construcción de Edificio Regional en Trujillo, departamento de Colón;17500000.000000000000000000000000000000;
2024;COLÓN;No Aplica; FORTALECIMIENTO INSTITUCIONAL;MODERNIZACION DEL ESTADO;Servicio de Administración de Rentas;Fortalecimiento Institucional y Operativo de la Administración Tributaria;1485474.000000000000000000000000000000;
2024;COLÓN;No Aplica; FORTALECIMIENTO INSTITUCIONAL;MODERNIZACION DEL ESTADO;Registro Nacional de las Personas;Proyecto de Documento de Identificación Nacional para Menores;33830910.000000000000000000000000000000;
2024;COLÓN;No Aplica; FORTALECIMIENTO INSTITUCIONAL;MODERNIZACION DEL ESTADO;Administración Aduanera de Honduras;PROYECTO DE FORTALECIMIENTO INSTITUCIONAL Y OPERATIVO DE LA ADMINISTRACIÓN ADUANERA;12954904.000000000000000000000000000000;
2024;COLÓN;No Aplica; FORTALECIMIENTO INSTITUCIONAL;MODERNIZACION DEL ESTADO;Instituto Nacional de Estadísticas;PROGRAMA DE APOYO AL CENSO DE POBLACIÓN Y VIVIENDA Y FORTALECIMIENTO DEL SISTEMA ESTADÍSTICO NACIONAL;32775127.000000000000000000000000000000;
2024;COLÓN;No Aplica; PROMOCION Y PROTECCION HUMANA;PROTECCION SOCIAL;Programa de la Red Solidaria;FINANCIAMIENTO ADICIONAL AL PROYECTO DE INTEGRACIÓN DE LA PROTECCIÓN SOCIAL;9690000.000000000000000000000000000000;
2024;COLÓN;No Aplica; PROMOCION Y PROTECCION HUMANA;PROTECCION SOCIAL;Programa de la Red Solidaria;PROGRAMA DE PROTECCIÓN SOCIAL (TRANSFERENCIAS MONETARIAS CONDICIONADAS) ;36993442.000000000000000000000000000000;
2024;COLÓN;No Aplica; AGROFORESTAL Y TURISMO;RECURSOS FORESTAL Y AMBIENTE;Instituto Nacional de Conservación y Desarrollo Forestal;FORTALECIMIENTO DEL SISTEMA NACIONAL DE AREAS PROTEGIDAS DE HONDURAS- SINAPH (LIFEWEB);4742166.000000000000000000000000000000;
2024;COLÓN;No Aplica; PROMOCION Y PROTECCION HUMANA;SALUD;Secretaría de Salud;Proyecto de Diseño, Construcción y Equipamiento del Hospital General de Choluteca y el Hospital de Tocoa, bajo modalidad llave en mano;114351687.000000000000000000000000000000;
2024;COLÓN;No Aplica; PROMOCION Y PROTECCION HUMANA;SALUD;Secretaría de Salud;PROYECTO DE RESPUESTA A EMERGENCIA HONDURAS COVID-19;4461807.000000000000000000000000000000;
2024;COLÓN;No Aplica; PROMOCION Y PROTECCION HUMANA;SALUD;Secretaría de Salud;PROYECTO DE SERVICIOS ESENCIALES DE SALUD Y PREPARACIÓN ANTE EMERGENCIA;13550253.000000000000000000000000000000;
2024;COLÓN;No Aplica; AGROFORESTAL Y TURISMO;DESARROLLO PRODUCTIVO;Secretaría de Agricultura y Ganadería;Proyecto de inclusión económica y social de pequeños productores rurales en la región noreste de Honduras (PROINORTE);36404750.000000000000000000000000000000;
2024;COLÓN;No Aplica; AGROFORESTAL Y TURISMO;DESARROLLO PRODUCTIVO;Banco Nacional de Desarrollo Agrícola;Programa de Crédito para la Agroindustria y Cajas Rurales;38519028.000000000000000000000000000000;
2024;COLÓN;No Aplica; COMUNICACIONES Y ENERGIA;TRANSPORTE Y OBRAS PUBLICAS;Comisión Nacional de Deportes, Educación Física y Recreación;CONSTRUCCIÓN DE COMPLEJO DEPORTIVO MULTIDICIPLINARIO Y CANCHAS DEPORTIVAS A NIVEL NACIONAL;200000000.000000000000000000000000000000;
2024;COMAYAGUA;No Aplica; PROMOCION Y PROTECCION HUMANA;AGUA Y SANEAMIENTO;Secretaría de Desarrollo Comunitario, Agua y Saneamiento;PROGRAMA DE AGUA Y SANEAMIENTO EN HONDURAS;3200744.000000000000000000000000000000;
2024;COMAYAGUA;No Aplica; COMUNICACIONES Y ENERGIA;COMUNICACIONES;Comisión Nacional de Telecomunicaciones;Fortalecimiento Institucional, Ampliación y Modernización de las Capacidades Técnicas y Logísticas de CONATEL a nivel Nacional;4541816.000000000000000000000000000000;
2024;COMAYAGUA;No Aplica; AGROFORESTAL Y TURISMO;DESARROLLO PRODUCTIVO;Secretaría de Agricultura y Ganadería;Generación de empleo, Proyectos de riego (equipamiento), Comercialización de granos básicos, silvicultura.;73545361.004918000000000000000000000000;
2024;COMAYAGUA;No Aplica; PROMOCION Y PROTECCION HUMANA;EDUCACION;Fondo Hondureño de Inversión Social;PROGRAMA DE MEJORA DE LA INFRAESTRUCTURA ESCOLAR (PROMINE/KFW, FASE II);1618965.000000000000000000000000000000;
2024;COMAYAGUA;No Aplica; PROMOCION Y PROTECCION HUMANA;EDUCACION;Fondo Hondureño de Inversión Social;PROGRAMA DE MEJORAMIENTO INTEGRAL DE LA INFRAESTRUCTURA Y FORMACION EDUCATIVA EN HONDURAS;7067207.000000000000000000000000000000;
2024;COMAYAGUA;No Aplica; PROMOCION Y PROTECCION HUMANA;EDUCACION;Secretaría de Gobernación, Justicia y Descentralización;Construcción y Reconstrucción de Centros Escolares a nivel nacional;59426827.000000000000000000000000000000;
2024;COMAYAGUA;No Aplica; PROMOCION Y PROTECCION HUMANA;EDUCACION;Secretaría de Educación;MEJORAMIENTO DE LA CALIDAD EN LA EDUCACIÓN PREBÁSICA EN HONDURAS;28855134.000000000000000000000000000000;
2024;COMAYAGUA;No Aplica; PROMOCION Y PROTECCION HUMANA;EDUCACION;Secretaría de Educación;PROGRAMA DE MEJORA DE LA INFRAESTRUCTURA ESCOLAR (PROMINE/KFW, FASE II);1227273.000000000000000000000000000000;
2024;COMAYAGUA;No Aplica; PROMOCION Y PROTECCION HUMANA;EDUCACION;Secretaría de Educación;PROGRAMA DE RECONSTRUCCIÓN, AMPLIACIÓN Y REHABILITACIÓN DE INFRAESTRUCTURA EDUCATIVA E IMPLEMENTACIÓN DE HUERTOS ESCOLARES PRODUCTIVOS EN CENTROS EDUCATIVOS DE HONDURAS, FASE I.;6500000.000000000000000000000000000000;
2024;COMAYAGUA;No Aplica; COMUNICACIONES Y ENERGIA;ENERGIA;Empresa Nacional de Energía Eléctrica;APOYO AL PROGRAMA NACIONAL DE TRANSMISIÓN DE ENERGÍA ELÉCTRICA;43117413.000000000000000000000000000000;
2024;COMAYAGUA;No Aplica; FORTALECIMIENTO INSTITUCIONAL;MODERNIZACION DEL ESTADO;Servicio de Administración de Rentas;Fortalecimiento Institucional y Operativo de la Administración Tributaria;207021.000000000000000000000000000000;
2024;COMAYAGUA;No Aplica; FORTALECIMIENTO INSTITUCIONAL;MODERNIZACION DEL ESTADO;Registro Nacional de las Personas;Proyecto de Documento de Identificación Nacional para Menores;25438827.000000000000000000000000000000;
2024;COMAYAGUA;No Aplica; FORTALECIMIENTO INSTITUCIONAL;MODERNIZACION DEL ESTADO;Administración Aduanera de Honduras;PROYECTO DE FORTALECIMIENTO INSTITUCIONAL Y OPERATIVO DE LA ADMINISTRACIÓN ADUANERA;30973213.000000000000000000000000000000;
2024;COMAYAGUA;No Aplica; FORTALECIMIENTO INSTITUCIONAL;MODERNIZACION DEL ESTADO;Instituto Nacional de Estadísticas;PROGRAMA DE APOYO AL CENSO DE POBLACIÓN Y VIVIENDA Y FORTALECIMIENTO DEL SISTEMA ESTADÍSTICO NACIONAL;54303207.000000000000000000000000000000;
2024;COMAYAGUA;No Aplica; FORTALECIMIENTO INSTITUCIONAL;MODERNIZACION DEL ESTADO;Instituto Hondureño de Ciencia, Tecnología e Innovación;Instalación de Parque Tecnológico para la producción de insumos de bioseguridad y transferencia de conocimiento a jóvenes estudiantes de bajos recursos, ubicado en Aldea Flores, Villa de San Antonio, Comayagua.;1300000.000000000000000000000000000000;
2024;COMAYAGUA;No Aplica; PROMOCION Y PROTECCION HUMANA;PROTECCION SOCIAL;Programa de la Red Solidaria;FINANCIAMIENTO ADICIONAL AL PROYECTO DE INTEGRACIÓN DE LA PROTECCIÓN SOCIAL;32200000.000000000000000000000000000000;
2024;COMAYAGUA;No Aplica; PROMOCION Y PROTECCION HUMANA;PROTECCION SOCIAL;Programa de la Red Solidaria;PROGRAMA DE PROTECCIÓN SOCIAL (TRANSFERENCIAS MONETARIAS CONDICIONADAS) ;88445712.000000000000000000000000000000;
2024;COMAYAGUA;No Aplica; AGROFORESTAL Y TURISMO;RECURSOS FORESTAL Y AMBIENTE;Programa de la Red Solidaria;MANEJO SOSTENIBLE DE BOSQUES;13713426.000000000000000000000000000000;
2024;COMAYAGUA;No Aplica; AGROFORESTAL Y TURISMO;RECURSOS FORESTAL Y AMBIENTE;Universidad Nacional de Ciencias Forestales;6 Iniciativas de Proyectos;34381558.000000000000000000000000000000;
2024;COMAYAGUA;No Aplica; PROMOCION Y PROTECCION HUMANA;SALUD;Secretaría de Salud;PROYECTO DE RESPUESTA A EMERGENCIA HONDURAS COVID-19;6325493.000000000000000000000000000000;
2024;COMAYAGUA;No Aplica; PROMOCION Y PROTECCION HUMANA;SALUD;Secretaría de Salud;PROYECTO DE SERVICIOS ESENCIALES DE SALUD Y PREPARACIÓN ANTE EMERGENCIA;13550253.000000000000000000000000000000;
2024;COMAYAGUA;No Aplica; AGROFORESTAL Y TURISMO;DESARROLLO PRODUCTIVO;Secretaría de Agricultura y Ganadería;Fortalecimiento del Abastecimiento de Agua Urbana;22302677.000000000000000000000000000000;
2024;COMAYAGUA;No Aplica; AGROFORESTAL Y TURISMO;DESARROLLO PRODUCTIVO;Secretaría de Agricultura y Ganadería;Integrando la Innovación para la Competitividad Rural (COMRURAL II)Tipo de proyecto: Inversión Pública;11525000.000000000000000000000000000000;
2024;COMAYAGUA;No Aplica; AGROFORESTAL Y TURISMO;DESARROLLO PRODUCTIVO;Secretaría de Agricultura y Ganadería;Integrando la Innovación para la Competitividad Rural (COMRURAL III);39782500.000000000000000000000000000000;
2024;COMAYAGUA;No Aplica; AGROFORESTAL Y TURISMO;DESARROLLO PRODUCTIVO;Banco Nacional de Desarrollo Agrícola;Programa de Crédito para la Agroindustria y Cajas Rurales;38519028.000000000000000000000000000000;
2024;COMAYAGUA;No Aplica; COMUNICACIONES Y ENERGIA;TRANSPORTE Y OBRAS PUBLICAS;Fondo Hondureño de Inversión Social;Proyecto Recuperación de Emergencia a Causa de Ciclones Tropicales Eta e Iota en Honduras.;35038030.000000000000000000000000000000;
2024;COPÁN;No Aplica; COMUNICACIONES Y ENERGIA;CARRETERAS;Secretaría de Infraestructura y Transporte;REHABILITACIÓN CON CONCRETO HIDRÁULICO DE LA CARRETERA DE OCCIDENTE, TRAMO: CUCUYAGUA -OCOTEPEQUE - EL POY - OCOTEPEQUE - AGUA CALIENTE (CA-4, CA-10), CON UNA LONGITUD DE 93.6 KM;53756722.000000000000000000000000000000;
2024;COPÁN;No Aplica; COMUNICACIONES Y ENERGIA;CARRETERAS;Secretaría de Infraestructura y Transporte;Santa Rosa - Cucuyagua:Falla del Tramo Cucuyagua-Santa Rosa;478260000.000000000000000000000000000000;
2024;COPÁN;No Aplica; COMUNICACIONES Y ENERGIA;COMUNICACIONES;Comisión Nacional de Telecomunicaciones;Fortalecimiento Institucional, Ampliación y Modernización de las Capacidades Técnicas y Logísticas de CONATEL a nivel Nacional;4541816.000000000000000000000000000000;
2024;COPÁN;No Aplica; AGROFORESTAL Y TURISMO;DESARROLLO PRODUCTIVO;Secretaría de Agricultura y Ganadería;Generación de empleo, Proyectos de riego (equipamiento), Comercialización de granos básicos, silvicultura.;76386559.000000000000000000000000000000;
2024;COPÁN;No Aplica; PROMOCION Y PROTECCION HUMANA;EDUCACION;Fondo Hondureño de Inversión Social;PROGRAMA DE MEJORA DE LA INFRAESTRUCTURA ESCOLAR (PROMINE/KFW, FASE II);13443149.000000000000000000000000000000;
2024;COPÁN;No Aplica; PROMOCION Y PROTECCION HUMANA;EDUCACION;Fondo Hondureño de Inversión Social;PROGRAMA DE MEJORAMIENTO INTEGRAL DE LA INFRAESTRUCTURA Y FORMACION EDUCATIVA EN HONDURAS;24165723.000000000000000000000000000000;
2024;COPÁN;No Aplica; PROMOCION Y PROTECCION HUMANA;EDUCACION;Secretaría de Gobernación, Justicia y Descentralización;Construcción y Reconstrucción de Centros Escolares a nivel nacional;44685571.000000000000000000000000000000;
2024;COPÁN;No Aplica; PROMOCION Y PROTECCION HUMANA;EDUCACION;Secretaría de Educación;MEJORAMIENTO DE LA CALIDAD EN LA EDUCACIÓN PREBÁSICA EN HONDURAS;57125283.000000000000000000000000000000;
2024;COPÁN;No Aplica; PROMOCION Y PROTECCION HUMANA;EDUCACION;Secretaría de Educación;PROGRAMA DE MEJORA DE LA INFRAESTRUCTURA ESCOLAR (PROMINE/KFW, FASE II);385933.000000000000000000000000000000;
2024;COPÁN;No Aplica; PROMOCION Y PROTECCION HUMANA;EDUCACION;Programa de la Red Solidaria;Mejora de la Calidad Educativa para el Desarrollo de Habilidades para el Empleo: Proyecto Joven;64374692.000000000000000000000000000000;
2024;COPÁN;No Aplica; FORTALECIMIENTO INSTITUCIONAL;MODERNIZACION DEL ESTADO;Instituto de la Propiedad;Construcción de Edificio Regional en Santa Rosa de Copán, departamento de Copán;25000000.000000000000000000000000000000;
2024;COPÁN;No Aplica; FORTALECIMIENTO INSTITUCIONAL;MODERNIZACION DEL ESTADO;Servicio de Administración de Rentas;Fortalecimiento Institucional y Operativo de la Administración Tributaria;75857.000000000000000000000000000000;
2024;COPÁN;No Aplica; FORTALECIMIENTO INSTITUCIONAL;MODERNIZACION DEL ESTADO;Registro Nacional de las Personas;Proyecto de Documento de Identificación Nacional para Menores;107114189.000000000000000000000000000000;
2024;COPÁN;No Aplica; FORTALECIMIENTO INSTITUCIONAL;MODERNIZACION DEL ESTADO;Administración Aduanera de Honduras;PROYECTO DE FORTALECIMIENTO INSTITUCIONAL Y OPERATIVO DE LA ADMINISTRACIÓN ADUANERA;8152489.000000000000000000000000000000;
2024;COPÁN;No Aplica; FORTALECIMIENTO INSTITUCIONAL;MODERNIZACION DEL ESTADO;Instituto Nacional de Estadísticas;PROGRAMA DE APOYO AL CENSO DE POBLACIÓN Y VIVIENDA Y FORTALECIMIENTO DEL SISTEMA ESTADÍSTICO NACIONAL;40105743.000000000000000000000000000000;
2024;COPÁN;No Aplica; PROMOCION Y PROTECCION HUMANA;PROTECCION SOCIAL;Programa de la Red Solidaria;PROGRAMA DE PROTECCIÓN SOCIAL (TRANSFERENCIAS MONETARIAS CONDICIONADAS) ;37314152.000000000000000000000000000000;
2024;COPÁN;No Aplica; PROMOCION Y PROTECCION HUMANA;SALUD;Secretaría de Salud;APOYO AL SISTEMA INTEGRAL DE PROTECCIÓN SOCIAL 5008/BL-HO;18956657.000000000000000000000000000000;
2024;COPÁN;No Aplica; PROMOCION Y PROTECCION HUMANA;SALUD;Secretaría de Salud;PROYECTO DE RESPUESTA A EMERGENCIA HONDURAS COVID-19;315949.000000000000000000000000000000;
2024;COPÁN;No Aplica; PROMOCION Y PROTECCION HUMANA;SALUD;Secretaría de Salud;PROYECTO DE SERVICIOS ESENCIALES DE SALUD Y PREPARACIÓN ANTE EMERGENCIA;13550253.000000000000000000000000000000;
2024;COPÁN;No Aplica; PROMOCION Y PROTECCION HUMANA;SALUD;Programa de la Red Solidaria;PROYECTO DE MEJORA DE LA GESTION Y CALIDAD DE LOS SERVICIOS DE SALUD MATERNO-NEONATAL;457490239.000000000000000000000000000000;
2024;COPÁN;No Aplica; AGROFORESTAL Y TURISMO;DESARROLLO PRODUCTIVO;Secretaría de Agricultura y Ganadería;Fortalecimiento del Abastecimiento de Agua Urbana;23688001.000000000000000000000000000000;
2024;COPÁN;No Aplica; AGROFORESTAL Y TURISMO;DESARROLLO PRODUCTIVO;Secretaría de Agricultura y Ganadería;Integrando la Innovación para la Competitividad Rural (COMRURAL II)Tipo de proyecto: Inversión Pública;16330040.000000000000000000000000000000;
2024;COPÁN;No Aplica; AGROFORESTAL Y TURISMO;DESARROLLO PRODUCTIVO;Secretaría de Agricultura y Ganadería;Integrando la Innovación para la Competitividad Rural (COMRURAL III);20582500.000000000000000000000000000000;
2024;COPÁN;No Aplica; AGROFORESTAL Y TURISMO;DESARROLLO PRODUCTIVO;Secretaría de Agricultura y Ganadería;PROYECTO INTEGRAL DE DESARROLLO RURAL Y PRODUCTIVIDAD;48130663.000000000000000000000000000000;
2024;COPÁN;No Aplica; AGROFORESTAL Y TURISMO;DESARROLLO PRODUCTIVO;Banco Nacional de Desarrollo Agrícola;Programa de Crédito para la Agroindustria y Cajas Rurales;38519028.000000000000000000000000000000;
2024;COPÁN;No Aplica; COMUNICACIONES Y ENERGIA;TRANSPORTE Y OBRAS PUBLICAS;Fondo Hondureño de Inversión Social;ACTIVIDAD PILOTO DE INFRAESTRUCTURA EN EL OCCIDENTE DE HONDURAS;11274772.000000000000000000000000000000;
2024;COPÁN;No Aplica; COMUNICACIONES Y ENERGIA;TRANSPORTE Y OBRAS PUBLICAS;Fondo Hondureño de Inversión Social;PROYECTO CONVIVENCIA Y ESPACIOS SEGUROS PARA LOS JÓVENES EN HONDURAS;12723792.000000000000000000000000000000;
2024;COPÁN;No Aplica; COMUNICACIONES Y ENERGIA;TRANSPORTE Y OBRAS PUBLICAS;Fondo Hondureño de Inversión Social;Proyecto Recuperación de Emergencia a Causa de Ciclones Tropicales Eta e Iota en Honduras.;36386819.000000000000000000000000000000;
2024;CORTES;No Aplica; COMUNICACIONES Y ENERGIA;CARRETERAS;Secretaría de Infraestructura y Transporte;Arco Oeste SPS Búfalo-Bijao (54 km);1318823297.000000000000000000000000000000;
2024;CORTES;No Aplica; COMUNICACIONES Y ENERGIA;CARRETERAS;Secretaría de Infraestructura y Transporte;Construcción de Varios Tramos Carreteros a Nivel Nacional;2118737408.000000000000000000000000000000;
2024;CORTES;No Aplica; COMUNICACIONES Y ENERGIA;CARRETERAS;Secretaría de Infraestructura y Transporte;Libramiento (interconector) San Pedro Sula- Occidente (27 km);904133809.000000000000000000000000000000;
2024;CORTES;No Aplica; COMUNICACIONES Y ENERGIA;CARRETERAS;Secretaría de Infraestructura y Transporte;Pavimentación con Concreto Hidráulico del tramo Carretero Amapa - San Antonio de Cortés (R90) con una Longitud de 9.645 Km, ubicado en el Municipio de San Antonio de Cortés, Departamento de Cortés.;103062021.000000000000000000000000000000;
2024;CORTES;No Aplica; COMUNICACIONES Y ENERGIA;CARRETERAS;Secretaría de Infraestructura y Transporte;Pavimentación con Concreto Hidráulico del tramo Carretero Peña Blanca - Los Naranjos (R72) con una Longitud de 2.872KM, ubicado en el Municipio de Santa Cruz de Yojoa, Departamento de Cortés.;22518605.000000000000000000000000000000;
2024;CORTES;No Aplica; COMUNICACIONES Y ENERGIA;COMUNICACIONES;Comisión Nacional de Telecomunicaciones;Fortalecimiento Institucional, Ampliación y Modernización de las Capacidades Técnicas y Logísticas de CONATEL a nivel Nacional;6812724.000000000000000000000000000000;
2024;CORTES;No Aplica; AGROFORESTAL Y TURISMO;DESARROLLO PRODUCTIVO;Secretaría de Agricultura y Ganadería;Generación de empleo, Proyectos de riego (equipamiento), Comercialización de granos básicos, silvicultura.;240263882.000000000000000000000000000000;
2024;CORTES;No Aplica; PROMOCION Y PROTECCION HUMANA;EDUCACION;Fondo Hondureño de Inversión Social;PROGRAMA DE MEJORAMIENTO INTEGRAL DE LA INFRAESTRUCTURA Y FORMACION EDUCATIVA EN HONDURAS;42886620.000000000000000000000000000000;
2024;CORTES;No Aplica; PROMOCION Y PROTECCION HUMANA;EDUCACION;Secretaría de Gobernación, Justicia y Descentralización;Construcción y Reconstrucción de Centros Escolares a nivel nacional;188154401.000000000000000000000000000000;
2024;CORTES;No Aplica; PROMOCION Y PROTECCION HUMANA;EDUCACION;Secretaría de Educación;MEJORAMIENTO DE LA CALIDAD EN LA EDUCACIÓN PREBÁSICA EN HONDURAS;16488648.000000000000000000000000000000;
2024;CORTES;No Aplica; PROMOCION Y PROTECCION HUMANA;EDUCACION;Secretaría de Educación;PROGRAMA DE RECONSTRUCCIÓN, AMPLIACIÓN Y REHABILITACIÓN DE INFRAESTRUCTURA EDUCATIVA E IMPLEMENTACIÓN DE HUERTOS ESCOLARES PRODUCTIVOS EN CENTROS EDUCATIVOS DE HONDURAS, FASE I.;6500000.000000000000000000000000000000;
2024;CORTES;No Aplica; COMUNICACIONES Y ENERGIA;ENERGIA;Empresa Nacional de Energía Eléctrica;APOYO AL PROGRAMA NACIONAL DE TRANSMISIÓN DE ENERGÍA ELÉCTRICA;589339771.000000000000000000000000000000;
2024;CORTES;No Aplica; COMUNICACIONES Y ENERGIA;ENERGIA;Empresa Nacional de Energía Eléctrica;CONSTRUCCIÓN DE LA CENTRAL HIDROELÉCTRICA EL TABLÓN;85398508.000000000000000000000000000000;
2024;CORTES;No Aplica; COMUNICACIONES Y ENERGIA;ENERGIA;Empresa Nacional de Energía Eléctrica;LÍNEA DE TRANSMISIÓN EL SITIO (SIT) - ZAMORANO (ZAM) -CHICHICASTE (CHI) -PATUCA III;93616163.000000000000000000000000000000;
2024;CORTES;No Aplica; COMUNICACIONES Y ENERGIA;ENERGIA;Empresa Nacional de Energía Eléctrica;PROYECTO DE REHABILITACIÓN Y REPOTENCIACIÓN DEL COMPLEJO HIDROELÉCTRICO CAÑAVERAL-RÍO LINDO;383885541.000000000000000000000000000000;
2024;CORTES;No Aplica; COMUNICACIONES Y ENERGIA;ENERGIA;Empresa Nacional de Energía Eléctrica;RENOVACION DE LA CENTRAL HIDROELECTRICA FRANCISCO MORAZÁN PARA FACILITAR EL ACCESO A ENERGIAS RENOVABLES;328676475.000000000000000000000000000000;
2024;CORTES;No Aplica; FORTALECIMIENTO INSTITUCIONAL;MODERNIZACION DEL ESTADO;Servicio de Administración de Rentas;Fortalecimiento Institucional y Operativo de la Administración Tributaria;1540924.000000000000000000000000000000;
2024;CORTES;No Aplica; FORTALECIMIENTO INSTITUCIONAL;MODERNIZACION DEL ESTADO;Registro Nacional de las Personas;Proyecto de Documento de Identificación Nacional para Menores;30002098.000000000000000000000000000000;
2024;CORTES;No Aplica; FORTALECIMIENTO INSTITUCIONAL;MODERNIZACION DEL ESTADO;Administración Aduanera de Honduras;PROYECTO DE FORTALECIMIENTO INSTITUCIONAL Y OPERATIVO DE LA ADMINISTRACIÓN ADUANERA;205064552.000000000000000000000000000000;
2024;CORTES;No Aplica; FORTALECIMIENTO INSTITUCIONAL;MODERNIZACION DEL ESTADO;Dirección de Gestión por Resultados;Proyecto Transformación Digital para una Mayor Competitividad;80237106.000000000000000000000000000000;
2024;CORTES;No Aplica; FORTALECIMIENTO INSTITUCIONAL;MODERNIZACION DEL ESTADO;Instituto Nacional de Estadísticas;PROGRAMA DE APOYO AL CENSO DE POBLACIÓN Y VIVIENDA Y FORTALECIMIENTO DEL SISTEMA ESTADÍSTICO NACIONAL;188540226.000000000000000000000000000000;
2024;CORTES;No Aplica; FORTALECIMIENTO INSTITUCIONAL;MODERNIZACION DEL ESTADO;Instituto Hondureño de Ciencia, Tecnología e Innovación;Acondicionamiento y Equipamiento de Espacios Comunitarios de la Ciencia, Tecnología e Innovación ubicados en Iriona (Colón), La Esperanza (Intibucá) y Tegucigalpa (Francisco Morazán).;400000.000000000000000000000000000000;
2024;CORTES;No Aplica; PROMOCION Y PROTECCION HUMANA;PROTECCION SOCIAL;Fondo Hondureño de Inversión Social;PROGRAMA DE INFRAESTRUCTURA PARA LA SEGURIDAD CIUDADANA;28874106.000000000000000000000000000000;
2024;CORTES;No Aplica; PROMOCION Y PROTECCION HUMANA;PROTECCION SOCIAL;Dirección Nacional del Programa Ciudad Mujer;SERVICIOS DE DESARROLLO EMPRESARIAL Y UN ENTORNO FAVORABLE PARA LAS EMPRESARIAS DE HONDURAS;3643834.000000000000000000000000000000;
2024;CORTES;No Aplica; PROMOCION Y PROTECCION HUMANA;PROTECCION SOCIAL;Programa de la Red Solidaria;PROGRAMA DE PROTECCIÓN SOCIAL (TRANSFERENCIAS MONETARIAS CONDICIONADAS) ;439259091.000000000000000000000000000000;
2024;CORTES;No Aplica; PROMOCION Y PROTECCION HUMANA;PROTECCION SOCIAL;Instituto Hondureño para la Prevención del Alcoholismo, Drogadicción y Farmacodependencia;Primer Centro Nacional de Tratamiento de Adicciones de HoNDURAS (CENATRAH);52869676.000000000000000000000000000000;
2024;CORTES;No Aplica; AGROFORESTAL Y TURISMO;RECURSOS FORESTAL Y AMBIENTE;Instituto Nacional de Conservación y Desarrollo Forestal;FORTALECIMIENTO DEL SISTEMA NACIONAL DE AREAS PROTEGIDAS DE HONDURAS- SINAPH (LIFEWEB);4742166.000000000000000000000000000000;
2024;CORTES;No Aplica; AGROFORESTAL Y TURISMO;RECURSOS FORESTAL Y AMBIENTE;Secretaría de Recursos Naturales y Ambiente;Limpieza y rehabilitación de cuencas hidrográficas, Recuperación de manglares, corales, etc., Recuperación (rescate) Lago de Yojoa, SERNA otras iniciativas de proyectos. ;500000000.000000000000000000000000000000;
2024;CORTES;No Aplica; PROMOCION Y PROTECCION HUMANA;SALUD;Secretaría de Salud;PROGRAMA DE CONSTRUCCIÓN Y EQUIPAMIENTO DE TRES HOSPITALES (TEGUCIGALPA, SAN PEDRO SULA Y ROATÁN) PARA EL FORTALECIMIENTO DE LA RED HOSPITALARIA EN HONDURAS;550000000.000000000000000000000000000000;
2024;CORTES;No Aplica; PROMOCION Y PROTECCION HUMANA;SALUD;Secretaría de Salud;PROYECTO DE RESPUESTA A EMERGENCIA HONDURAS COVID-19;8018348.000000000000000000000000000000;
2024;CORTES;No Aplica; PROMOCION Y PROTECCION HUMANA;SALUD;Secretaría de Salud;PROYECTO DE SERVICIOS ESENCIALES DE SALUD Y PREPARACIÓN ANTE EMERGENCIA;13550253.000000000000000000000000000000;
2024;CORTES;No Aplica; PROMOCION Y PROTECCION HUMANA;SALUD;Secretaría de Salud;RESPUESTA INMEDIATA DE SALUD PÚBLICA PARA CONTENER Y CONTROLAR EL CORONAVIRUS (COVID-19) Y MITIGAR SU EFECTO EN LA PRESTACIÓN DE SERVICIOS EN HONDURAS (RISP-HO-2);47212396.000000000000000000000000000000;
2024;CORTES;No Aplica; PROMOCION Y PROTECCION HUMANA;SALUD;Programa de la Red Solidaria;PROYECTO DE MEJORA DE LA GESTION Y CALIDAD DE LOS SERVICIOS DE SALUD MATERNO-NEONATAL;1200000.000000000000000000000000000000;
2024;CORTES;No Aplica; AGROFORESTAL Y TURISMO;DESARROLLO PRODUCTIVO;Secretaría de Agricultura y Ganadería;Fortalecimiento del Abastecimiento de Agua Urbana;29326827.000000000000000000000000000000;
2024;CORTES;No Aplica; AGROFORESTAL Y TURISMO;DESARROLLO PRODUCTIVO;Banco Nacional de Desarrollo Agrícola;Programa de Crédito para la Agroindustria y Cajas Rurales;38519028.000000000000000000000000000000;
2024;CORTES;No Aplica; COMUNICACIONES Y ENERGIA;TRANSPORTE Y OBRAS PUBLICAS;Fondo Hondureño de Inversión Social;Proyecto Recuperación de Emergencia a Causa de Ciclones Tropicales Eta e Iota en Honduras.;80429619.000000000000000000000000000000;
2024;CORTES;No Aplica; COMUNICACIONES Y ENERGIA;TRANSPORTE Y OBRAS PUBLICAS;Secretaría de Infraestructura y Transporte;Estudio y Construcción del Ferrocarril Interoceánico;500000000.000000000000000000000000000000;
2024;CORTES;No Aplica; COMUNICACIONES Y ENERGIA;TRANSPORTE Y OBRAS PUBLICAS;Empresa Nacional Portuaria;Ampliación de la Terminal Marítima de Graneles Líquidos de Puerto Cortes;128000000.000000000000000000000000000000;
2024;CORTES;No Aplica; COMUNICACIONES Y ENERGIA;TRANSPORTE Y OBRAS PUBLICAS;Empresa Nacional Portuaria;DISEÑO Y CONSTRUCCION DE PARQUE LINEAL MALECON DE PUERTO CORTÉS;37000000.000000000000000000000000000000;
2024;EL PARAISO;No Aplica; COMUNICACIONES Y ENERGIA;CARRETERAS;Secretaría de Infraestructura y Transporte;Danlí-Trojes (estimado 77 km);234100160.000000000000000000000000000000;
2024;EL PARAISO;No Aplica; COMUNICACIONES Y ENERGIA;COMUNICACIONES;Comisión Nacional de Telecomunicaciones;Fortalecimiento Institucional, Ampliación y Modernización de las Capacidades Técnicas y Logísticas de CONATEL a nivel Nacional;2270908.000000000000000000000000000000;
2024;EL PARAISO;No Aplica; AGROFORESTAL Y TURISMO;DESARROLLO PRODUCTIVO;Secretaría de Agricultura y Ganadería;Generación de empleo, Proyectos de riego (equipamiento), Comercialización de granos básicos, silvicultura.;112144256.000000000000000000000000000000;
2024;EL PARAISO;No Aplica; PROMOCION Y PROTECCION HUMANA;EDUCACION;Fondo Hondureño de Inversión Social;PROGRAMA DE MEJORAMIENTO INTEGRAL DE LA INFRAESTRUCTURA Y FORMACION EDUCATIVA EN HONDURAS;13341008.000000000000000000000000000000;
2024;EL PARAISO;No Aplica; PROMOCION Y PROTECCION HUMANA;EDUCACION;Secretaría de Gobernación, Justicia y Descentralización;Construcción y Reconstrucción de Centros Escolares a nivel nacional;53530708.000000000000000000000000000000;
2024;EL PARAISO;No Aplica; PROMOCION Y PROTECCION HUMANA;EDUCACION;Secretaría de Educación;MEJORAMIENTO DE LA CALIDAD EN LA EDUCACIÓN PREBÁSICA EN HONDURAS;47922604.000000000000000000000000000000;
2024;EL PARAISO;No Aplica; PROMOCION Y PROTECCION HUMANA;EDUCACION;Secretaría de Educación;PROGRAMA DE RECONSTRUCCIÓN, AMPLIACIÓN Y REHABILITACIÓN DE INFRAESTRUCTURA EDUCATIVA E IMPLEMENTACIÓN DE HUERTOS ESCOLARES PRODUCTIVOS EN CENTROS EDUCATIVOS DE HONDURAS, FASE I.;3250000.000000000000000000000000000000;
2024;EL PARAISO;No Aplica; COMUNICACIONES Y ENERGIA;ENERGIA;Empresa Nacional de Energía Eléctrica;LÍNEA DE TRANSMISIÓN EL SITIO (SIT) - ZAMORANO (ZAM) -CHICHICASTE (CHI) -PATUCA III;93616163.000000000000000000000000000000;
2024;EL PARAISO;No Aplica; FORTALECIMIENTO INSTITUCIONAL;MODERNIZACION DEL ESTADO;Servicio de Administración de Rentas;Fortalecimiento Institucional y Operativo de la Administración Tributaria;582940.000000000000000000000000000000;
2024;EL PARAISO;No Aplica; FORTALECIMIENTO INSTITUCIONAL;MODERNIZACION DEL ESTADO;Registro Nacional de las Personas;Proyecto de Documento de Identificación Nacional para Menores;30474392.000000000000000000000000000000;
2024;EL PARAISO;No Aplica; FORTALECIMIENTO INSTITUCIONAL;MODERNIZACION DEL ESTADO;Administración Aduanera de Honduras;PROYECTO DE FORTALECIMIENTO INSTITUCIONAL Y OPERATIVO DE LA ADMINISTRACIÓN ADUANERA;19694843.000000000000000000000000000000;
2024;EL PARAISO;No Aplica; FORTALECIMIENTO INSTITUCIONAL;MODERNIZACION DEL ESTADO;Instituto Nacional de Estadísticas;PROGRAMA DE APOYO AL CENSO DE POBLACIÓN Y VIVIENDA Y FORTALECIMIENTO DEL SISTEMA ESTADÍSTICO NACIONAL;47552123.000000000000000000000000000000;
2024;EL PARAISO;No Aplica; PROMOCION Y PROTECCION HUMANA;PROTECCION SOCIAL;Programa de la Red Solidaria;FINANCIAMIENTO ADICIONAL AL PROYECTO DE INTEGRACIÓN DE LA PROTECCIÓN SOCIAL;91350000.000000000000000000000000000000;
2024;EL PARAISO;No Aplica; PROMOCION Y PROTECCION HUMANA;PROTECCION SOCIAL;Programa de la Red Solidaria;PROGRAMA DE PROTECCIÓN SOCIAL (TRANSFERENCIAS MONETARIAS CONDICIONADAS) ;8640233.000000000000000000000000000000;
2024;EL PARAISO;No Aplica; PROMOCION Y PROTECCION HUMANA;SALUD;Secretaría de Salud;PROYECTO DE RESPUESTA A EMERGENCIA HONDURAS COVID-19;4461807.000000000000000000000000000000;
2024;EL PARAISO;No Aplica; PROMOCION Y PROTECCION HUMANA;SALUD;Secretaría de Salud;PROYECTO DE SERVICIOS ESENCIALES DE SALUD Y PREPARACIÓN ANTE EMERGENCIA;13550253.000000000000000000000000000000;
2024;EL PARAISO;No Aplica; AGROFORESTAL Y TURISMO;DESARROLLO PRODUCTIVO;Secretaría de Agricultura y Ganadería;ALIANZA PARA EL CORREDOR SECO (USAID- GAFSP);18185477.000000000000000000000000000000;
2024;EL PARAISO;No Aplica; AGROFORESTAL Y TURISMO;DESARROLLO PRODUCTIVO;Secretaría de Agricultura y Ganadería;Fortalecimiento del Abastecimiento de Agua Urbana;18835501.000000000000000000000000000000;
2024;EL PARAISO;No Aplica; AGROFORESTAL Y TURISMO;DESARROLLO PRODUCTIVO;Secretaría de Agricultura y Ganadería;Integrando la Innovación para la Competitividad Rural (COMRURAL II)Tipo de proyecto: Inversión Pública;14513950.000000000000000000000000000000;
2024;EL PARAISO;No Aplica; AGROFORESTAL Y TURISMO;DESARROLLO PRODUCTIVO;Secretaría de Agricultura y Ganadería;Integrando la Innovación para la Competitividad Rural (COMRURAL III);5885000.000000000000000000000000000000;
2024;EL PARAISO;No Aplica; AGROFORESTAL Y TURISMO;DESARROLLO PRODUCTIVO;Banco Nacional de Desarrollo Agrícola;Programa de Crédito para la Agroindustria y Cajas Rurales;38519028.000000000000000000000000000000;
2024;EL PARAISO;No Aplica; COMUNICACIONES Y ENERGIA;TRANSPORTE Y OBRAS PUBLICAS;Fondo Hondureño de Inversión Social;Proyecto Recuperación de Emergencia a Causa de Ciclones Tropicales Eta e Iota en Honduras.;1720015.000000000000000000000000000000;
2024;FRANCISCO MORAZAN;No Aplica; PROMOCION Y PROTECCION HUMANA;AGUA Y SANEAMIENTO;Secretaría de Desarrollo Comunitario, Agua y Saneamiento;CONSTRUCCIÓN DE REPRESAS PARA AGUA POTABLE;1038568334.000000000000000000000000000000;
2024;FRANCISCO MORAZAN;No Aplica; PROMOCION Y PROTECCION HUMANA;AGUA Y SANEAMIENTO;Secretaría de Desarrollo Comunitario, Agua y Saneamiento;PROGRAMA DE AGUA Y SANEAMIENTO EN HONDURAS;46020316.000000000000000000000000000000;
2024;FRANCISCO MORAZAN;No Aplica; PROMOCION Y PROTECCION HUMANA;PROTECCION SOCIAL;Secretaría de las Culturas, las Artes y los Patrimonios de los Pueblos de Honduras;Potenciamiento de Industrias Culturales y Creativas de los Clústers de Música y Pintura de Honduras, con articulación al circuito del mercado Centroamericano y Mundial ;40000000.000000000000000000000000000000;
2024;FRANCISCO MORAZAN;No Aplica; COMUNICACIONES Y ENERGIA;CARRETERAS;Secretaría de Infraestructura y Transporte;Construcción y Pavimentación con Concreto Hidráulico de la Carretera Central, Tramo: "Marale - Empalme Carretera Yoro" (53.31 km), localizado en el Departamento de Francisco Morazán y Yoro.;89976311.000000000000000000000000000000;
2024;FRANCISCO MORAZAN;No Aplica; COMUNICACIONES Y ENERGIA;CARRETERAS;Secretaría de Infraestructura y Transporte;Construcción y Pavimentación con Concreto Hidráulico del Tramo Carretero: "Portillo del Lobo-Reitoca - Curarén" (39.54 KM), Localizado en los Departamentos de Francisco Morazán y Choluteca.;74761673.000000000000000000000000000000;
2024;FRANCISCO MORAZAN;No Aplica; COMUNICACIONES Y ENERGIA;CARRETERAS;Secretaría de Infraestructura y Transporte;Diseño, Construcción y Pavimentación con Concreto Hidráulico de la Carretera de Alivio del Tramo: "Tegucigalpa - Santa Lucía", Ubicado en el Departamento de Francisco Morazán.;67654128.000000000000000000000000000000;
2024;FRANCISCO MORAZAN;No Aplica; COMUNICACIONES Y ENERGIA;CARRETERAS;Secretaría de Infraestructura y Transporte;Libramiento Anillo Periférico CA-5 Sur;338395976.000000000000000000000000000000;
2024;FRANCISCO MORAZAN;No Aplica; COMUNICACIONES Y ENERGIA;CARRETERAS;Secretaría de Infraestructura y Transporte;Proyecto Carretera Anillo de Tegucigalpa (27 km);65022568.000000000000000000000000000000;
2024;FRANCISCO MORAZAN;No Aplica; COMUNICACIONES Y ENERGIA;CARRETERAS;Secretaría de Infraestructura y Transporte;Proyecto Construcción de la Carretera Ojo de Agua - San Juan de Flores (34.44 KM);646767368.000000000000000000000000000000;
2024;FRANCISCO MORAZAN;No Aplica; COMUNICACIONES Y ENERGIA;CARRETERAS;Secretaría de Infraestructura y Transporte;Reconstrucción Tegucigalpa-Danlí más ampliación Salida Danlí Tegucigalpa-Neteapa:-Ojo de Agua-Devio Las Mesas (11.1),-Las Mesas-El Zamorano-Desvío Guínope (9.4),-El Zamorano-Desvío Pínares de Uyuca (14.9),-Pínares de Uyuca-Desvío Tatúmbla-Ampliación Salíd;86491354.000000000000000000000000000000;
2024;FRANCISCO MORAZAN;No Aplica; COMUNICACIONES Y ENERGIA;CARRETERAS;Secretaría de Infraestructura y Transporte;Rehabilitación con Concreto Hidráulico sobre la Carpeta Asfáltica existente del tramo carretero: Tegucigalpa - El Guanábano (RN15), Longitud 7.22 KM (Salida a Olancho), ubicado en el departamento de Francisco Morazán, Honduras C.A.;65554852.000000000000000000000000000000;
2024;FRANCISCO MORAZAN;No Aplica; COMUNICACIONES Y ENERGIA;CARRETERAS;Instituciones;INICIATIVAS DE PROYECTOS DE INVERSIÓN SOCIAL Y PRODUCTIVA 2024-2026;456374412.000000000000000000000000000000;
2024;FRANCISCO MORAZAN;No Aplica; COMUNICACIONES Y ENERGIA;COMUNICACIONES;Comisión Nacional de Telecomunicaciones;Fortalecimiento Institucional, Ampliación y Modernización de las Capacidades Técnicas y Logísticas de CONATEL a nivel Nacional;16453446.000000000000000000000000000000;
2024;FRANCISCO MORAZAN;No Aplica; PROMOCION Y PROTECCION HUMANA;EDUCACION;Fondo Hondureño de Inversión Social;PROGRAMA DE MEJORA DE LA INFRAESTRUCTURA ESCOLAR (PROMINE/KFW, FASE II);58107336.000000000000000000000000000000;
2024;FRANCISCO MORAZAN;No Aplica; PROMOCION Y PROTECCION HUMANA;EDUCACION;Fondo Hondureño de Inversión Social;PROGRAMA DE MEJORAMIENTO INTEGRAL DE LA INFRAESTRUCTURA Y FORMACION EDUCATIVA EN HONDURAS;244411256.000000000000000000000000000000;
2024;FRANCISCO MORAZAN;No Aplica; PROMOCION Y PROTECCION HUMANA;EDUCACION;Secretaría de Gobernación, Justicia y Descentralización;Construcción y Reconstrucción de Centros Escolares a nivel nacional;181713235.000000000000000000000000000000;
2024;FRANCISCO MORAZAN;No Aplica; PROMOCION Y PROTECCION HUMANA;EDUCACION;Secretaría de Educación;MEJORAMIENTO DE LA CALIDAD EN LA EDUCACIÓN PREBÁSICA EN HONDURAS;91471692.000000000000000000000000000000;
2024;FRANCISCO MORAZAN;No Aplica; PROMOCION Y PROTECCION HUMANA;EDUCACION;Secretaría de Educación;PROGRAMA DE MEJORA DE LA INFRAESTRUCTURA ESCOLAR (PROMINE/KFW, FASE II);2669258.000000000000000000000000000000;
2024;FRANCISCO MORAZAN;No Aplica; PROMOCION Y PROTECCION HUMANA;EDUCACION;Secretaría de Educación;PROGRAMA DE RECONSTRUCCIÓN, AMPLIACIÓN Y REHABILITACIÓN DE INFRAESTRUCTURA EDUCATIVA E IMPLEMENTACIÓN DE HUERTOS ESCOLARES PRODUCTIVOS EN CENTROS EDUCATIVOS DE HONDURAS, FASE I.;13000000.000000000000000000000000000000;
2024;FRANCISCO MORAZAN;No Aplica; PROMOCION Y PROTECCION HUMANA;EDUCACION;Programa de la Red Solidaria;Mejora de la Calidad Educativa para el Desarrollo de Habilidades para el Empleo: Proyecto Joven;22636633.000000000000000000000000000000;
2024;FRANCISCO MORAZAN;No Aplica; COMUNICACIONES Y ENERGIA;ENERGIA;Empresa Nacional de Energía Eléctrica;APOYO AL PROGRAMA NACIONAL DE TRANSMISIÓN DE ENERGÍA ELÉCTRICA;251629706.000000000000000000000000000000;
2024;FRANCISCO MORAZAN;No Aplica; COMUNICACIONES Y ENERGIA;ENERGIA;Empresa Nacional de Energía Eléctrica;PROYECTO DE REHABILITACIÓN Y REPOTENCIACIÓN DEL COMPLEJO HIDROELÉCTRICO CAÑAVERAL-RÍO LINDO;570300000.000000000000000000000000000000;
2024;FRANCISCO MORAZAN;No Aplica; FORTALECIMIENTO INSTITUCIONAL;MODERNIZACION DEL ESTADO;Instituto de la Propiedad;Conformación de Registros Fundamentales Geográficos del País  ;133640000.000000000000000000000000000000;
2024;FRANCISCO MORAZAN;No Aplica; FORTALECIMIENTO INSTITUCIONAL;MODERNIZACION DEL ESTADO;Instituto de la Propiedad;Proyecto Interinstitucional de Limites Nacionales;8000000.000000000000000000000000000000;
2024;FRANCISCO MORAZAN;No Aplica; FORTALECIMIENTO INSTITUCIONAL;MODERNIZACION DEL ESTADO;Secretaría de la Presidencia;Equipamiento de la Escuela de Profesionalización la Administración Pública, con sede en Francisco Morazán y fortalecimiento de la capacidad de los servidores públicos a nivel nacional;4850048.000000000000000000000000000000;
2024;FRANCISCO MORAZAN;No Aplica; FORTALECIMIENTO INSTITUCIONAL;MODERNIZACION DEL ESTADO;Servicio de Administración de Rentas;Fortalecimiento Institucional y Operativo de la Administración Tributaria;6332507.000000000000000000000000000000;
2024;FRANCISCO MORAZAN;No Aplica; FORTALECIMIENTO INSTITUCIONAL;MODERNIZACION DEL ESTADO;Secretaria de Finanzas;Diseño, Desarrollo e Implementación del Nuevo Sistema de Administración Financiera Integrada (SIAFI) de Honduras;55520000.000000000000000000000000000000;
2024;FRANCISCO MORAZAN;No Aplica; FORTALECIMIENTO INSTITUCIONAL;MODERNIZACION DEL ESTADO;Registro Nacional de las Personas;Proyecto de Documento de Identificación Nacional para Menores;103447173.000000000000000000000000000000;
2024;FRANCISCO MORAZAN;No Aplica; FORTALECIMIENTO INSTITUCIONAL;MODERNIZACION DEL ESTADO;Administración Aduanera de Honduras;PROYECTO DE FORTALECIMIENTO INSTITUCIONAL Y OPERATIVO DE LA ADMINISTRACIÓN ADUANERA;247620764.000000000000000000000000000000;
2024;FRANCISCO MORAZAN;No Aplica; FORTALECIMIENTO INSTITUCIONAL;MODERNIZACION DEL ESTADO;Dirección de Gestión por Resultados;Proyecto Transformación Digital para una Mayor Competitividad;406728778.000000000000000000000000000000;
2024;FRANCISCO MORAZAN;No Aplica; FORTALECIMIENTO INSTITUCIONAL;MODERNIZACION DEL ESTADO;Instituto Nacional de Estadísticas;PROGRAMA DE APOYO AL CENSO DE POBLACIÓN Y VIVIENDA Y FORTALECIMIENTO DEL SISTEMA ESTADÍSTICO NACIONAL;228033112.000000000000000000000000000000;
2024;FRANCISCO MORAZAN;No Aplica; PROMOCION Y PROTECCION HUMANA;PROTECCION SOCIAL;Fondo Hondureño de Inversión Social;PROGRAMA DE INFRAESTRUCTURA PARA LA SEGURIDAD CIUDADANA;8834687.000000000000000000000000000000;
2024;FRANCISCO MORAZAN;No Aplica; PROMOCION Y PROTECCION HUMANA;PROTECCION SOCIAL;Dirección Nacional del Programa Ciudad Mujer;SERVICIOS DE DESARROLLO EMPRESARIAL Y UN ENTORNO FAVORABLE PARA LAS EMPRESARIAS DE HONDURAS;1821917.000000000000000000000000000000;
2024;FRANCISCO MORAZAN;No Aplica; PROMOCION Y PROTECCION HUMANA;PROTECCION SOCIAL;Programa de la Red Solidaria;APOYO AL SISTEMA INTEGRAL DE PROTECCIÓN SOCIAL 5008/BL-HO;268450744.000000000000000000000000000000;
2024;FRANCISCO MORAZAN;No Aplica; PROMOCION Y PROTECCION HUMANA;PROTECCION SOCIAL;Programa de la Red Solidaria;FINANCIAMIENTO ADICIONAL AL PROYECTO DE INTEGRACIÓN DE LA PROTECCIÓN SOCIAL;203677748.000000000000000000000000000000;
2024;FRANCISCO MORAZAN;No Aplica; PROMOCION Y PROTECCION HUMANA;PROTECCION SOCIAL;Programa de la Red Solidaria;PROGRAMA DE PROTECCIÓN SOCIAL (TRANSFERENCIAS MONETARIAS CONDICIONADAS) ;707094711.000000000000000000000000000000;
2024;FRANCISCO MORAZAN;No Aplica; PROMOCION Y PROTECCION HUMANA;PROTECCION SOCIAL;Programa de la Red Solidaria;PROYECTO DE INTEGRACIÓN DE LA PROTECCIÓN SOCIAL / 6401-HN;81149117.000000000000000000000000000000;
2024;FRANCISCO MORAZAN;No Aplica; PROMOCION Y PROTECCION HUMANA;PROTECCION SOCIAL;Instituto Hondureño para la Prevención del Alcoholismo, Drogadicción y Farmacodependencia;Primer Centro Nacional de Tratamiento de Adicciones de HoNDURAS (CENATRAH);52869675.000000000000000000000000000000;
2024;FRANCISCO MORAZAN;No Aplica; PROMOCION Y PROTECCION HUMANA;PROTECCION SOCIAL;Alcaldia Municipal del Distrito Central;Proyecto para Fortalecer la Prestación de Agua Potable de Tegucigalpa;508213243.000000000000000000000000000000;
2024;FRANCISCO MORAZAN;No Aplica; AGROFORESTAL Y TURISMO;RECURSOS FORESTAL Y AMBIENTE;Instituto Nacional de Conservación y Desarrollo Forestal;"DISEÑO E IMPLEMENTACION DE UN PILOTO DEL SISTEMA PARA LA LEGALIDAD DE LA MADERA EN BOSQUE DE PINO";11192404.960000000000000000000000000000;
2024;FRANCISCO MORAZAN;No Aplica; AGROFORESTAL Y TURISMO;RECURSOS FORESTAL Y AMBIENTE;Programa de la Red Solidaria;MANEJO SOSTENIBLE DE BOSQUES;61381322.000000000000000000000000000000;
2024;FRANCISCO MORAZAN;No Aplica; PROMOCION Y PROTECCION HUMANA;SALUD;Secretaría de Salud;CONSTRUCCIÓN DEL CENTRO  DE CAPTACIÓN DE SANGRE- HOSPITAL ESCUELA ANTES : MEJORA DE ACCESIBILIDAD, FORTALECIMIENTO DE EQUIPO, HERRAMIENTAS Y TECNOLOGÍA PARA LA MEJORA DE LA CALIDAD DE ATENCIÓN A LOS PACIENTES DEL HOSPITAL ESCUELA, TEGUCIGALPA MDC.;24685500.000000000000000000000000000000;
2024;FRANCISCO MORAZAN;No Aplica; PROMOCION Y PROTECCION HUMANA;SALUD;Secretaría de Salud;APOYO AL SISTEMA INTEGRAL DE PROTECCIÓN SOCIAL 5008/BL-HO;19123750.000000000000000000000000000000;
2024;FRANCISCO MORAZAN;No Aplica; PROMOCION Y PROTECCION HUMANA;SALUD;Secretaría de Salud;Construcción y Equipamiento del Edificio Administrativo y del Laboratorio Nacional de Vigilancia de la Salud en Tegucigalpa, Francisco Morazán;42600000.000000000000000000000000000000;
2024;FRANCISCO MORAZAN;No Aplica; PROMOCION Y PROTECCION HUMANA;SALUD;Secretaría de Salud;Laboratorio Medico;100000000.000000000000000000000000000000;
2024;FRANCISCO MORAZAN;No Aplica; PROMOCION Y PROTECCION HUMANA;SALUD;Secretaría de Salud;PROGRAMA DE CONSTRUCCIÓN Y EQUIPAMIENTO DE TRES HOSPITALES (TEGUCIGALPA, SAN PEDRO SULA Y ROATÁN) PARA EL FORTALECIMIENTO DE LA RED HOSPITALARIA EN HONDURAS;550000000.000000000000000000000000000000;
2024;FRANCISCO MORAZAN;No Aplica; PROMOCION Y PROTECCION HUMANA;SALUD;Secretaría de Salud;PROYECTO DE RESPUESTA A EMERGENCIA HONDURAS COVID-19;26180782.000000000000000000000000000000;
2024;FRANCISCO MORAZAN;No Aplica; PROMOCION Y PROTECCION HUMANA;SALUD;Secretaría de Salud;PROYECTO DE SERVICIOS ESENCIALES DE SALUD Y PREPARACIÓN ANTE EMERGENCIA;93550253.000000000000000000000000000000;
2024;FRANCISCO MORAZAN;No Aplica; PROMOCION Y PROTECCION HUMANA;SALUD;Secretaría de Salud;RESPUESTA INMEDIATA DE SALUD PARA CONTENER Y CONTROLAR EL CORONAVIRUS (COVID - 19) Y MITIGAR SU EFECTO EN LA PRESTACIÓN DEL SERVICIO, EN HONDURAS;13586705.000000000000000000000000000000;
2024;FRANCISCO MORAZAN;No Aplica; PROMOCION Y PROTECCION HUMANA;SALUD;Secretaría de Salud;RESPUESTA INMEDIATA DE SALUD PÚBLICA PARA CONTENER Y CONTROLAR EL CORONAVIRUS (COVID-19) Y MITIGAR SU EFECTO EN LA PRESTACIÓN DE SERVICIOS EN HONDURAS (RISP-HO-2);269421350.000000000000000000000000000000;
2024;FRANCISCO MORAZAN;No Aplica; PROMOCION Y PROTECCION HUMANA;SALUD;Programa de la Red Solidaria;PROYECTO DE MEJORA DE LA GESTION Y CALIDAD DE LOS SERVICIOS DE SALUD MATERNO-NEONATAL;151689885.000000000000000000000000000000;
2024;FRANCISCO MORAZAN;No Aplica; PROMOCION Y PROTECCION HUMANA;SALUD;Hospital Escuela Universitario;Fortalecimiento de infraestructura y equipamiento tecnológico en el Hospital Escuela ubicado en la ciudad de Tegucigalpa, Francisco Morazán;200000000.000000000000000000000000000000;
2024;FRANCISCO MORAZAN;No Aplica; AGROFORESTAL Y TURISMO;DESARROLLO PRODUCTIVO;Secretaría de Agricultura y Ganadería;ALIANZA PARA EL CORREDOR SECO (USAID- GAFSP);19430962.000000000000000000000000000000;
2024;FRANCISCO MORAZAN;No Aplica; AGROFORESTAL Y TURISMO;DESARROLLO PRODUCTIVO;Secretaría de Agricultura y Ganadería;Integrando la Innovación para la Competitividad Rural (COMRURAL II)Tipo de proyecto: Inversión Pública;67434469.000000000000000000000000000000;
2024;FRANCISCO MORAZAN;No Aplica; AGROFORESTAL Y TURISMO;DESARROLLO PRODUCTIVO;Secretaría de Agricultura y Ganadería;Integrando la Innovación para la Competitividad Rural (COMRURAL III);124284582.000000000000000000000000000000;
2024;FRANCISCO MORAZAN;No Aplica; AGROFORESTAL Y TURISMO;DESARROLLO PRODUCTIVO;Secretaría de Agricultura y Ganadería;Proyecto de inclusión económica y social de pequeños productores rurales en la región noreste de Honduras (PROINORTE);49755251.000000000000000000000000000000;
2024;FRANCISCO MORAZAN;No Aplica; AGROFORESTAL Y TURISMO;DESARROLLO PRODUCTIVO;Secretaría de Agricultura y Ganadería;PROYECTO DE SEGURIDAD HIDRICA EN EL CORREDOR SECO DE HONDURAS;131959428.000000000000000000000000000000;
2024;FRANCISCO MORAZAN;No Aplica; AGROFORESTAL Y TURISMO;DESARROLLO PRODUCTIVO;Banco Nacional de Desarrollo Agrícola;Programa de Crédito para la Agroindustria y Cajas Rurales;38519028.000000000000000000000000000000;
2024;FRANCISCO MORAZAN;No Aplica; FORTALECIMIENTO INSTITUCIONAL;SEGURIDAD Y DEFENSA;Secretaría de Seguridad;PROGRAMA DE CONVIVENCIA CIUDADANA Y MEJORAMIENTO DE BARRIOS;14368428.000000000000000000000000000000;
2024;FRANCISCO MORAZAN;No Aplica; FORTALECIMIENTO INSTITUCIONAL;SEGURIDAD Y DEFENSA;Secretaría de Seguridad;Programa de Modernización Integral y Profesionalización de los Servicios de la Policía Nacional de Honduras;5000000.000000000000000000000000000000;
2024;FRANCISCO MORAZAN;No Aplica; COMUNICACIONES Y ENERGIA;TRANSPORTE Y OBRAS PUBLICAS;Fondo Hondureño de Inversión Social;ACTIVIDAD PILOTO DE INFRAESTRUCTURA EN EL OCCIDENTE DE HONDURAS;11611250.000000000000000000000000000000;
2024;FRANCISCO MORAZAN;No Aplica; COMUNICACIONES Y ENERGIA;TRANSPORTE Y OBRAS PUBLICAS;Fondo Hondureño de Inversión Social;PROYECTO CONVIVENCIA Y ESPACIOS SEGUROS PARA LOS JÓVENES EN HONDURAS;19695380.000000000000000000000000000000;
2024;FRANCISCO MORAZAN;No Aplica; COMUNICACIONES Y ENERGIA;TRANSPORTE Y OBRAS PUBLICAS;Fondo Hondureño de Inversión Social;Proyecto Recuperación de Emergencia a Causa de Ciclones Tropicales Eta e Iota en Honduras.;77467768.000000000000000000000000000000;
2024;FRANCISCO MORAZAN;No Aplica; COMUNICACIONES Y ENERGIA;TRANSPORTE Y OBRAS PUBLICAS;Comisión Nacional de Deportes, Educación Física y Recreación;CONSTRUCCIÓN DE 2 COMPLEJOS DEPORTIVO MULTIDICIPLINARIOS ;313192202.000000000000000000000000000000;
2024;FRANCISCO MORAZAN;No Aplica; COMUNICACIONES Y ENERGIA;TRANSPORTE Y OBRAS PUBLICAS;Instituto Hondureño de Antropología e Historia;Estabilización del Terreno con Instalación de Anclajes Activos y Torones y Restauración del Edificio del Museo de Villa Roy, Francisco Morazán, Tegucigalpa Municipio del Distrito Central;13612547.000000000000000000000000000000;
2024;FRANCISCO MORAZAN;No Aplica; COMUNICACIONES Y ENERGIA;TRANSPORTE Y OBRAS PUBLICAS;Instituto Nacional de Previsión del Magisterio;Construcción de Sala Velatoria en la ciudad de Tegucigalpa, Francisco Morazán;45000000.000000000000000000000000000000;
2024;FRANCISCO MORAZAN;No Aplica; COMUNICACIONES Y ENERGIA;TRANSPORTE Y OBRAS PUBLICAS;Instituto Nacional de Previsión del Magisterio;Programa de Elaboración de Estudios y Diseños relacionados con Proyectos Priorizados por INPREMA, en varios departamentos del país;12900000.000000000000000000000000000000;
2024;GRACIAS A DIOS;No Aplica; COMUNICACIONES Y ENERGIA;COMUNICACIONES;Comisión Nacional de Telecomunicaciones;Fortalecimiento Institucional, Ampliación y Modernización de las Capacidades Técnicas y Logísticas de CONATEL a nivel Nacional;2270908.000000000000000000000000000000;
2024;GRACIAS A DIOS;No Aplica; PROMOCION Y PROTECCION HUMANA;EDUCACION;Fondo Hondureño de Inversión Social;PROGRAMA DE MEJORA DE LA INFRAESTRUCTURA ESCOLAR (PROMINE/KFW, FASE II);47526106.000000000000000000000000000000;
2024;GRACIAS A DIOS;No Aplica; PROMOCION Y PROTECCION HUMANA;EDUCACION;Secretaría de Gobernación, Justicia y Descentralización;Construcción y Reconstrucción de Centros Escolares a nivel nacional;10934182.000000000000000000000000000000;
2024;GRACIAS A DIOS;No Aplica; PROMOCION Y PROTECCION HUMANA;EDUCACION;Secretaría de Educación;MEJORAMIENTO DE LA CALIDAD EN LA EDUCACIÓN PREBÁSICA EN HONDURAS;39214002.000000000000000000000000000000;
2024;GRACIAS A DIOS;No Aplica; PROMOCION Y PROTECCION HUMANA;EDUCACION;Secretaría de Educación;PROGRAMA DE MEJORA DE LA INFRAESTRUCTURA ESCOLAR (PROMINE/KFW, FASE II);2567214.000000000000000000000000000000;
2024;GRACIAS A DIOS;No Aplica; PROMOCION Y PROTECCION HUMANA;EDUCACION;Secretaría de Educación;PROGRAMA DE RECONSTRUCCIÓN, AMPLIACIÓN Y REHABILITACIÓN DE INFRAESTRUCTURA EDUCATIVA E IMPLEMENTACIÓN DE HUERTOS ESCOLARES PRODUCTIVOS EN CENTROS EDUCATIVOS DE HONDURAS, FASE I.;6500000.000000000000000000000000000000;
2024;GRACIAS A DIOS;No Aplica; FORTALECIMIENTO INSTITUCIONAL;MODERNIZACION DEL ESTADO;Servicio de Administración de Rentas;Fortalecimiento Institucional y Operativo de la Administración Tributaria;519908.000000000000000000000000000000;
2024;GRACIAS A DIOS;No Aplica; FORTALECIMIENTO INSTITUCIONAL;MODERNIZACION DEL ESTADO;Registro Nacional de las Personas;Proyecto de Documento de Identificación Nacional para Menores;6224700.000000000000000000000000000000;
2024;GRACIAS A DIOS;No Aplica; FORTALECIMIENTO INSTITUCIONAL;MODERNIZACION DEL ESTADO;Administración Aduanera de Honduras;PROYECTO DE FORTALECIMIENTO INSTITUCIONAL Y OPERATIVO DE LA ADMINISTRACIÓN ADUANERA;10167454.000000000000000000000000000000;
2024;GRACIAS A DIOS;No Aplica; FORTALECIMIENTO INSTITUCIONAL;MODERNIZACION DEL ESTADO;Instituto Nacional de Estadísticas;PROGRAMA DE APOYO AL CENSO DE POBLACIÓN Y VIVIENDA Y FORTALECIMIENTO DEL SISTEMA ESTADÍSTICO NACIONAL;8463676.000000000000000000000000000000;
2024;GRACIAS A DIOS;No Aplica; PROMOCION Y PROTECCION HUMANA;PROTECCION SOCIAL;Programa de la Red Solidaria;PROGRAMA DE PROTECCIÓN SOCIAL (TRANSFERENCIAS MONETARIAS CONDICIONADAS) ;29033725.000000000000000000000000000000;
2024;GRACIAS A DIOS;No Aplica; PROMOCION Y PROTECCION HUMANA;SALUD;Secretaría de Salud;HONDURAS - INICIATIVA REGIONAL DE ELIMINACIÓN DE LA MALARIA (IREM EN MESOAMÉRICA Y REPÚBLICA DOMINICANA (HO-G1250;33675847.000000000000000000000000000000;
2024;GRACIAS A DIOS;No Aplica; PROMOCION Y PROTECCION HUMANA;SALUD;Secretaría de Salud;PROYECTO DE SERVICIOS ESENCIALES DE SALUD Y PREPARACIÓN ANTE EMERGENCIA;13550253.000000000000000000000000000000;
2024;GRACIAS A DIOS;No Aplica; AGROFORESTAL Y TURISMO;DESARROLLO PRODUCTIVO;Secretaría de Agricultura y Ganadería;Integrando la Innovación para la Competitividad Rural (COMRURAL III);53125000.000000000000000000000000000000;
2024;GRACIAS A DIOS;No Aplica; AGROFORESTAL Y TURISMO;DESARROLLO PRODUCTIVO;Banco Nacional de Desarrollo Agrícola;Programa de Crédito para la Agroindustria y Cajas Rurales;38519028.000000000000000000000000000000;
2024;INTIBUCA;No Aplica; PROMOCION Y PROTECCION HUMANA;AGUA Y SANEAMIENTO;Secretaría de Desarrollo Comunitario, Agua y Saneamiento;PROGRAMA DE AGUA Y SANEAMIENTO EN HONDURAS;20131872.000000000000000000000000000000;
2024;INTIBUCA;No Aplica; COMUNICACIONES Y ENERGIA;CARRETERAS;Secretaría de Infraestructura y Transporte;Rehabilitación del Tramo Carretero: "Siguatepeque - La Esperanza" (67.00 Km), Localizado en los Departamentos de Comayagua e Intibucá.;135736230.000000000000000000000000000000;
2024;INTIBUCA;No Aplica; COMUNICACIONES Y ENERGIA;COMUNICACIONES;Comisión Nacional de Telecomunicaciones;Fortalecimiento Institucional, Ampliación y Modernización de las Capacidades Técnicas y Logísticas de CONATEL a nivel Nacional;2270908.000000000000000000000000000000;
2024;INTIBUCA;No Aplica; PROMOCION Y PROTECCION HUMANA;EDUCACION;Secretaría de Gobernación, Justicia y Descentralización;Construcción y Reconstrucción de Centros Escolares a nivel nacional;28005815.000000000000000000000000000000;
2024;INTIBUCA;No Aplica; PROMOCION Y PROTECCION HUMANA;EDUCACION;Secretaría de Educación;MEJORAMIENTO DE LA CALIDAD EN LA EDUCACIÓN PREBÁSICA EN HONDURAS;23358918.000000000000000000000000000000;
2024;INTIBUCA;No Aplica; PROMOCION Y PROTECCION HUMANA;EDUCACION;Programa de la Red Solidaria;Mejora de la Calidad Educativa para el Desarrollo de Habilidades para el Empleo: Proyecto Joven;29998897.000000000000000000000000000000;
2024;INTIBUCA;No Aplica; FORTALECIMIENTO INSTITUCIONAL;MODERNIZACION DEL ESTADO;Instituto de la Propiedad;Construcción de Edificio Regional en La Esperanza, departamento de Intibucá;17500000.000000000000000000000000000000;
2024;INTIBUCA;No Aplica; FORTALECIMIENTO INSTITUCIONAL;MODERNIZACION DEL ESTADO;Servicio de Administración de Rentas;Fortalecimiento Institucional y Operativo de la Administración Tributaria;597570.000000000000000000000000000000;
2024;INTIBUCA;No Aplica; FORTALECIMIENTO INSTITUCIONAL;MODERNIZACION DEL ESTADO;Registro Nacional de las Personas;Proyecto de Documento de Identificación Nacional para Menores;15943307.000000000000000000000000000000;
2024;INTIBUCA;No Aplica; FORTALECIMIENTO INSTITUCIONAL;MODERNIZACION DEL ESTADO;Instituto Nacional de Estadísticas;PROGRAMA DE APOYO AL CENSO DE POBLACIÓN Y VIVIENDA Y FORTALECIMIENTO DEL SISTEMA ESTADÍSTICO NACIONAL;24277017.000000000000000000000000000000;
2024;INTIBUCA;No Aplica; PROMOCION Y PROTECCION HUMANA;PROTECCION SOCIAL;Programa de la Red Solidaria;FINANCIAMIENTO ADICIONAL AL PROYECTO DE INTEGRACIÓN DE LA PROTECCIÓN SOCIAL;49950000.000000000000000000000000000000;
2024;INTIBUCA;No Aplica; PROMOCION Y PROTECCION HUMANA;PROTECCION SOCIAL;Programa de la Red Solidaria;PROGRAMA DE PROTECCIÓN SOCIAL (TRANSFERENCIAS MONETARIAS CONDICIONADAS) ;7105101.000000000000000000000000000000;
2024;INTIBUCA;No Aplica; PROMOCION Y PROTECCION HUMANA;SALUD;Secretaría de Salud;PROYECTO DE RESPUESTA A EMERGENCIA HONDURAS COVID-19;7843311.000000000000000000000000000000;
2024;INTIBUCA;No Aplica; PROMOCION Y PROTECCION HUMANA;SALUD;Secretaría de Salud;PROYECTO DE SERVICIOS ESENCIALES DE SALUD Y PREPARACIÓN ANTE EMERGENCIA;13550253.000000000000000000000000000000;
2024;INTIBUCA;No Aplica; PROMOCION Y PROTECCION HUMANA;SALUD;Programa de la Red Solidaria;PROYECTO DE MEJORA DE LA GESTION Y CALIDAD DE LOS SERVICIOS DE SALUD MATERNO-NEONATAL;1800000.000000000000000000000000000000;
2024;INTIBUCA;No Aplica; AGROFORESTAL Y TURISMO;DESARROLLO PRODUCTIVO;Secretaría de Agricultura y Ganadería;Fortalecimiento del Abastecimiento de Agua Urbana;3724750.000000000000000000000000000000;
2024;INTIBUCA;No Aplica; AGROFORESTAL Y TURISMO;DESARROLLO PRODUCTIVO;Secretaría de Agricultura y Ganadería;Integrando la Innovación para la Competitividad Rural (COMRURAL II)Tipo de proyecto: Inversión Pública;9902900.000000000000000000000000000000;
2024;INTIBUCA;No Aplica; AGROFORESTAL Y TURISMO;DESARROLLO PRODUCTIVO;Secretaría de Agricultura y Ganadería;Integrando la Innovación para la Competitividad Rural (COMRURAL III);535000.000000000000000000000000000000;
2024;INTIBUCA;No Aplica; AGROFORESTAL Y TURISMO;DESARROLLO PRODUCTIVO;Secretaría de Agricultura y Ganadería;PROYECTO DE SEGURIDAD HIDRICA EN EL CORREDOR SECO DE HONDURAS;34874300.000000000000000000000000000000;
2024;INTIBUCA;No Aplica; AGROFORESTAL Y TURISMO;DESARROLLO PRODUCTIVO;Secretaría de Agricultura y Ganadería;PROYECTO INTEGRAL DE DESARROLLO RURAL Y PRODUCTIVIDAD;29010487.000000000000000000000000000000;
2024;INTIBUCA;No Aplica; AGROFORESTAL Y TURISMO;DESARROLLO PRODUCTIVO;Banco Nacional de Desarrollo Agrícola;Programa de Crédito para la Agroindustria y Cajas Rurales;38519028.000000000000000000000000000000;
2024;INTIBUCA;No Aplica; FORTALECIMIENTO INSTITUCIONAL;SEGURIDAD Y DEFENSA;Secretaría de Seguridad;PROGRAMA DE CONVIVENCIA CIUDADANA Y MEJORAMIENTO DE BARRIOS;119676823.000000000000000000000000000000;
2024;INTIBUCA;No Aplica; COMUNICACIONES Y ENERGIA;TRANSPORTE Y OBRAS PUBLICAS;Fondo Hondureño de Inversión Social;PROYECTO CONVIVENCIA Y ESPACIOS SEGUROS PARA LOS JÓVENES EN HONDURAS;25447584.000000000000000000000000000000;
2024;ISLAS DE LA BAHIA;No Aplica; COMUNICACIONES Y ENERGIA;COMUNICACIONES;Comisión Nacional de Telecomunicaciones;Fortalecimiento Institucional, Ampliación y Modernización de las Capacidades Técnicas y Logísticas de CONATEL a nivel Nacional;2270908.000000000000000000000000000000;
2024;ISLAS DE LA BAHIA;No Aplica; PROMOCION Y PROTECCION HUMANA;EDUCACION;Secretaría de Gobernación, Justicia y Descentralización;Construcción y Reconstrucción de Centros Escolares a nivel nacional;7533561.000000000000000000000000000000;
2024;ISLAS DE LA BAHIA;No Aplica; PROMOCION Y PROTECCION HUMANA;EDUCACION;Secretaría de Educación;MEJORAMIENTO DE LA CALIDAD EN LA EDUCACIÓN PREBÁSICA EN HONDURAS;5496216.000000000000000000000000000000;
2024;ISLAS DE LA BAHIA;No Aplica; PROMOCION Y PROTECCION HUMANA;EDUCACION;Secretaría de Educación;PROGRAMA DE RECONSTRUCCIÓN, AMPLIACIÓN Y REHABILITACIÓN DE INFRAESTRUCTURA EDUCATIVA E IMPLEMENTACIÓN DE HUERTOS ESCOLARES PRODUCTIVOS EN CENTROS EDUCATIVOS DE HONDURAS, FASE I.;3250000.000000000000000000000000000000;
2024;ISLAS DE LA BAHIA;No Aplica; FORTALECIMIENTO INSTITUCIONAL;MODERNIZACION DEL ESTADO;Servicio de Administración de Rentas;Fortalecimiento Institucional y Operativo de la Administración Tributaria;97117.000000000000000000000000000000;
2024;ISLAS DE LA BAHIA;No Aplica; FORTALECIMIENTO INSTITUCIONAL;MODERNIZACION DEL ESTADO;Registro Nacional de las Personas;Proyecto de Documento de Identificación Nacional para Menores;4288767.000000000000000000000000000000;
2024;ISLAS DE LA BAHIA;No Aplica; FORTALECIMIENTO INSTITUCIONAL;MODERNIZACION DEL ESTADO;Administración Aduanera de Honduras;PROYECTO DE FORTALECIMIENTO INSTITUCIONAL Y OPERATIVO DE LA ADMINISTRACIÓN ADUANERA;8948720.000000000000000000000000000000;
2024;ISLAS DE LA BAHIA;No Aplica; FORTALECIMIENTO INSTITUCIONAL;MODERNIZACION DEL ESTADO;Instituto Nacional de Estadísticas;PROGRAMA DE APOYO AL CENSO DE POBLACIÓN Y VIVIENDA Y FORTALECIMIENTO DEL SISTEMA ESTADÍSTICO NACIONAL;8061445.000000000000000000000000000000;
2024;ISLAS DE LA BAHIA;No Aplica; PROMOCION Y PROTECCION HUMANA;PROTECCION SOCIAL;Programa de la Red Solidaria;PROGRAMA DE PROTECCIÓN SOCIAL (TRANSFERENCIAS MONETARIAS CONDICIONADAS) ;25553563.000000000000000000000000000000;
2024;ISLAS DE LA BAHIA;No Aplica; AGROFORESTAL Y TURISMO;RECURSOS FORESTAL Y AMBIENTE;Instituto Nacional de Conservación y Desarrollo Forestal;FORTALECIMIENTO DEL SISTEMA NACIONAL DE AREAS PROTEGIDAS DE HONDURAS- SINAPH (LIFEWEB);18968664.000000000000000000000000000000;
2024;ISLAS DE LA BAHIA;No Aplica; PROMOCION Y PROTECCION HUMANA;SALUD;Secretaría de Salud;PROGRAMA DE CONSTRUCCIÓN Y EQUIPAMIENTO DE TRES HOSPITALES (TEGUCIGALPA, SAN PEDRO SULA Y ROATÁN) PARA EL FORTALECIMIENTO DE LA RED HOSPITALARIA EN HONDURAS;22974825.000000000000000000000000000000;
2024;ISLAS DE LA BAHIA;No Aplica; PROMOCION Y PROTECCION HUMANA;SALUD;Secretaría de Salud;PROYECTO DE RESPUESTA A EMERGENCIA HONDURAS COVID-19;8814173.000000000000000000000000000000;
2024;ISLAS DE LA BAHIA;No Aplica; PROMOCION Y PROTECCION HUMANA;SALUD;Secretaría de Salud;PROYECTO DE SERVICIOS ESENCIALES DE SALUD Y PREPARACIÓN ANTE EMERGENCIA;13550253.000000000000000000000000000000;
2024;ISLAS DE LA BAHIA;No Aplica; AGROFORESTAL Y TURISMO;DESARROLLO PRODUCTIVO;Banco Nacional de Desarrollo Agrícola;Programa de Crédito para la Agroindustria y Cajas Rurales;38519028.000000000000000000000000000000;
2024;LA PAZ;No Aplica; PROMOCION Y PROTECCION HUMANA;AGUA Y SANEAMIENTO;Secretaría de Desarrollo Comunitario, Agua y Saneamiento;PROGRAMA DE AGUA Y SANEAMIENTO EN HONDURAS;11379556.000000000000000000000000000000;
2024;LA PAZ;No Aplica; PROMOCION Y PROTECCION HUMANA;EDUCACION;Secretaría de Gobernación, Justicia y Descentralización;Construcción y Reconstrucción de Centros Escolares a nivel nacional;23956088.000000000000000000000000000000;
2024;LA PAZ;No Aplica; PROMOCION Y PROTECCION HUMANA;EDUCACION;Secretaría de Educación;MEJORAMIENTO DE LA CALIDAD EN LA EDUCACIÓN PREBÁSICA EN HONDURAS;26107026.000000000000000000000000000000;
2024;LA PAZ;No Aplica; PROMOCION Y PROTECCION HUMANA;EDUCACION;Secretaría de Educación;PROGRAMA DE RECONSTRUCCIÓN, AMPLIACIÓN Y REHABILITACIÓN DE INFRAESTRUCTURA EDUCATIVA E IMPLEMENTACIÓN DE HUERTOS ESCOLARES PRODUCTIVOS EN CENTROS EDUCATIVOS DE HONDURAS, FASE I.;16250000.000000000000000000000000000000;
2024;LA PAZ;No Aplica; PROMOCION Y PROTECCION HUMANA;EDUCACION;Programa de la Red Solidaria;Mejora de la Calidad Educativa para el Desarrollo de Habilidades para el Empleo: Proyecto Joven;23200682.000000000000000000000000000000;
2024;LA PAZ;No Aplica; FORTALECIMIENTO INSTITUCIONAL;MODERNIZACION DEL ESTADO;Servicio de Administración de Rentas;Fortalecimiento Institucional y Operativo de la Administración Tributaria;938387.000000000000000000000000000000;
2024;LA PAZ;No Aplica; FORTALECIMIENTO INSTITUCIONAL;MODERNIZACION DEL ESTADO;Registro Nacional de las Personas;Proyecto de Documento de Identificación Nacional para Menores;13637916.000000000000000000000000000000;
2024;LA PAZ;No Aplica; FORTALECIMIENTO INSTITUCIONAL;MODERNIZACION DEL ESTADO;Administración Aduanera de Honduras;PROYECTO DE FORTALECIMIENTO INSTITUCIONAL Y OPERATIVO DE LA ADMINISTRACIÓN ADUANERA;6121266.000000000000000000000000000000;
2024;LA PAZ;No Aplica; FORTALECIMIENTO INSTITUCIONAL;MODERNIZACION DEL ESTADO;Instituto Nacional de Estadísticas;PROGRAMA DE APOYO AL CENSO DE POBLACIÓN Y VIVIENDA Y FORTALECIMIENTO DEL SISTEMA ESTADÍSTICO NACIONAL;20900557.000000000000000000000000000000;
2024;LA PAZ;No Aplica; PROMOCION Y PROTECCION HUMANA;PROTECCION SOCIAL;Programa de la Red Solidaria;FINANCIAMIENTO ADICIONAL AL PROYECTO DE INTEGRACIÓN DE LA PROTECCIÓN SOCIAL;25540000.000000000000000000000000000000;
2024;LA PAZ;No Aplica; PROMOCION Y PROTECCION HUMANA;PROTECCION SOCIAL;Programa de la Red Solidaria;PROGRAMA DE PROTECCIÓN SOCIAL (TRANSFERENCIAS MONETARIAS CONDICIONADAS) ;26866336.000000000000000000000000000000;
2024;LA PAZ;No Aplica; PROMOCION Y PROTECCION HUMANA;SALUD;Secretaría de Salud;APOYO AL SISTEMA INTEGRAL DE PROTECCIÓN SOCIAL 5008/BL-HO;15006568.000000000000000000000000000000;
2024;LA PAZ;No Aplica; PROMOCION Y PROTECCION HUMANA;SALUD;Secretaría de Salud;PROYECTO DE SERVICIOS ESENCIALES DE SALUD Y PREPARACIÓN ANTE EMERGENCIA;13550253.000000000000000000000000000000;
2024;LA PAZ;No Aplica; PROMOCION Y PROTECCION HUMANA;SALUD;Programa de la Red Solidaria;PROYECTO DE MEJORA DE LA GESTION Y CALIDAD DE LOS SERVICIOS DE SALUD MATERNO-NEONATAL;36491380.000000000000000000000000000000;
2024;LA PAZ;No Aplica; AGROFORESTAL Y TURISMO;DESARROLLO PRODUCTIVO;Secretaría de Agricultura y Ganadería;Fortalecimiento del Abastecimiento de Agua Urbana;8553752.000000000000000000000000000000;
2024;LA PAZ;No Aplica; AGROFORESTAL Y TURISMO;DESARROLLO PRODUCTIVO;Secretaría de Agricultura y Ganadería;Integrando la Innovación para la Competitividad Rural (COMRURAL II)Tipo de proyecto: Inversión Pública;3585000.000000000000000000000000000000;
2024;LA PAZ;No Aplica; AGROFORESTAL Y TURISMO;DESARROLLO PRODUCTIVO;Secretaría de Agricultura y Ganadería;Integrando la Innovación para la Competitividad Rural (COMRURAL III);535000.000000000000000000000000000000;
2024;LA PAZ;No Aplica; AGROFORESTAL Y TURISMO;DESARROLLO PRODUCTIVO;Secretaría de Agricultura y Ganadería;PROYECTO DE SEGURIDAD HIDRICA EN EL CORREDOR SECO DE HONDURAS;11079200.000000000000000000000000000000;
2024;LA PAZ;No Aplica; AGROFORESTAL Y TURISMO;DESARROLLO PRODUCTIVO;Secretaría de Agricultura y Ganadería;PROYECTO INTEGRAL DE DESARROLLO RURAL Y PRODUCTIVIDAD;33259465.000000000000000000000000000000;
2024;LA PAZ;No Aplica; AGROFORESTAL Y TURISMO;DESARROLLO PRODUCTIVO;Banco Nacional de Desarrollo Agrícola;Programa de Crédito para la Agroindustria y Cajas Rurales;38519028.000000000000000000000000000000;
2024;LA PAZ;No Aplica; COMUNICACIONES Y ENERGIA;TRANSPORTE Y OBRAS PUBLICAS;Fondo Hondureño de Inversión Social;Proyecto Recuperación de Emergencia a Causa de Ciclones Tropicales Eta e Iota en Honduras.;2981666.000000000000000000000000000000;
2024;LEMPIRA;No Aplica; PROMOCION Y PROTECCION HUMANA;AGUA Y SANEAMIENTO;Fondo Hondureño de Inversión Social;Ampliación Del Sistema De Abastecimiento De Agua Potable En La Ciudad De Gracias, Departamento De Lempira;51626065.000000000000000000000000000000;
2024;LEMPIRA;No Aplica; COMUNICACIONES Y ENERGIA;COMUNICACIONES;Comisión Nacional de Telecomunicaciones;Fortalecimiento Institucional, Ampliación y Modernización de las Capacidades Técnicas y Logísticas de CONATEL a nivel Nacional;2270908.000000000000000000000000000000;
2024;LEMPIRA;No Aplica; AGROFORESTAL Y TURISMO;DESARROLLO PRODUCTIVO;Secretaría de Agricultura y Ganadería;Generación de empleo, Proyectos de riego (equipamiento), Comercialización de granos básicos, silvicultura.;76169662.000000000000000000000000000000;
2024;LEMPIRA;No Aplica; PROMOCION Y PROTECCION HUMANA;EDUCACION;Fondo Hondureño de Inversión Social;PROGRAMA DE MEJORA DE LA INFRAESTRUCTURA ESCOLAR (PROMINE/KFW, FASE II);7135152.000000000000000000000000000000;
2024;LEMPIRA;No Aplica; PROMOCION Y PROTECCION HUMANA;EDUCACION;Fondo Hondureño de Inversión Social;PROGRAMA DE MEJORAMIENTO INTEGRAL DE LA INFRAESTRUCTURA Y FORMACION EDUCATIVA EN HONDURAS;7067207.000000000000000000000000000000;
2024;LEMPIRA;No Aplica; PROMOCION Y PROTECCION HUMANA;EDUCACION;Secretaría de Gobernación, Justicia y Descentralización;Construcción y Reconstrucción de Centros Escolares a nivel nacional;38678911.000000000000000000000000000000;
2024;LEMPIRA;No Aplica; PROMOCION Y PROTECCION HUMANA;EDUCACION;Secretaría de Educación;MEJORAMIENTO DE LA CALIDAD EN LA EDUCACIÓN PREBÁSICA EN HONDURAS;61050850.000000000000000000000000000000;
2024;LEMPIRA;No Aplica; PROMOCION Y PROTECCION HUMANA;EDUCACION;Secretaría de Educación;PROGRAMA DE MEJORA DE LA INFRAESTRUCTURA ESCOLAR (PROMINE/KFW, FASE II);1799566.000000000000000000000000000000;
2024;LEMPIRA;No Aplica; PROMOCION Y PROTECCION HUMANA;EDUCACION;Programa de la Red Solidaria;Mejora de la Calidad Educativa para el Desarrollo de Habilidades para el Empleo: Proyecto Joven;52633952.000000000000000000000000000000;
2024;LEMPIRA;No Aplica; FORTALECIMIENTO INSTITUCIONAL;MODERNIZACION DEL ESTADO;Servicio de Administración de Rentas;Fortalecimiento Institucional y Operativo de la Administración Tributaria;167052.000000000000000000000000000000;
2024;LEMPIRA;No Aplica; FORTALECIMIENTO INSTITUCIONAL;MODERNIZACION DEL ESTADO;Registro Nacional de las Personas;Proyecto de Documento de Identificación Nacional para Menores;22019304.000000000000000000000000000000;
2024;LEMPIRA;No Aplica; FORTALECIMIENTO INSTITUCIONAL;MODERNIZACION DEL ESTADO;Administración Aduanera de Honduras;PROYECTO DE FORTALECIMIENTO INSTITUCIONAL Y OPERATIVO DE LA ADMINISTRACIÓN ADUANERA;911537.000000000000000000000000000000;
2024;LEMPIRA;No Aplica; FORTALECIMIENTO INSTITUCIONAL;MODERNIZACION DEL ESTADO;Instituto Nacional de Estadísticas;PROGRAMA DE APOYO AL CENSO DE POBLACIÓN Y VIVIENDA Y FORTALECIMIENTO DEL SISTEMA ESTADÍSTICO NACIONAL;32842898.000000000000000000000000000000;
2024;LEMPIRA;No Aplica; PROMOCION Y PROTECCION HUMANA;PROTECCION SOCIAL;Programa de la Red Solidaria;PROGRAMA DE PROTECCIÓN SOCIAL (TRANSFERENCIAS MONETARIAS CONDICIONADAS) ;29091147.000000000000000000000000000000;
2024;LEMPIRA;No Aplica; PROMOCION Y PROTECCION HUMANA;SALUD;Secretaría de Salud;PROYECTO DE RESPUESTA A EMERGENCIA HONDURAS COVID-19;3698583.000000000000000000000000000000;
2024;LEMPIRA;No Aplica; PROMOCION Y PROTECCION HUMANA;SALUD;Secretaría de Salud;PROYECTO DE SERVICIOS ESENCIALES DE SALUD Y PREPARACIÓN ANTE EMERGENCIA;13550253.000000000000000000000000000000;
2024;LEMPIRA;No Aplica; AGROFORESTAL Y TURISMO;DESARROLLO PRODUCTIVO;Secretaría de Agricultura y Ganadería;Fortalecimiento del Abastecimiento de Agua Urbana;2303000.000000000000000000000000000000;
2024;LEMPIRA;No Aplica; AGROFORESTAL Y TURISMO;DESARROLLO PRODUCTIVO;Secretaría de Agricultura y Ganadería;Integrando la Innovación para la Competitividad Rural (COMRURAL II)Tipo de proyecto: Inversión Pública;14777900.000000000000000000000000000000;
2024;LEMPIRA;No Aplica; AGROFORESTAL Y TURISMO;DESARROLLO PRODUCTIVO;Secretaría de Agricultura y Ganadería;Integrando la Innovación para la Competitividad Rural (COMRURAL III);1070000.000000000000000000000000000000;
2024;LEMPIRA;No Aplica; AGROFORESTAL Y TURISMO;DESARROLLO PRODUCTIVO;Secretaría de Agricultura y Ganadería;PROYECTO INTEGRAL DE DESARROLLO RURAL Y PRODUCTIVIDAD;41757261.000000000000000000000000000000;
2024;LEMPIRA;No Aplica; AGROFORESTAL Y TURISMO;DESARROLLO PRODUCTIVO;Banco Nacional de Desarrollo Agrícola;Programa de Crédito para la Agroindustria y Cajas Rurales;38519028.000000000000000000000000000000;
2024;LEMPIRA;No Aplica; COMUNICACIONES Y ENERGIA;TRANSPORTE Y OBRAS PUBLICAS;Fondo Hondureño de Inversión Social;ACTIVIDAD PILOTO DE INFRAESTRUCTURA EN EL OCCIDENTE DE HONDURAS;33824314.000000000000000000000000000000;
2024;LEMPIRA;No Aplica; COMUNICACIONES Y ENERGIA;TRANSPORTE Y OBRAS PUBLICAS;Fondo Hondureño de Inversión Social;Proyecto Recuperación de Emergencia a Causa de Ciclones Tropicales Eta e Iota en Honduras.;9239343.000000000000000000000000000000;
2024;OCOTEPEQUE;No Aplica; COMUNICACIONES Y ENERGIA;COMUNICACIONES;Comisión Nacional de Telecomunicaciones;Fortalecimiento Institucional, Ampliación y Modernización de las Capacidades Técnicas y Logísticas de CONATEL a nivel Nacional;2270908.000000000000000000000000000000;
2024;OCOTEPEQUE;No Aplica; AGROFORESTAL Y TURISMO;DESARROLLO PRODUCTIVO;Secretaría de Agricultura y Ganadería;Generación de empleo, Proyectos de riego (equipamiento), Comercialización de granos básicos, silvicultura.;35812440.000000000000000000000000000000;
2024;OCOTEPEQUE;No Aplica; PROMOCION Y PROTECCION HUMANA;EDUCACION;Fondo Hondureño de Inversión Social;PROGRAMA DE MEJORA DE LA INFRAESTRUCTURA ESCOLAR (PROMINE/KFW, FASE II);1308433.000000000000000000000000000000;
2024;OCOTEPEQUE;No Aplica; PROMOCION Y PROTECCION HUMANA;EDUCACION;Secretaría de Gobernación, Justicia y Descentralización;Construcción y Reconstrucción de Centros Escolares a nivel nacional;17634145.000000000000000000000000000000;
2024;OCOTEPEQUE;No Aplica; PROMOCION Y PROTECCION HUMANA;EDUCACION;Secretaría de Educación;MEJORAMIENTO DE LA CALIDAD EN LA EDUCACIÓN PREBÁSICA EN HONDURAS;21984864.000000000000000000000000000000;
2024;OCOTEPEQUE;No Aplica; PROMOCION Y PROTECCION HUMANA;EDUCACION;Secretaría de Educación;PROGRAMA DE MEJORA DE LA INFRAESTRUCTURA ESCOLAR (PROMINE/KFW, FASE II);448107.000000000000000000000000000000;
2024;OCOTEPEQUE;No Aplica; PROMOCION Y PROTECCION HUMANA;EDUCACION;Programa de la Red Solidaria;Mejora de la Calidad Educativa para el Desarrollo de Habilidades para el Empleo: Proyecto Joven;19009648.000000000000000000000000000000;
2024;OCOTEPEQUE;No Aplica; FORTALECIMIENTO INSTITUCIONAL;MODERNIZACION DEL ESTADO;Servicio de Administración de Rentas;Fortalecimiento Institucional y Operativo de la Administración Tributaria;23648238.000000000000000000000000000000;
2024;OCOTEPEQUE;No Aplica; FORTALECIMIENTO INSTITUCIONAL;MODERNIZACION DEL ESTADO;Registro Nacional de las Personas;Proyecto de Documento de Identificación Nacional para Menores;10038909.000000000000000000000000000000;
2024;OCOTEPEQUE;No Aplica; FORTALECIMIENTO INSTITUCIONAL;MODERNIZACION DEL ESTADO;Administración Aduanera de Honduras;PROYECTO DE FORTALECIMIENTO INSTITUCIONAL Y OPERATIVO DE LA ADMINISTRACIÓN ADUANERA;5978578.000000000000000000000000000000;
2024;OCOTEPEQUE;No Aplica; FORTALECIMIENTO INSTITUCIONAL;MODERNIZACION DEL ESTADO;Instituto Nacional de Estadísticas;PROGRAMA DE APOYO AL CENSO DE POBLACIÓN Y VIVIENDA Y FORTALECIMIENTO DEL SISTEMA ESTADÍSTICO NACIONAL;16181502.000000000000000000000000000000;
2024;OCOTEPEQUE;No Aplica; PROMOCION Y PROTECCION HUMANA;PROTECCION SOCIAL;Programa de la Red Solidaria;PROGRAMA DE PROTECCIÓN SOCIAL (TRANSFERENCIAS MONETARIAS CONDICIONADAS) ;14108797.000000000000000000000000000000;
2024;OCOTEPEQUE;No Aplica; PROMOCION Y PROTECCION HUMANA;SALUD;Secretaría de Salud;APOYO AL SISTEMA INTEGRAL DE PROTECCIÓN SOCIAL 5008/BL-HO;12585410.000000000000000000000000000000;
2024;OCOTEPEQUE;No Aplica; PROMOCION Y PROTECCION HUMANA;SALUD;Secretaría de Salud;PROYECTO DE SERVICIOS ESENCIALES DE SALUD Y PREPARACIÓN ANTE EMERGENCIA;13550253.000000000000000000000000000000;
2024;OCOTEPEQUE;No Aplica; PROMOCION Y PROTECCION HUMANA;SALUD;Secretaría de Salud;RESPUESTA INMEDIATA DE SALUD PÚBLICA PARA CONTENER Y CONTROLAR EL CORONAVIRUS (COVID-19) Y MITIGAR SU EFECTO EN LA PRESTACIÓN DE SERVICIOS EN HONDURAS (RISP-HO-2);1502072.000000000000000000000000000000;
2024;OCOTEPEQUE;No Aplica; AGROFORESTAL Y TURISMO;DESARROLLO PRODUCTIVO;Secretaría de Agricultura y Ganadería;PROYECTO INTEGRAL DE DESARROLLO RURAL Y PRODUCTIVIDAD;24761559.000000000000000000000000000000;
2024;OCOTEPEQUE;No Aplica; AGROFORESTAL Y TURISMO;DESARROLLO PRODUCTIVO;Banco Nacional de Desarrollo Agrícola;Programa de Crédito para la Agroindustria y Cajas Rurales;38519028.000000000000000000000000000000;
2024;OCOTEPEQUE;No Aplica; COMUNICACIONES Y ENERGIA;TRANSPORTE Y OBRAS PUBLICAS;Fondo Hondureño de Inversión Social;Proyecto Recuperación de Emergencia a Causa de Ciclones Tropicales Eta e Iota en Honduras.;2958797.000000000000000000000000000000;
2024;OLANCHO;No Aplica; COMUNICACIONES Y ENERGIA;CARRETERAS;Secretaría de Infraestructura y Transporte;Pavimentación con Concreto Hidráulico del Anillo Agrícola, Tramo Carretero: "El Bijagual - San Francisco de Becerra (R77)", con una Longitud de 15.09 km, Ubicado en el Departamento de Olancho;98638269.000000000000000000000000000000;
2024;OLANCHO;No Aplica; COMUNICACIONES Y ENERGIA;CARRETERAS;Secretaría de Infraestructura y Transporte;Construcción y Pavimentación con Concreto Hidráulico del Corredor de Oriente, Tramo Carretero: "Las Lomas - Terrero Blanco" Ruta N-53 y Elaboración del Estudio y Diseño del Tramo Carretero: Ruta 119, "Terrero Blanco - Patuca - Palestina".;235733105.000000000000000000000000000000;
2024;OLANCHO;No Aplica; COMUNICACIONES Y ENERGIA;CARRETERAS;Secretaría de Infraestructura y Transporte;Construcción y Pavimentación Con Concreto Hidráulico del Tramo Carretero: La ENA - San José de Río Tinto - Dulce Nombre de Culmí, Sub Tramo: "Puente Río El Pataste - Dulce Nombre de Culmí", Ruta N-83, (15.33 km), Localizado en el Departamento de Olancho.;90549177.000000000000000000000000000000;
2024;OLANCHO;No Aplica; COMUNICACIONES Y ENERGIA;COMUNICACIONES;Comisión Nacional de Telecomunicaciones;Fortalecimiento Institucional, Ampliación y Modernización de las Capacidades Técnicas y Logísticas de CONATEL a nivel Nacional;6812724.000000000000000000000000000000;
2024;OLANCHO;No Aplica; PROMOCION Y PROTECCION HUMANA;EDUCACION;Fondo Hondureño de Inversión Social;PROGRAMA DE MEJORA DE LA INFRAESTRUCTURA ESCOLAR (PROMINE/KFW, FASE II);5462500.000000000000000000000000000000;
2024;OLANCHO;No Aplica; PROMOCION Y PROTECCION HUMANA;EDUCACION;Fondo Hondureño de Inversión Social;PROGRAMA DE MEJORAMIENTO INTEGRAL DE LA INFRAESTRUCTURA Y FORMACION EDUCATIVA EN HONDURAS;63379665.000000000000000000000000000000;
2024;OLANCHO;No Aplica; PROMOCION Y PROTECCION HUMANA;EDUCACION;Secretaría de Gobernación, Justicia y Descentralización;Construcción y Reconstrucción de Centros Escolares a nivel nacional;62713756.000000000000000000000000000000;
2024;OLANCHO;No Aplica; PROMOCION Y PROTECCION HUMANA;EDUCACION;Secretaría de Educación;MEJORAMIENTO DE LA CALIDAD EN LA EDUCACIÓN PREBÁSICA EN HONDURAS;60493192.000000000000000000000000000000;
2024;OLANCHO;No Aplica; PROMOCION Y PROTECCION HUMANA;EDUCACION;Secretaría de Educación;PROGRAMA DE MEJORA DE LA INFRAESTRUCTURA ESCOLAR (PROMINE/KFW, FASE II);521714.000000000000000000000000000000;
2024;OLANCHO;No Aplica; PROMOCION Y PROTECCION HUMANA;EDUCACION;Secretaría de Educación;PROGRAMA DE RECONSTRUCCIÓN, AMPLIACIÓN Y REHABILITACIÓN DE INFRAESTRUCTURA EDUCATIVA E IMPLEMENTACIÓN DE HUERTOS ESCOLARES PRODUCTIVOS EN CENTROS EDUCATIVOS DE HONDURAS, FASE I.;3250000.000000000000000000000000000000;
2024;OLANCHO;No Aplica; COMUNICACIONES Y ENERGIA;ENERGIA;Empresa Nacional de Energía Eléctrica;ADQUISICIÓN E INSTALACIÓN DE LA TURBINA HIDROELÉCTRICA DE 1.50 MW PARA EL APROVECHAMIENTO DEL CAUDAL ECOLÓGICO EN LA CENTRAL HIDROELÉCTRICA PATUCA III, MUNICIPIO DE PATUCA, DEPARTAMENTO DE OLANCHO;52000000.000000000000000000000000000000;
2024;OLANCHO;No Aplica; COMUNICACIONES Y ENERGIA;ENERGIA;Empresa Nacional de Energía Eléctrica;CONSTRUCCIÓN DE LA LÍNEA DE TRANSMISIÓN TALANGA-JUTICALPA EN 230 KILOVOLTIOS (KV) Y OBRAS CONEXAS EN LOS DEPARTAMENTOS DE FRANCISCO MORAZÁN Y OLANCHO (INCLUYE ESTUDIOS Y DISEÑOS).;414367717.000000000000000000000000000000;
2024;OLANCHO;No Aplica; COMUNICACIONES Y ENERGIA;ENERGIA;Empresa Nacional de Energía Eléctrica;Construcción de Línea de Transmisión de 69kV Telica-San Francisco de la Paz y Obras Conexas.;125000000.000000000000000000000000000000;
2024;OLANCHO;No Aplica; COMUNICACIONES Y ENERGIA;ENERGIA;Empresa Nacional de Energía Eléctrica;CONSTRUCCIÓN GRANJA SOLAR FOTOVOLTAICA 50MW EN LA CENTRAL HIDROELÉCTRICA PATUCA III (INCLUYE DISEÑOS).;452500000.000000000000000000000000000000;
2024;OLANCHO;No Aplica; COMUNICACIONES Y ENERGIA;ENERGIA;Empresa Nacional de Energía Eléctrica;Estudio de Factibilidad, y Diseño Básico para el Desarrollo de la Construcción de la Central Hidroeléctrica Patuca IIA (LA TARROSA);39330000.000000000000000000000000000000;
2024;OLANCHO;No Aplica; COMUNICACIONES Y ENERGIA;ENERGIA;Empresa Nacional de Energía Eléctrica;Estudio de Factibilidad, y Diseño Básico para el Desarrollo de la Construcción de la Central Hidroeléctrica Patuca II (La Valencia);37245000.000000000000000000000000000000;
2024;OLANCHO;No Aplica; COMUNICACIONES Y ENERGIA;ENERGIA;Empresa Nacional de Energía Eléctrica;LÍNEA DE TRANSMISIÓN EL SITIO (SIT) - ZAMORANO (ZAM) -CHICHICASTE (CHI) -PATUCA III;93616161.000000000000000000000000000000;
2024;OLANCHO;No Aplica; FORTALECIMIENTO INSTITUCIONAL;MODERNIZACION DEL ESTADO;Servicio de Administración de Rentas;Fortalecimiento Institucional y Operativo de la Administración Tributaria;29570638.000000000000000000000000000000;
2024;OLANCHO;No Aplica; FORTALECIMIENTO INSTITUCIONAL;MODERNIZACION DEL ESTADO;Registro Nacional de las Personas;Proyecto de Documento de Identificación Nacional para Menores;35702193.000000000000000000000000000000;
2024;OLANCHO;No Aplica; FORTALECIMIENTO INSTITUCIONAL;MODERNIZACION DEL ESTADO;Instituto Nacional de Estadísticas;PROGRAMA DE APOYO AL CENSO DE POBLACIÓN Y VIVIENDA Y FORTALECIMIENTO DEL SISTEMA ESTADÍSTICO NACIONAL;54092202.000000000000000000000000000000;
2024;OLANCHO;No Aplica; FORTALECIMIENTO INSTITUCIONAL;MODERNIZACION DEL ESTADO;Instituto Hondureño de Ciencia, Tecnología e Innovación;Acondicionamiento y Equipamiento de Espacios Comunitarios de la Ciencia, Tecnología e Innovación ubicados en Iriona (Colón), La Esperanza (Intibucá) y Tegucigalpa (Francisco Morazán).;304167.000000000000000000000000000000;
2024;OLANCHO;No Aplica; PROMOCION Y PROTECCION HUMANA;PROTECCION SOCIAL;Dirección Nacional del Programa Ciudad Mujer;SERVICIOS DE DESARROLLO EMPRESARIAL Y UN ENTORNO FAVORABLE PARA LAS EMPRESARIAS DE HONDURAS;25751831.000000000000000000000000000000;
2024;OLANCHO;No Aplica; PROMOCION Y PROTECCION HUMANA;PROTECCION SOCIAL;Programa de la Red Solidaria;PROGRAMA DE PROTECCIÓN SOCIAL (TRANSFERENCIAS MONETARIAS CONDICIONADAS) ;76254456.000000000000000000000000000000;
2024;OLANCHO;No Aplica; AGROFORESTAL Y TURISMO;RECURSOS FORESTAL Y AMBIENTE;Instituto Nacional de Conservación y Desarrollo Forestal;"DISEÑO E IMPLEMENTACION DE UN PILOTO DEL SISTEMA PARA LA LEGALIDAD DE LA MADERA EN BOSQUE DE PINO";2798102.040000000000000000000000000000;
2024;OLANCHO;No Aplica; AGROFORESTAL Y TURISMO;RECURSOS FORESTAL Y AMBIENTE;Instituto Nacional de Conservación y Desarrollo Forestal;PROYECTO MANEJO INTEGRADO DE LA BIOSFERA DEL RIO PLATANO;20187232.000000000000000000000000000000;
2024;OLANCHO;No Aplica; PROMOCION Y PROTECCION HUMANA;SALUD;Secretaría de Salud;APOYO AL SISTEMA INTEGRAL DE PROTECCIÓN SOCIAL 5008/BL-HO;19819560.000000000000000000000000000000;
2024;OLANCHO;No Aplica; PROMOCION Y PROTECCION HUMANA;SALUD;Secretaría de Salud;PROYECTO DE RESPUESTA A EMERGENCIA HONDURAS COVID-19;562179.000000000000000000000000000000;
2024;OLANCHO;No Aplica; PROMOCION Y PROTECCION HUMANA;SALUD;Secretaría de Salud;PROYECTO DE SERVICIOS ESENCIALES DE SALUD Y PREPARACIÓN ANTE EMERGENCIA;13550253.000000000000000000000000000000;
2024;OLANCHO;No Aplica; PROMOCION Y PROTECCION HUMANA;SALUD;Secretaría de Salud;RESPUESTA INMEDIATA DE SALUD PÚBLICA PARA CONTENER Y CONTROLAR EL CORONAVIRUS (COVID-19) Y MITIGAR SU EFECTO EN LA PRESTACIÓN DE SERVICIOS EN HONDURAS (RISP-HO-2);443120.000000000000000000000000000000;
2024;OLANCHO;No Aplica; PROMOCION Y PROTECCION HUMANA;SALUD;Programa de la Red Solidaria;PROYECTO DE MEJORA DE LA GESTION Y CALIDAD DE LOS SERVICIOS DE SALUD MATERNO-NEONATAL;33029863.000000000000000000000000000000;
2024;OLANCHO;No Aplica; AGROFORESTAL Y TURISMO;DESARROLLO PRODUCTIVO;Secretaría de Agricultura y Ganadería;Fortalecimiento del Abastecimiento de Agua Urbana;5828000.000000000000000000000000000000;
2024;OLANCHO;No Aplica; AGROFORESTAL Y TURISMO;DESARROLLO PRODUCTIVO;Secretaría de Agricultura y Ganadería;Proyecto de inclusión económica y social de pequeños productores rurales en la región noreste de Honduras (PROINORTE);22968545.000000000000000000000000000000;
2024;OLANCHO;No Aplica; AGROFORESTAL Y TURISMO;DESARROLLO PRODUCTIVO;Banco Nacional de Desarrollo Agrícola;Programa de Crédito para la Agroindustria y Cajas Rurales;38519028.000000000000000000000000000000;
2024;OLANCHO;No Aplica; COMUNICACIONES Y ENERGIA;TRANSPORTE Y OBRAS PUBLICAS;Fondo Hondureño de Inversión Social;PROYECTO CONVIVENCIA Y ESPACIOS SEGUROS PARA LOS JÓVENES EN HONDURAS;12723792.000000000000000000000000000000;
2024;SANTA BARBARA;No Aplica; PROMOCION Y PROTECCION HUMANA;AGUA Y SANEAMIENTO;Secretaría de Desarrollo Comunitario, Agua y Saneamiento;PROGRAMA DE AGUA Y SANEAMIENTO EN HONDURAS;2440188.000000000000000000000000000000;
2024;SANTA BARBARA;No Aplica; COMUNICACIONES Y ENERGIA;CARRETERAS;Secretaría de Infraestructura y Transporte;Carretera Quimistán-Corinto (45 km);363200000.000000000000000000000000000000;
2024;SANTA BARBARA;No Aplica; COMUNICACIONES Y ENERGIA;CARRETERAS;Secretaría de Infraestructura y Transporte;Construcción y Rehabilitación Vial con Concreto Hidráulico del Corredor de Occidente, Tramo Carretero: "Naco - La Entrada" (79.1 Km), Localizado en los Departamentos de Santa Bárbara y Copán.;150952724.000000000000000000000000000000;
2024;SANTA BARBARA;No Aplica; COMUNICACIONES Y ENERGIA;COMUNICACIONES;Comisión Nacional de Telecomunicaciones;Fortalecimiento Institucional, Ampliación y Modernización de las Capacidades Técnicas y Logísticas de CONATEL a nivel Nacional;2270908.000000000000000000000000000000;
2024;SANTA BARBARA;No Aplica; AGROFORESTAL Y TURISMO;DESARROLLO PRODUCTIVO;Secretaría de Agricultura y Ganadería;Generación de empleo, Proyectos de riego (equipamiento), Comercialización de granos básicos, silvicultura.;89304144.000000000000000000000000000000;
2024;SANTA BARBARA;No Aplica; PROMOCION Y PROTECCION HUMANA;EDUCACION;Fondo Hondureño de Inversión Social;PROGRAMA DE MEJORAMIENTO INTEGRAL DE LA INFRAESTRUCTURA Y FORMACION EDUCATIVA EN HONDURAS;26601501.000000000000000000000000000000;
2024;SANTA BARBARA;No Aplica; PROMOCION Y PROTECCION HUMANA;EDUCACION;Secretaría de Gobernación, Justicia y Descentralización;Construcción y Reconstrucción de Centros Escolares a nivel nacional;50740288.000000000000000000000000000000;
2024;SANTA BARBARA;No Aplica; PROMOCION Y PROTECCION HUMANA;EDUCACION;Secretaría de Educación;MEJORAMIENTO DE LA CALIDAD EN LA EDUCACIÓN PREBÁSICA EN HONDURAS;38473512.000000000000000000000000000000;
2024;SANTA BARBARA;No Aplica; PROMOCION Y PROTECCION HUMANA;EDUCACION;Secretaría de Educación;PROGRAMA DE RECONSTRUCCIÓN, AMPLIACIÓN Y REHABILITACIÓN DE INFRAESTRUCTURA EDUCATIVA E IMPLEMENTACIÓN DE HUERTOS ESCOLARES PRODUCTIVOS EN CENTROS EDUCATIVOS DE HONDURAS, FASE I.;22750000.000000000000000000000000000000;
2024;SANTA BARBARA;No Aplica; PROMOCION Y PROTECCION HUMANA;EDUCACION;Programa de la Red Solidaria;Mejora de la Calidad Educativa para el Desarrollo de Habilidades para el Empleo: Proyecto Joven;22676687.000000000000000000000000000000;
2024;SANTA BARBARA;No Aplica; COMUNICACIONES Y ENERGIA;ENERGIA;Empresa Nacional de Energía Eléctrica;Estudio de Factibilidad, Actualización Técnica, Financiero, Social, Ambiental y Diseño Básico para la Construcción de la Central Hidroeléctrica El Tablón;75000000.000000000000000000000000000000;
2024;SANTA BARBARA;No Aplica; COMUNICACIONES Y ENERGIA;ENERGIA;Empresa Nacional de Energía Eléctrica;CONSTRUCCIÓN DE LA CENTRAL HIDROELÉCTRICA EL TABLÓN;249695521.000000000000000000000000000000;
2024;SANTA BARBARA;No Aplica; COMUNICACIONES Y ENERGIA;ENERGIA;Empresa Nacional de Energía Eléctrica;CONSTRUCCIÓN DE LA CENTRAL HIDROELÉCTRICA JICATUYO;318405971.000000000000000000000000000000;
2024;SANTA BARBARA;No Aplica; COMUNICACIONES Y ENERGIA;ENERGIA;Empresa Nacional de Energía Eléctrica;CONSTRUCCIÓN DE LA CENTRAL HIDROELÉCTRICA LOS LLANITOS;322800000.000000000000000000000000000000;
2024;SANTA BARBARA;No Aplica; COMUNICACIONES Y ENERGIA;ENERGIA;Empresa Nacional de Energía Eléctrica;Estudio de factibilidad y diseño básico para el desarrollo de la Central Hidroeléctrica Jicatuyo;68760000.000000000000000000000000000000;
2024;SANTA BARBARA;No Aplica; COMUNICACIONES Y ENERGIA;ENERGIA;Empresa Nacional de Energía Eléctrica;Estudio de Factibilidad y Diseño Básico para el Desarrollo de la Central Hidroeléctrica Los Llanitos;75000000.000000000000000000000000000000;
2024;SANTA BARBARA;No Aplica; FORTALECIMIENTO INSTITUCIONAL;MODERNIZACION DEL ESTADO;Servicio de Administración de Rentas;Fortalecimiento Institucional y Operativo de la Administración Tributaria;7003.000000000000000000000000000000;
2024;SANTA BARBARA;No Aplica; FORTALECIMIENTO INSTITUCIONAL;MODERNIZACION DEL ESTADO;Registro Nacional de las Personas;Proyecto de Documento de Identificación Nacional para Menores;28885909.000000000000000000000000000000;
2024;SANTA BARBARA;No Aplica; FORTALECIMIENTO INSTITUCIONAL;MODERNIZACION DEL ESTADO;Instituto Nacional de Estadísticas;PROGRAMA DE APOYO AL CENSO DE POBLACIÓN Y VIVIENDA Y FORTALECIMIENTO DEL SISTEMA ESTADÍSTICO NACIONAL;49217823.000000000000000000000000000000;
2024;SANTA BARBARA;No Aplica; FORTALECIMIENTO INSTITUCIONAL;MODERNIZACION DEL ESTADO;Instituto Hondureño de Ciencia, Tecnología e Innovación;Acondicionamiento y Equipamiento de Espacios Comunitarios de la Ciencia, Tecnología e Innovación ubicados en Iriona (Colón), La Esperanza (Intibucá) y Tegucigalpa (Francisco Morazán).;495833.000000000000000000000000000000;
2024;SANTA BARBARA;No Aplica; PROMOCION Y PROTECCION HUMANA;PROTECCION SOCIAL;Programa de la Red Solidaria;FINANCIAMIENTO ADICIONAL AL PROYECTO DE INTEGRACIÓN DE LA PROTECCIÓN SOCIAL;3610000.000000000000000000000000000000;
2024;SANTA BARBARA;No Aplica; PROMOCION Y PROTECCION HUMANA;PROTECCION SOCIAL;Programa de la Red Solidaria;PROGRAMA DE PROTECCIÓN SOCIAL (TRANSFERENCIAS MONETARIAS CONDICIONADAS) ;25495530.000000000000000000000000000000;
2024;SANTA BARBARA;No Aplica; PROMOCION Y PROTECCION HUMANA;SALUD;Fondo Hondureño de Inversión Social;Programa de Construcción de las Instalaciones del "Complejo Científico Industrial de Honduras y el Laboratorio Nacional de Moléculas Biológicas, Genética y Prototipos de Salud (COCINH LAB-HONDURAS);494284173.000000000000000000000000000000;
2024;SANTA BARBARA;No Aplica; PROMOCION Y PROTECCION HUMANA;SALUD;Secretaría de Salud;PROYECTO DE SERVICIOS ESENCIALES DE SALUD Y PREPARACIÓN ANTE EMERGENCIA;13550253.000000000000000000000000000000;
2024;SANTA BARBARA;No Aplica; PROMOCION Y PROTECCION HUMANA;SALUD;Secretaría de Salud;RESPUESTA INMEDIATA DE SALUD PÚBLICA PARA CONTENER Y CONTROLAR EL CORONAVIRUS (COVID-19) Y MITIGAR SU EFECTO EN LA PRESTACIÓN DE SERVICIOS EN HONDURAS (RISP-HO-2);2728900.000000000000000000000000000000;
2024;SANTA BARBARA;No Aplica; AGROFORESTAL Y TURISMO;DESARROLLO PRODUCTIVO;Secretaría de Agricultura y Ganadería;PROYECTO INTEGRAL DE DESARROLLO RURAL Y PRODUCTIVIDAD;43881735.000000000000000000000000000000;
2024;SANTA BARBARA;No Aplica; AGROFORESTAL Y TURISMO;DESARROLLO PRODUCTIVO;Banco Nacional de Desarrollo Agrícola;Programa de Crédito para la Agroindustria y Cajas Rurales;38519024.000000100000000000000000000000;
2024;SANTA BARBARA;No Aplica; COMUNICACIONES Y ENERGIA;TRANSPORTE Y OBRAS PUBLICAS;Fondo Hondureño de Inversión Social;Proyecto Recuperación de Emergencia a Causa de Ciclones Tropicales Eta e Iota en Honduras.;12538100.000000000000000000000000000000;
2024;VALLE;No Aplica; COMUNICACIONES Y ENERGIA;COMUNICACIONES;Comisión Nacional de Telecomunicaciones;Fortalecimiento Institucional, Ampliación y Modernización de las Capacidades Técnicas y Logísticas de CONATEL a nivel Nacional;2270908.000000000000000000000000000000;
2024;VALLE;No Aplica; PROMOCION Y PROTECCION HUMANA;EDUCACION;Fondo Hondureño de Inversión Social;PROGRAMA DE MEJORAMIENTO INTEGRAL DE LA INFRAESTRUCTURA Y FORMACION EDUCATIVA EN HONDURAS;8257565.000000000000000000000000000000;
2024;VALLE;No Aplica; PROMOCION Y PROTECCION HUMANA;EDUCACION;Secretaría de Gobernación, Justicia y Descentralización;Construcción y Reconstrucción de Centros Escolares a nivel nacional;21015981.000000000000000000000000000000;
2024;VALLE;No Aplica; PROMOCION Y PROTECCION HUMANA;EDUCACION;Secretaría de Educación;MEJORAMIENTO DE LA CALIDAD EN LA EDUCACIÓN PREBÁSICA EN HONDURAS;12366486.000000000000000000000000000000;
2024;VALLE;No Aplica; PROMOCION Y PROTECCION HUMANA;EDUCACION;Secretaría de Educación;PROGRAMA DE RECONSTRUCCIÓN, AMPLIACIÓN Y REHABILITACIÓN DE INFRAESTRUCTURA EDUCATIVA E IMPLEMENTACIÓN DE HUERTOS ESCOLARES PRODUCTIVOS EN CENTROS EDUCATIVOS DE HONDURAS, FASE I.;6635939.000000000000000000000000000000;
2024;VALLE;No Aplica; FORTALECIMIENTO INSTITUCIONAL;MODERNIZACION DEL ESTADO;Servicio de Administración de Rentas;Fortalecimiento Institucional y Operativo de la Administración Tributaria;54189.000000000000000000000000000000;
2024;VALLE;No Aplica; FORTALECIMIENTO INSTITUCIONAL;MODERNIZACION DEL ESTADO;Registro Nacional de las Personas;Proyecto de Documento de Identificación Nacional para Menores;11964079.000000000000000000000000000000;
2024;VALLE;No Aplica; FORTALECIMIENTO INSTITUCIONAL;MODERNIZACION DEL ESTADO;Administración Aduanera de Honduras;PROYECTO DE FORTALECIMIENTO INSTITUCIONAL Y OPERATIVO DE LA ADMINISTRACIÓN ADUANERA;14523192.000000000000000000000000000000;
2024;VALLE;No Aplica; FORTALECIMIENTO INSTITUCIONAL;MODERNIZACION DEL ESTADO;Instituto Nacional de Estadísticas;PROGRAMA DE APOYO AL CENSO DE POBLACIÓN Y VIVIENDA Y FORTALECIMIENTO DEL SISTEMA ESTADÍSTICO NACIONAL;18091911.000000000000000000000000000000;
2024;VALLE;No Aplica; PROMOCION Y PROTECCION HUMANA;PROTECCION SOCIAL;Programa de la Red Solidaria;FINANCIAMIENTO ADICIONAL AL PROYECTO DE INTEGRACIÓN DE LA PROTECCIÓN SOCIAL;14240000.000000000000000000000000000000;
2024;VALLE;No Aplica; PROMOCION Y PROTECCION HUMANA;PROTECCION SOCIAL;Programa de la Red Solidaria;PROGRAMA DE PROTECCIÓN SOCIAL (TRANSFERENCIAS MONETARIAS CONDICIONADAS) ;35030692.000000000000000000000000000000;
2024;VALLE;No Aplica; PROMOCION Y PROTECCION HUMANA;SALUD;Secretaría de Salud;PROYECTO DE RESPUESTA A EMERGENCIA HONDURAS COVID-19;114223.000000000000000000000000000000;
2024;VALLE;No Aplica; PROMOCION Y PROTECCION HUMANA;SALUD;Secretaría de Salud;PROYECTO DE SERVICIOS ESENCIALES DE SALUD Y PREPARACIÓN ANTE EMERGENCIA;13550252.000000000000000000000000000000;
2024;VALLE;No Aplica; AGROFORESTAL Y TURISMO;DESARROLLO PRODUCTIVO;Secretaría de Agricultura y Ganadería;PROYECTO DE SEGURIDAD HIDRICA EN EL CORREDOR SECO DE HONDURAS;14268666.000000000000000000000000000000;
2024;VALLE;No Aplica; AGROFORESTAL Y TURISMO;DESARROLLO PRODUCTIVO;Banco Nacional de Desarrollo Agrícola;Programa de Crédito para la Agroindustria y Cajas Rurales;38519028.000000000000000000000000000000;
2024;VALLE;No Aplica; COMUNICACIONES Y ENERGIA;TRANSPORTE Y OBRAS PUBLICAS;Empresa Nacional Portuaria;PROYECTO DE REPARACION DEL PUENTE DE ACCESO, MUELLE Y CONSTRUCCION DE UN NUEVO PUENTE DE ACCESO ALTERNATIVO AL MUELLE DEL PUERTO DE SAN LORENZO, VALLE;85000000.000000000000000000000000000000;
2024;YORO;No Aplica; COMUNICACIONES Y ENERGIA;CARRETERAS;Secretaría de Infraestructura y Transporte;Primera Etapa: Carretera Corredor Turístico: Progreso-Tela (Progreso-Desvio El Aguacate (30 km)) y Libramiento Ciudad de el Progreso.;584013750.000000000000000000000000000000;
2024;YORO;No Aplica; COMUNICACIONES Y ENERGIA;COMUNICACIONES;Comisión Nacional de Telecomunicaciones;Fortalecimiento Institucional, Ampliación y Modernización de las Capacidades Técnicas y Logísticas de CONATEL a nivel Nacional;4541816.000000000000000000000000000000;
2024;YORO;No Aplica; AGROFORESTAL Y TURISMO;DESARROLLO PRODUCTIVO;Secretaría de Agricultura y Ganadería;Generación de empleo, Proyectos de riego (equipamiento), Comercialización de granos básicos, silvicultura.;107372518.000000000000000000000000000000;
2024;YORO;No Aplica; PROMOCION Y PROTECCION HUMANA;EDUCACION;Secretaría de Gobernación, Justicia y Descentralización;Construcción y Reconstrucción de Centros Escolares a nivel nacional;68715365.000000000000000000000000000000;
2024;YORO;No Aplica; PROMOCION Y PROTECCION HUMANA;EDUCACION;Secretaría de Educación;MEJORAMIENTO DE LA CALIDAD EN LA EDUCACIÓN PREBÁSICA EN HONDURAS;58420745.000000000000000000000000000000;
2024;YORO;No Aplica; COMUNICACIONES Y ENERGIA;ENERGIA;Empresa Nacional de Energía Eléctrica;APOYO AL PROGRAMA NACIONAL DE TRANSMISIÓN DE ENERGÍA ELÉCTRICA;93266599.000000000000000000000000000000;
2024;YORO;No Aplica; COMUNICACIONES Y ENERGIA;ENERGIA;Empresa Nacional de Energía Eléctrica;LÍNEA DE TRANSMISIÓN NEGRITO (NEG) - YORO (YOR) -ARENALES (ARE);563195430.000000000000000000000000000000;
2024;YORO;No Aplica; FORTALECIMIENTO INSTITUCIONAL;MODERNIZACION DEL ESTADO;Instituto de la Propiedad;Construcción de Edificio Regional en Yoro, departamento de Yoro;17500000.000000000000000000000000000000;
2024;YORO;No Aplica; FORTALECIMIENTO INSTITUCIONAL;MODERNIZACION DEL ESTADO;Servicio de Administración de Rentas;Fortalecimiento Institucional y Operativo de la Administración Tributaria;189132.000000000000000000000000000000;
2024;YORO;No Aplica; FORTALECIMIENTO INSTITUCIONAL;MODERNIZACION DEL ESTADO;Registro Nacional de las Personas;Proyecto de Documento de Identificación Nacional para Menores;39118699.000000000000000000000000000000;
2024;YORO;No Aplica; FORTALECIMIENTO INSTITUCIONAL;MODERNIZACION DEL ESTADO;Instituto Nacional de Estadísticas;PROGRAMA DE APOYO AL CENSO DE POBLACIÓN Y VIVIENDA Y FORTALECIMIENTO DEL SISTEMA ESTADÍSTICO NACIONAL;61892827.000000000000000000000000000000;
2024;YORO;No Aplica; PROMOCION Y PROTECCION HUMANA;PROTECCION SOCIAL;Programa de la Red Solidaria;FINANCIAMIENTO ADICIONAL AL PROYECTO DE INTEGRACIÓN DE LA PROTECCIÓN SOCIAL;73965000.000000000000000000000000000000;
2024;YORO;No Aplica; PROMOCION Y PROTECCION HUMANA;PROTECCION SOCIAL;Programa de la Red Solidaria;PROGRAMA DE PROTECCIÓN SOCIAL (TRANSFERENCIAS MONETARIAS CONDICIONADAS) ;52941589.000000000000000000000000000000;
2024;YORO;No Aplica; AGROFORESTAL Y TURISMO;RECURSOS FORESTAL Y AMBIENTE;Programa de la Red Solidaria;MANEJO SOSTENIBLE DE BOSQUES;790189.000000000000000000000000000000;
2024;YORO;No Aplica; PROMOCION Y PROTECCION HUMANA;SALUD;Secretaría de Salud;PROYECTO DE RESPUESTA A EMERGENCIA HONDURAS COVID-19;3225120.000000000000000000000000000000;
2024;YORO;No Aplica; PROMOCION Y PROTECCION HUMANA;SALUD;Secretaría de Salud;PROYECTO DE SERVICIOS ESENCIALES DE SALUD Y PREPARACIÓN ANTE EMERGENCIA;13550250.000000000000000000000000000000;
2024;YORO;No Aplica; AGROFORESTAL Y TURISMO;DESARROLLO PRODUCTIVO;Secretaría de Agricultura y Ganadería;Proyecto de inclusión económica y social de pequeños productores rurales en la región noreste de Honduras (PROINORTE);7672637.000000000000000000000000000000;
2024;YORO;No Aplica; AGROFORESTAL Y TURISMO;DESARROLLO PRODUCTIVO;Banco Nacional de Desarrollo Agrícola;Programa de Crédito para la Agroindustria y Cajas Rurales;38519028.000000000000000000000000000000;
2024;YORO;No Aplica; COMUNICACIONES Y ENERGIA;TRANSPORTE Y OBRAS PUBLICAS;Fondo Hondureño de Inversión Social;Proyecto Recuperación de Emergencia a Causa de Ciclones Tropicales Eta e Iota en Honduras.;30501907.000000000000000000000000000000;
2025;Atlántida;NA;AGROFORESTAL Y TURISMO;RECURSOS FORESTAL Y AMBIENTE;Instituto Nacional de Conservación y Desarrollo Forestal;Fortalecimiento del Sistema Nacional de Áreas Protegida de Honduras, SINAPH  (LIFEWEB);19431412.000000000000000000000000000000;
2025;Atlántida;NA;AGROFORESTAL Y TURISMO;SEGURIDAD ALIMENTARIA;Secretaría de Agricultura y Ganadería;Proyecto de inclusión económica y social de pequeños productores rurales en la región noreste de Honduras (PROINORTE);4393681.941809622000000000000000000000;
2025;Atlántida;NA;COMUNICACIONES Y ENERGIA;CARRETERAS;Secretaría de Infraestructura y Transporte;Programa Carreteras Resilientes de Honduras (PCR-HN);583357184.850000000000000000000000000000;
2025;Atlántida;NA;FORTALECIMIENTO INSTITUCIONAL;MODERNIZACION DEL ESTADO;Dirección de Gestión por Resultados;Proyecto Transformación Digital para una Mayor Competitividad;7459400.000000000000000000000000000000;
2025;Atlántida;NA;FORTALECIMIENTO INSTITUCIONAL;MODERNIZACION DEL ESTADO;Instituto Nacional de Estadísticas;Programa de Apoyo al Censo de Población y Vivienda y Fortalecimiento del Sistema Estadístico Nacional  ;19568101.330000000000000000000000000000;
2025;Atlántida;NA;PROMOCION Y PROTECCION HUMANA;AGUA Y SANEAMIENTO;Fondo Hondureño de Inversión Social;Programa de Infraestructura para la Seguridad Ciudadana;7106774.000000000000000000000000000000;
2025;Atlántida;NA;PROMOCION Y PROTECCION HUMANA;EDUCACION;Fondo Hondureño de Inversión Social;PROGRAMA DE MEJORAMIENTO INTEGRAL DE LA INFRAESTRUCTURA Y FORMACION EDUCATIVA EN HONDURAS;16253189.182500000000000000000000000000;
2025;Atlántida;NA;PROMOCION Y PROTECCION HUMANA;EDUCACION;Secretaría de Educación;Mejoramiento de la Calidad en la Educación Prebásica en Honduras;2931841.000000000000000000000000000000;
2025;Atlántida;NA;PROMOCION Y PROTECCION HUMANA;PROTECCION SOCIAL;Dirección Nacional del Programa Ciudad Mujer;SERVICIOS DE DESARROLLO EMPRESARIAL Y UN ENTORNO FAVORABLE PARA LAS EMPRESARIAS DE HONDURAS;820583.000000000000000000000000000000;
2025;Atlántida;NA;PROMOCION Y PROTECCION HUMANA;PROTECCION SOCIAL;Programa de la Red Solidaria;FINANCIAMIENTO ADICIONAL AL PROYECTO DE INTEGRACIÓN DE LA PROTECCIÓN SOCIAL;1121580.000000000000000000000000000000;
2025;Atlántida;NA;PROMOCION Y PROTECCION HUMANA;PROTECCION SOCIAL;Programa de la Red Solidaria;Programa Bono De Alivio A Familias Vulnerables Afectadas Por Fenomenos Naturales Producto Del Cambio Climatico/ 2282;82922624.000000000000000000000000000000;
2025;Atlántida;NA;PROMOCION Y PROTECCION HUMANA;PROTECCION SOCIAL;Programa de la Red Solidaria;PROGRAMA DE DESARROLLO INFANTIL TEMPRANO EN LAS COMUNIDADES DE ATLANTIDA;30148131.000000000000000000000000000000;
2025;Atlántida;NA;PROMOCION Y PROTECCION HUMANA;PROTECCION SOCIAL;Programa de la Red Solidaria;PROYECTO DE APOYO A POBLACIONES VULNERABLES AFECTADAS POR CORONAVIRUS;506520.000000000000000000000000000000;
2025;Atlántida;NA;PROMOCION Y PROTECCION HUMANA;PROTECCION SOCIAL;Registro Nacional de las Personas;Fortalecimiento del Ecosistema Nacion al de Registro Civil e Identificación de Honduras;20607878.000000000000000000000000000000;
2025;Atlántida;NA;PROMOCION Y PROTECCION HUMANA;PROTECCION SOCIAL;Secretaría de Trabajo y Seguridad Social;Programa de Apoyo para la Inserción Laboral en Honduras;606401.100000000000000000000000000000;
2025;Atlántida;NA;PROMOCION Y PROTECCION HUMANA;SALUD;Secretaría de Salud;Honduras - Iniciativa Regional de Eliminación de la Malaria (IREM en Mesoamérica y República Dominicana);2637376.792392302000000000000000000000;
2025;Atlántida;NA;PROMOCION Y PROTECCION HUMANA;SALUD;Secretaría de Salud;Proyecto de Servicios Esenciales de Salud y Preparación ante emergencias;2586898.393572839000000000000000000000;
2025;Choluteca;NA;AGROFORESTAL Y TURISMO;RECURSOS FORESTAL Y AMBIENTE;Secretaría de Recursos Naturales y Ambiente;Programa de Restauración de Bosques Resilientes al Clima y Silvicultura para la Sostenibilidad de los Servicios Ecosistémicos Relacionados con el Agua.;7771570.967213118000000000000000000000;
2025;Choluteca;NA;AGROFORESTAL Y TURISMO;SEGURIDAD ALIMENTARIA;Secretaría de Agricultura y Ganadería;Integrando la Innovación para la Competitividad Rural (COMRURAL II) Tipo de proyecto: Inversión Pública;79004324.231458500000000000000000000000;
2025;Choluteca;NA;AGROFORESTAL Y TURISMO;SEGURIDAD ALIMENTARIA;Secretaría de Agricultura y Ganadería;Integrando la Innovación para la Competitividad Rural (COMRURAL III) ;7698276.924529490000000000000000000000;
2025;Choluteca;NA;COMUNICACIONES Y ENERGIA;TRANSPORTE Y OBRAS PUBLICAS;Fondo Hondureño de Inversión Social;Proyecto Recuperación de Emergencia a Causa de Ciclones Tropicales Eta e Iota en Honduras.;22602147.730000000000000000000000000000;
2025;Choluteca;NA;FORTALECIMIENTO INSTITUCIONAL;MODERNIZACION DEL ESTADO;Dirección de Gestión por Resultados;Proyecto Transformación Digital para una Mayor Competitividad;11721917.000000000000000000000000000000;
2025;Choluteca;NA;FORTALECIMIENTO INSTITUCIONAL;MODERNIZACION DEL ESTADO;Instituto Nacional de Estadísticas;Programa de Apoyo al Censo de Población y Vivienda y Fortalecimiento del Sistema Estadístico Nacional  ;19629373.320000000000000000000000000000;
2025;Choluteca;NA;PROMOCION Y PROTECCION HUMANA;AGUA Y SANEAMIENTO;Secretaría de Agricultura y Ganadería;PROYECTO DE SEGURIDAD HIDRICA EN EL CORREDOR SECO DE HONDURAS;3098325.990899330000000000000000000000;
2025;Choluteca;NA;PROMOCION Y PROTECCION HUMANA;AGUA Y SANEAMIENTO;Secretaría de Desarrollo Comunitario, Agua y Saneamiento;Programa de Agua y Saneamiento en Honduras;518377.130008140000000000000000000000;
2025;Choluteca;NA;PROMOCION Y PROTECCION HUMANA;ARTES Y CULTURA ;Instituto Hondureño de Antropología e Historia;Fortalecimiento Integral del Instituto Hondureño de Antropología e Historia, para la restauración, rehabilitación, acceso inclusivo e investigación en sitios arqueológicos, museos, archivos históricos e inmuebles de patrimonio en 9 departamentos del país.;3248768.724219480000000000000000000000;
2025;Choluteca;NA;PROMOCION Y PROTECCION HUMANA;EDUCACION;Secretaría de Educación;Mejoramiento de la Calidad en la Educación Prebásica en Honduras;2674823.000000000000000000000000000000;
2025;Choluteca;NA;PROMOCION Y PROTECCION HUMANA;PROTECCION SOCIAL;Dirección Nacional del Programa Ciudad Mujer;SERVICIOS DE DESARROLLO EMPRESARIAL Y UN ENTORNO FAVORABLE PARA LAS EMPRESARIAS DE HONDURAS;820583.000000000000000000000000000000;
2025;Choluteca;NA;PROMOCION Y PROTECCION HUMANA;PROTECCION SOCIAL;Programa de la Red Solidaria;APOYO AL SISTEMA INTEGRAL DE PROTECCIÓN SOCIAL 5008/BL-HO;2145000.000000000000000000000000000000;
2025;Choluteca;NA;PROMOCION Y PROTECCION HUMANA;PROTECCION SOCIAL;Programa de la Red Solidaria;PROYECTO DE APOYO A POBLACIONES VULNERABLES AFECTADAS POR CORONAVIRUS;675360.000000000000000000000000000000;
2025;Choluteca;NA;PROMOCION Y PROTECCION HUMANA;PROTECCION SOCIAL;Registro Nacional de las Personas;Fortalecimiento del Ecosistema Nacion al de Registro Civil e Identificación de Honduras;20672406.000000000000000000000000000000;
2025;Choluteca;NA;PROMOCION Y PROTECCION HUMANA;PROTECCION SOCIAL;Secretaría de Agricultura y Ganadería;Fortalecimiento del Abastecimiento de Agua Urbana;10119198.240710901000000000000000000000;
2025;Choluteca;NA;PROMOCION Y PROTECCION HUMANA;PROTECCION SOCIAL;Secretaría de Trabajo y Seguridad Social;Programa de Apoyo para la Inserción Laboral en Honduras;4947466.860000000000000000000000000000;
2025;Choluteca;NA;PROMOCION Y PROTECCION HUMANA;SALUD;Secretaría de Salud;Honduras - Iniciativa Regional de Eliminación de la Malaria (IREM en Mesoamérica y República Dominicana);2409984.357174772000000000000000000000;
2025;Choluteca;NA;PROMOCION Y PROTECCION HUMANA;SALUD;Secretaría de Salud;Programa de Diseño, Construcción y Equipamiento del nuevo Hospital en las ciudades de Choluteca y Tocoa como apoyo a la Red Hospitalaria de la República de Honduras;460498101.256477000000000000000000000000;
2025;Choluteca;NA;PROMOCION Y PROTECCION HUMANA;SALUD;Secretaría de Salud;Proyecto de Servicios Esenciales de Salud y Preparación ante emergencias;2586898.393572839000000000000000000000;
2025;Colón;NA;AGROFORESTAL Y TURISMO;RECURSOS FORESTAL Y AMBIENTE;Instituto Nacional de Conservación y Desarrollo Forestal;Fortalecimiento del Sistema Nacional de Áreas Protegida de Honduras, SINAPH  (LIFEWEB);19431412.000000000000000000000000000000;
2025;Colón;NA;AGROFORESTAL Y TURISMO;SEGURIDAD ALIMENTARIA;Secretaría de Agricultura y Ganadería;Proyecto de inclusión económica y social de pequeños productores rurales en la región noreste de Honduras (PROINORTE);81488353.862610772000000000000000000000;
2025;Colón;NA;COMUNICACIONES Y ENERGIA;TRANSPORTE Y OBRAS PUBLICAS;Fondo Hondureño de Inversión Social;Proyecto Recuperación de Emergencia a Causa de Ciclones Tropicales Eta e Iota en Honduras.;60293570.900000000000000000000000000000;
2025;Colón;NA;FORTALECIMIENTO INSTITUCIONAL;MODERNIZACION DEL ESTADO;Dirección de Gestión por Resultados;Proyecto Transformación Digital para una Mayor Competitividad;4351315.000000000000000000000000000000;
2025;Colón;NA;FORTALECIMIENTO INSTITUCIONAL;MODERNIZACION DEL ESTADO;Instituto Nacional de Estadísticas;Programa de Apoyo al Censo de Población y Vivienda y Fortalecimiento del Sistema Estadístico Nacional  ;13901743.430000000000000000000000000000;
2025;Colón;NA;PROMOCION Y PROTECCION HUMANA;AGUA Y SANEAMIENTO;Secretaría de Desarrollo Comunitario, Agua y Saneamiento;Programa de Agua y Saneamiento en Honduras;4196860.994873600000000000000000000000;
2025;Colón;NA;PROMOCION Y PROTECCION HUMANA;ARTES Y CULTURA ;Instituto Hondureño de Antropología e Historia;Fortalecimiento Integral del Instituto Hondureño de Antropología e Historia, para la restauración, rehabilitación, acceso inclusivo e investigación en sitios arqueológicos, museos, archivos históricos e inmuebles de patrimonio en 9 departamentos del país.;2548446.537683943000000000000000000000;
2025;Colón;NA;PROMOCION Y PROTECCION HUMANA;DEPORTES;Comisión Nacional de Deportes, Educación Física y Recreación;Construcción de 2 complejos deportivos ;224500000.000000000000000000000000000000;
2025;Colón;NA;PROMOCION Y PROTECCION HUMANA;EDUCACION;Secretaría de Educación;Mejoramiento de la Calidad en la Educación Prebásica en Honduras;2674823.000000000000000000000000000000;
2025;Colón;NA;PROMOCION Y PROTECCION HUMANA;PROTECCION SOCIAL;Programa de la Red Solidaria;FINANCIAMIENTO ADICIONAL AL PROYECTO DE INTEGRACIÓN DE LA PROTECCIÓN SOCIAL;3891360.000000000000000000000000000000;
2025;Colón;NA;PROMOCION Y PROTECCION HUMANA;PROTECCION SOCIAL;Programa de la Red Solidaria;Programa Bono De Alivio A Familias Vulnerables Afectadas Por Fenomenos Naturales Producto Del Cambio Climatico/ 2282;58910623.000000000000000000000000000000;
2025;Colón;NA;PROMOCION Y PROTECCION HUMANA;PROTECCION SOCIAL;Programa de la Red Solidaria;PROYECTO DE APOYO A POBLACIONES VULNERABLES AFECTADAS POR CORONAVIRUS;1358760.000000000000000000000000000000;
2025;Colón;NA;PROMOCION Y PROTECCION HUMANA;PROTECCION SOCIAL;Registro Nacional de las Personas;Fortalecimiento del Ecosistema Nacion al de Registro Civil e Identificación de Honduras;14640430.000000000000000000000000000000;
2025;Colón;NA;PROMOCION Y PROTECCION HUMANA;SALUD;Secretaría de Salud;Honduras - Iniciativa Regional de Eliminación de la Malaria (IREM en Mesoamérica y República Dominicana);2664686.941675417000000000000000000000;
2025;Colón;NA;PROMOCION Y PROTECCION HUMANA;SALUD;Secretaría de Salud;Programa de Diseño, Construcción y Equipamiento del nuevo Hospital en las ciudades de Choluteca y Tocoa como apoyo a la Red Hospitalaria de la República de Honduras;982664193.569227000000000000000000000000;
2025;Colón;NA;PROMOCION Y PROTECCION HUMANA;SALUD;Secretaría de Salud;Proyecto de Servicios Esenciales de Salud y Preparación ante emergencias;2586898.393572839000000000000000000000;
2025;Comayagua;NA;AGROFORESTAL Y TURISMO;RECURSOS FORESTAL Y AMBIENTE;Secretaría de Recursos Naturales y Ambiente;Programa de Restauración de Bosques Resilientes al Clima y Silvicultura para la Sostenibilidad de los Servicios Ecosistémicos Relacionados con el Agua.;49219949.459016414000000000000000000000;
2025;Comayagua;NA;AGROFORESTAL Y TURISMO;SEGURIDAD ALIMENTARIA;Secretaría de Agricultura y Ganadería;Integrando la Innovación para la Competitividad Rural (COMRURAL II) Tipo de proyecto: Inversión Pública;67957613.027201600000000000000000000000;
2025;Comayagua;NA;AGROFORESTAL Y TURISMO;SEGURIDAD ALIMENTARIA;Secretaría de Agricultura y Ganadería;Integrando la Innovación para la Competitividad Rural (COMRURAL III) ;4555980.252607910000000000000000000000;
2025;Comayagua;NA;AGROFORESTAL Y TURISMO;SEGURIDAD ALIMENTARIA;Secretaría de Agricultura y Ganadería;PROYECTO DE DESAROLLO AGRICOLA BAJO RIEGO (PDABR);160112426.151648594000000000000000000000;
2025;Comayagua;NA;COMUNICACIONES Y ENERGIA;ENERGIA;Empresa Nacional de Energía Eléctrica;Apoyo al Programa de Transmisión  de Energía Eléctrica ;7800000.000000000000000000000000000000;
2025;Comayagua;NA;FORTALECIMIENTO INSTITUCIONAL;MODERNIZACION DEL ESTADO;Dirección de Gestión por Resultados;Proyecto Transformación Digital para una Mayor Competitividad;9324251.000000000000000000000000000000;
2025;Comayagua;NA;FORTALECIMIENTO INSTITUCIONAL;MODERNIZACION DEL ESTADO;Instituto Nacional de Estadísticas;Programa de Apoyo al Censo de Población y Vivienda y Fortalecimiento del Sistema Estadístico Nacional  ;22134437.650000000000000000000000000000;
2025;Comayagua;NA;PROMOCION Y PROTECCION HUMANA;AGUA Y SANEAMIENTO;Fondo Hondureño de Inversión Social;Programa de Infraestructura para la Seguridad Ciudadana;9318100.000000000000000000000000000000;
2025;Comayagua;NA;PROMOCION Y PROTECCION HUMANA;AGUA Y SANEAMIENTO;Secretaría de Desarrollo Comunitario, Agua y Saneamiento;Programa de Agua y Saneamiento en Honduras;4535799.887571230000000000000000000000;
2025;Comayagua;NA;PROMOCION Y PROTECCION HUMANA;ARTES Y CULTURA ;Instituto Hondureño de Antropología e Historia;Fortalecimiento Integral del Instituto Hondureño de Antropología e Historia, para la restauración, rehabilitación, acceso inclusivo e investigación en sitios arqueológicos, museos, archivos históricos e inmuebles de patrimonio en 9 departamentos del país.;3023228.635591770000000000000000000000;
2025;Comayagua;NA;PROMOCION Y PROTECCION HUMANA;EDUCACION;Secretaría de Educación;Mejoramiento de la Calidad en la Educación Prebásica en Honduras;9987353.000000000000000000000000000000;
2025;Comayagua;NA;PROMOCION Y PROTECCION HUMANA;PROTECCION SOCIAL;Programa de la Red Solidaria;FINANCIAMIENTO ADICIONAL AL PROYECTO DE INTEGRACIÓN DE LA PROTECCIÓN SOCIAL;19991460.000000000000000000000000000000;
2025;Comayagua;NA;PROMOCION Y PROTECCION HUMANA;PROTECCION SOCIAL;Registro Nacional de las Personas;Fortalecimiento del Ecosistema Nacion al de Registro Civil e Identificación de Honduras;23310578.000000000000000000000000000000;
2025;Comayagua;NA;PROMOCION Y PROTECCION HUMANA;PROTECCION SOCIAL;Secretaría de Agricultura y Ganadería;Fortalecimiento del Abastecimiento de Agua Urbana;54511052.650894493000000000000000000000;
2025;Comayagua;NA;PROMOCION Y PROTECCION HUMANA;PROTECCION SOCIAL;Secretaría de Trabajo y Seguridad Social;Programa de Apoyo para la Inserción Laboral en Honduras;530193.600000000000000000000000000000;
2025;Comayagua;NA;PROMOCION Y PROTECCION HUMANA;SALUD;Secretaría de Salud;Honduras - Iniciativa Regional de Eliminación de la Malaria (IREM en Mesoamérica y República Dominicana);1291460.037149058000000000000000000000;
2025;Comayagua;NA;PROMOCION Y PROTECCION HUMANA;SALUD;Secretaría de Salud;Proyecto de Servicios Esenciales de Salud y Preparación ante emergencias;5207552.647853879000000000000000000000;
2025;Comayagua;NA;PROMOCION Y PROTECCION HUMANA;SALUD;Secretaría de Salud;Respuesta inmediata de salud pública para contener y controlar el coronavirus (COVID-19) y mitigar su efecto en la prestación de servicios en Honduras (RISP-HO-2);1225851.015177760000000000000000000000;
2025;Copán;NA;AGROFORESTAL Y TURISMO;SEGURIDAD ALIMENTARIA;Fondo Hondureño de Inversión Social;PROYECTO CONVIVENCIA Y ESPACIOS SEGUROS PARA LOS JÓVENES EN HONDURAS;14105280.550000000000000000000000000000;
2025;Copán;NA;AGROFORESTAL Y TURISMO;SEGURIDAD ALIMENTARIA;Secretaría de Agricultura y Ganadería;Integrando la Innovación para la Competitividad Rural (COMRURAL II) Tipo de proyecto: Inversión Pública;103314761.692900700000000000000000000000;
2025;Copán;NA;AGROFORESTAL Y TURISMO;SEGURIDAD ALIMENTARIA;Secretaría de Agricultura y Ganadería;Integrando la Innovación para la Competitividad Rural (COMRURAL III) ;11547415.386794200000000000000000000000;
2025;Copán;NA;AGROFORESTAL Y TURISMO;SEGURIDAD ALIMENTARIA;Secretaría de Agricultura y Ganadería;PROYECTO INTEGRAL DE DESARROLLO RURAL Y PRODUCTIVIDAD;37999712.977856290000000000000000000000;
2025;Copán;NA;COMUNICACIONES Y ENERGIA;CARRETERAS;Secretaría de Infraestructura y Transporte;Programa Carreteras Resilientes de Honduras (PCR-HN);14986116.000000000000000000000000000000;
2025;Copán;NA;COMUNICACIONES Y ENERGIA;TRANSPORTE Y OBRAS PUBLICAS;Fondo Hondureño de Inversión Social;Actividad Piloto de Infraestructura en El Occidente de Honduras;54886180.000000000000000000000000000000;
2025;Copán;NA;COMUNICACIONES Y ENERGIA;TRANSPORTE Y OBRAS PUBLICAS;Fondo Hondureño de Inversión Social;Proyecto Recuperación de Emergencia a Causa de Ciclones Tropicales Eta e Iota en Honduras.;39030292.900000000000000000000000000000;
2025;Copán;NA;FORTALECIMIENTO INSTITUCIONAL;MODERNIZACION DEL ESTADO;Dirección de Gestión por Resultados;Proyecto Transformación Digital para una Mayor Competitividad;6660171.000000000000000000000000000000;
2025;Copán;NA;FORTALECIMIENTO INSTITUCIONAL;MODERNIZACION DEL ESTADO;Instituto Nacional de Estadísticas;Programa de Apoyo al Censo de Población y Vivienda y Fortalecimiento del Sistema Estadístico Nacional  ;16643776.940000000000000000000000000000;
2025;Copán;NA;PROMOCION Y PROTECCION HUMANA;AGUA Y SANEAMIENTO;Fondo Hondureño de Inversión Social;Programa de Infraestructura para la Seguridad Ciudadana;4016800.000000000000000000000000000000;
2025;Copán;NA;PROMOCION Y PROTECCION HUMANA;AGUA Y SANEAMIENTO;Secretaría de Desarrollo Comunitario, Agua y Saneamiento;Programa de Agua y Saneamiento en Honduras;458564.384237971000000000000000000000;
2025;Copán;NA;PROMOCION Y PROTECCION HUMANA;EDUCACION;Fondo Hondureño de Inversión Social;PROGRAMA DE MEJORAMIENTO INTEGRAL DE LA INFRAESTRUCTURA Y FORMACION EDUCATIVA EN HONDURAS;13840607.711351300000000000000000000000;
2025;Copán;NA;PROMOCION Y PROTECCION HUMANA;EDUCACION;Programa de la Red Solidaria;Mejora de la Calidad Educativa para el Desarrollo de Habilidades para el Empleo: Proyecto Joven;15999958.770000000000000000000000000000;
2025;Copán;NA;PROMOCION Y PROTECCION HUMANA;EDUCACION;Secretaría de Educación;Mejoramiento de la Calidad en la Educación Prebásica en Honduras;4284823.000000000000000000000000000000;
2025;Copán;NA;PROMOCION Y PROTECCION HUMANA;PROTECCION SOCIAL;Programa de la Red Solidaria;FINANCIAMIENTO ADICIONAL AL PROYECTO DE INTEGRACIÓN DE LA PROTECCIÓN SOCIAL;6291300.000000000000000000000000000000;
2025;Copán;NA;PROMOCION Y PROTECCION HUMANA;PROTECCION SOCIAL;Programa de la Red Solidaria;PROYECTO DE INTEGRACIÓN DE LA PROTECCIÓN SOCIAL / 6401-HN;1250220.000000000000000000000000000000;
2025;Copán;NA;PROMOCION Y PROTECCION HUMANA;PROTECCION SOCIAL;Registro Nacional de las Personas;Fortalecimiento del Ecosistema Nacion al de Registro Civil e Identificación de Honduras;17528164.000000000000000000000000000000;
2025;Copán;NA;PROMOCION Y PROTECCION HUMANA;PROTECCION SOCIAL;Secretaría de Agricultura y Ganadería;Fortalecimiento del Abastecimiento de Agua Urbana;13388185.672107574000000000000000000000;
2025;Copán;NA;PROMOCION Y PROTECCION HUMANA;SALUD;Programa de la Red Solidaria;PROYECTO DE MEJORA DE LA GESTION Y CALIDAD DE LOS SERVICIOS DE SALUD MATERNO-NEONATAL;180974582.000000000000000000000000000000;
2025;Copán;NA;PROMOCION Y PROTECCION HUMANA;SALUD;Secretaría de Salud;Apoyo al Sistema Integral de Protección Social 5008/BL-HO;4579767.213159400000000000000000000000;
2025;Copán;NA;PROMOCION Y PROTECCION HUMANA;SALUD;Secretaría de Salud;Proyecto de Servicios Esenciales de Salud y Preparación ante emergencias;5207552.647853879000000000000000000000;
2025;Copán;NA;PROMOCION Y PROTECCION HUMANA;SALUD;Secretaría de Salud;Respuesta inmediata de salud pública para contener y controlar el coronavirus (COVID-19) y mitigar su efecto en la prestación de servicios en Honduras (RISP-HO-2);19468402.299784629000000000000000000000;
2025;Cortés;NA;AGROFORESTAL Y TURISMO;RECURSOS FORESTAL Y AMBIENTE;Instituto Nacional de Conservación y Desarrollo Forestal;Fortalecimiento del Sistema Nacional de Áreas Protegida de Honduras, SINAPH  (LIFEWEB);19431412.000000000000000000000000000000;
2025;Cortés;NA;AGROFORESTAL Y TURISMO;RECURSOS FORESTAL Y AMBIENTE;Secretaría de Recursos Naturales y Ambiente;Programa de Restauración de Bosques Resilientes al Clima y Silvicultura para la Sostenibilidad de los Servicios Ecosistémicos Relacionados con el Agua.;2590523.655737706000000000000000000000;
2025;Cortés;NA;AGROFORESTAL Y TURISMO;SEGURIDAD ALIMENTARIA;Secretaría de Agricultura y Ganadería;Integrando la Innovación para la Competitividad Rural (COMRURAL III) ;7698276.924529490000000000000000000000;
2025;Cortés;NA;COMUNICACIONES Y ENERGIA;ENERGIA;Empresa Nacional de Energía Eléctrica;Apoyo al Programa de Transmisión  de Energía Eléctrica ;510750000.000000000000000000000000000000;
2025;Cortés;NA;COMUNICACIONES Y ENERGIA;ENERGIA;Empresa Nacional de Energía Eléctrica;Proyecto de Rehabilitación y Repotenciación del Complejo Hidroeléctrico Cañaveral-Río Lindo;846310000.000000000000000000000000000000;
2025;Cortés;NA;COMUNICACIONES Y ENERGIA;ENERGIA;Empresa Nacional de Energía Eléctrica;Renovación de la Central Hidroeléctrica Francisco Morazán Para Facilitar el Acceso a Energías Renovables;199506973.000000000000000000000000000000;
2025;Cortés;NA;COMUNICACIONES Y ENERGIA;TRANSPORTE Y OBRAS PUBLICAS;Fondo Hondureño de Inversión Social;Proyecto Recuperación de Emergencia a Causa de Ciclones Tropicales Eta e Iota en Honduras.;44488385.290000000000000000000000000000;
2025;Cortés;NA;COMUNICACIONES Y ENERGIA;TRANSPORTE Y OBRAS PUBLICAS;Secretaría de Infraestructura y Transporte;Reconstrucción del Puente No.1 (Viejo, Tangente) y Rehabilitación del Puente No.2 (Nuevo, Curvo) sobre la Laguna de Alvarado, ubicado en Puerto Cortés, Departamento de Cortés.;43968414.600000000000000000000000000000;
2025;Cortés;NA;FORTALECIMIENTO INSTITUCIONAL;DESCENTRALIZACION;Administración Aduanera de Honduras;Fortalecimiento Institucional y Operativo de la Administración Aduanera;261055000.000000000000000000000000000000;
2025;Cortés;NA;FORTALECIMIENTO INSTITUCIONAL;MODERNIZACION DEL ESTADO;Dirección de Gestión por Resultados;Proyecto Transformación Digital para una Mayor Competitividad;17582873.000000000000000000000000000000;
2025;Cortés;NA;FORTALECIMIENTO INSTITUCIONAL;MODERNIZACION DEL ESTADO;Instituto Nacional de Estadísticas;Programa de Apoyo al Censo de Población y Vivienda y Fortalecimiento del Sistema Estadístico Nacional  ;70081246.880000000000000000000000000000;
2025;Cortés;NA;PROMOCION Y PROTECCION HUMANA;AGUA Y SANEAMIENTO;Fondo Hondureño de Inversión Social;Programa de Infraestructura para la Seguridad Ciudadana;28190200.000000000000000000000000000000;
2025;Cortés;NA;PROMOCION Y PROTECCION HUMANA;AGUA Y SANEAMIENTO;Secretaría de Desarrollo Comunitario, Agua y Saneamiento;Programa para Incrementar la Resiliencia ante Inundaciones del Valle de Sula en Honduras;200000000.000000000000000000000000000000;
2025;Cortés;NA;PROMOCION Y PROTECCION HUMANA;ARTES Y CULTURA ;Instituto Hondureño de Antropología e Historia;Fortalecimiento Integral del Instituto Hondureño de Antropología e Historia, para la restauración, rehabilitación, acceso inclusivo e investigación en sitios arqueológicos, museos, archivos históricos e inmuebles de patrimonio en 9 departamentos del país.;2461917.400718863000000000000000000000;
2025;Cortés;NA;PROMOCION Y PROTECCION HUMANA;DEPORTES;Comisión Nacional de Deportes, Educación Física y Recreación;Construcción de 2 complejos deportivos ;224500000.000000000000000000000000000000;
2025;Cortés;NA;PROMOCION Y PROTECCION HUMANA;DEPORTES;Comisión Nacional de Deportes, Educación Física y Recreación;Construcción, Mejoras, Y Rehabilitación De Espacios Físicos Deportivos, Recreativos Y Administrativo Con Acceso Inclusivo Para Uso De La Población A Nivel Nacional;10680000.000000000000000000000000000000;
2025;Cortés;NA;PROMOCION Y PROTECCION HUMANA;EDUCACION;Fondo Hondureño de Inversión Social;PROGRAMA DE MEJORAMIENTO INTEGRAL DE LA INFRAESTRUCTURA Y FORMACION EDUCATIVA EN HONDURAS;56801179.375669100000000000000000000000;
2025;Cortés;NA;PROMOCION Y PROTECCION HUMANA;EDUCACION;Programa de la Red Solidaria;Mejora de la Calidad Educativa para el Desarrollo de Habilidades para el Empleo: Proyecto Joven;854022.070000000000000000000000000000;
2025;Cortés;NA;PROMOCION Y PROTECCION HUMANA;EDUCACION;Secretaría de Educación;Mejoramiento de la Calidad en la Educación Prebásica en Honduras;9987353.000000000000000000000000000000;
2025;Cortés;NA;PROMOCION Y PROTECCION HUMANA;PROTECCION SOCIAL;Dirección Nacional del Programa Ciudad Mujer;SERVICIOS DE DESARROLLO EMPRESARIAL Y UN ENTORNO FAVORABLE PARA LAS EMPRESARIAS DE HONDURAS;1641166.000000000000000000000000000000;
2025;Cortés;NA;PROMOCION Y PROTECCION HUMANA;PROTECCION SOCIAL;Programa de la Red Solidaria;FINANCIAMIENTO ADICIONAL AL PROYECTO DE INTEGRACIÓN DE LA PROTECCIÓN SOCIAL;5849100.000000000000000000000000000000;
2025;Cortés;NA;PROMOCION Y PROTECCION HUMANA;PROTECCION SOCIAL;Programa de la Red Solidaria;Programa Bono De Alivio A Familias Vulnerables Afectadas Por Fenomenos Naturales Producto Del Cambio Climatico/ 2282;74244823.000000000000000000000000000000;
2025;Cortés;NA;PROMOCION Y PROTECCION HUMANA;PROTECCION SOCIAL;Programa de la Red Solidaria;PROYECTO DE APOYO A POBLACIONES VULNERABLES AFECTADAS POR CORONAVIRUS;542700.000000000000000000000000000000;
2025;Cortés;NA;PROMOCION Y PROTECCION HUMANA;PROTECCION SOCIAL;Programa de la Red Solidaria;PROYECTO DE INTEGRACIÓN DE LA PROTECCIÓN SOCIAL / 6401-HN;1286400.000000000000000000000000000000;
2025;Cortés;NA;PROMOCION Y PROTECCION HUMANA;PROTECCION SOCIAL;Registro Nacional de las Personas;Fortalecimiento del Ecosistema Nacion al de Registro Civil e Identificación de Honduras;73805100.000000000000000000000000000000;
2025;Cortés;NA;PROMOCION Y PROTECCION HUMANA;PROTECCION SOCIAL;Secretaría de Agricultura y Ganadería;Fortalecimiento del Abastecimiento de Agua Urbana;84477815.384077331000000000000000000000;
2025;Cortés;NA;PROMOCION Y PROTECCION HUMANA;PROTECCION SOCIAL;Secretaría de Trabajo y Seguridad Social;Programa de Apoyo para la Inserción Laboral en Honduras;2900584.340000000000000000000000000000;
2025;Cortés;NA;PROMOCION Y PROTECCION HUMANA;SALUD;Secretaría de Salud;Fortalecimiento del Programa de Trasplantes Renales y servicios conexos hospitalarios;137457031.394113300000000000000000000000;
2025;Cortés;NA;PROMOCION Y PROTECCION HUMANA;SALUD;Secretaría de Salud;Honduras - Iniciativa Regional de Eliminación de la Malaria (IREM en Mesoamérica y República Dominicana);5457854.659812809000000000000000000000;
2025;Cortés;NA;PROMOCION Y PROTECCION HUMANA;SALUD;Secretaría de Salud;Programa de construcción y equipamiento de Tres Hospitales(Tegucigalpa, San Pedro Sula y Roatán) para el Fortalecimiento de la Red Hospitalaria en Honduras;244179138.575002947000000000000000000000;
2025;Cortés;NA;PROMOCION Y PROTECCION HUMANA;SALUD;Secretaría de Salud;Proyecto de Servicios Esenciales de Salud y Preparación ante emergencias;10827915.692010709000000000000000000000;
2025;El Paraíso;NA;AGROFORESTAL Y TURISMO;RECURSOS FORESTAL Y AMBIENTE;Secretaría de Recursos Naturales y Ambiente;Programa de Restauración de Bosques Resilientes al Clima y Silvicultura para la Sostenibilidad de los Servicios Ecosistémicos Relacionados con el Agua.;34108561.467213129000000000000000000000;
2025;El Paraíso;NA;AGROFORESTAL Y TURISMO;SEGURIDAD ALIMENTARIA;Secretaría de Agricultura y Ganadería;Integrando la Innovación para la Competitividad Rural (COMRURAL II) Tipo de proyecto: Inversión Pública;52783539.933594100000000000000000000000;
2025;El Paraíso;NA;AGROFORESTAL Y TURISMO;SEGURIDAD ALIMENTARIA;Secretaría de Agricultura y Ganadería;Integrando la Innovación para la Competitividad Rural (COMRURAL III) ;9944774.099778550000000000000000000000;
2025;El Paraíso;NA;COMUNICACIONES Y ENERGIA;CARRETERAS;Secretaría de Infraestructura y Transporte;Programa Carreteras Resilientes de Honduras (PCR-HN);105577492.000000000000000000000000000000;
2025;El Paraíso;NA;COMUNICACIONES Y ENERGIA;CARRETERAS;Secretaría de Infraestructura y Transporte;Rehabilitación con Concreto Hidráulico de la Carretera CA-6, Tramo: "Tegucigalpa (Posta de Villa Vieja) - Empalme Concreto Hidráulico Neteapa (Desvío a Morocelí)", con una Longitud de 50.5 Km, Ubicado;441058903.000000000000000000000000000000;
2025;El Paraíso;NA;FORTALECIMIENTO INSTITUCIONAL;MODERNIZACION DEL ESTADO;Dirección de Gestión por Resultados;Proyecto Transformación Digital para una Mayor Competitividad;6304972.000000000000000000000000000000;
2025;El Paraíso;NA;FORTALECIMIENTO INSTITUCIONAL;MODERNIZACION DEL ESTADO;Instituto Nacional de Estadísticas;Programa de Apoyo al Censo de Población y Vivienda y Fortalecimiento del Sistema Estadístico Nacional  ;19938379.700000000000000000000000000000;
2025;El Paraíso;NA;PROMOCION Y PROTECCION HUMANA;AGUA Y SANEAMIENTO;Fondo Hondureño de Inversión Social;Programa de Infraestructura para la Seguridad Ciudadana;8058400.000000000000000000000000000000;
2025;El Paraíso;NA;PROMOCION Y PROTECCION HUMANA;ARTES Y CULTURA ;Instituto Hondureño de Antropología e Historia;Fortalecimiento Integral del Instituto Hondureño de Antropología e Historia, para la restauración, rehabilitación, acceso inclusivo e investigación en sitios arqueológicos, museos, archivos históricos e inmuebles de patrimonio en 9 departamentos del país.;2585667.782445010000000000000000000000;
2025;El Paraíso;NA;PROMOCION Y PROTECCION HUMANA;EDUCACION;Secretaría de Educación;Mejoramiento de la Calidad en la Educación Prebásica en Honduras;4004823.000000000000000000000000000000;
2025;El Paraíso;NA;PROMOCION Y PROTECCION HUMANA;PROTECCION SOCIAL;Programa de la Red Solidaria;FINANCIAMIENTO ADICIONAL AL PROYECTO DE INTEGRACIÓN DE LA PROTECCIÓN SOCIAL;57309120.000000000000000000000000000000;
2025;El Paraíso;NA;PROMOCION Y PROTECCION HUMANA;PROTECCION SOCIAL;Programa de la Red Solidaria;Programa Bono De Alivio A Familias Vulnerables Afectadas Por Fenomenos Naturales Producto Del Cambio Climatico/ 2282;84491735.000000000000000000000000000000;
2025;El Paraíso;NA;PROMOCION Y PROTECCION HUMANA;PROTECCION SOCIAL;Registro Nacional de las Personas;Fortalecimiento del Ecosistema Nacion al de Registro Civil e Identificación de Honduras;20997830.000000000000000000000000000000;
2025;El Paraíso;NA;PROMOCION Y PROTECCION HUMANA;PROTECCION SOCIAL;Secretaría de Agricultura y Ganadería;Fortalecimiento del Abastecimiento de Agua Urbana;60268835.696252931000000000000000000000;
2025;El Paraíso;NA;PROMOCION Y PROTECCION HUMANA;PROTECCION SOCIAL;Secretaría de Trabajo y Seguridad Social;Programa de Apoyo para la Inserción Laboral en Honduras;4585854.160000000000000000000000000000;
2025;El Paraíso;NA;PROMOCION Y PROTECCION HUMANA;SALUD;Secretaría de Salud;Honduras - Iniciativa Regional de Eliminación de la Malaria (IREM en Mesoamérica y República Dominicana);1792904.289844767000000000000000000000;
2025;El Paraíso;NA;PROMOCION Y PROTECCION HUMANA;SALUD;Secretaría de Salud;Proyecto de Servicios Esenciales de Salud y Preparación ante emergencias;2586898.393572839000000000000000000000;
2025;Francisco Morazán;NA;AGROFORESTAL Y TURISMO;RECURSOS FORESTAL Y AMBIENTE;Secretaría de Recursos Naturales y Ambiente;Programa de Restauración de Bosques Resilientes al Clima y Silvicultura para la Sostenibilidad de los Servicios Ecosistémicos Relacionados con el Agua.;46197671.860655757000000000000000000000;
2025;Francisco Morazán;NA;AGROFORESTAL Y TURISMO;SEGURIDAD ALIMENTARIA;Fondo Hondureño de Inversión Social;PROYECTO CONVIVENCIA Y ESPACIOS SEGUROS PARA LOS JÓVENES EN HONDURAS;54768110.000000000000000000000000000000;
2025;Francisco Morazán;NA;AGROFORESTAL Y TURISMO;SEGURIDAD ALIMENTARIA;Instituto Nacional de Conservación y Desarrollo Forestal;Diseño E Implementación De Un Piloto Del Sistema Para Asegurar La Legalidad De La Madera En Bosque De Pino;2000000.000000000000000000000000000000;
2025;Francisco Morazán;NA;AGROFORESTAL Y TURISMO;SEGURIDAD ALIMENTARIA;Instituto Nacional de Conservación y Desarrollo Forestal;Rehabilitación y Reforestación tecnificada de fincas de café en agrobosques sostenibles y productivos en varias regiones cafetaleras de Honduras AGROBOSQUE	;47916705.500000000000000000000000000000;
2025;Francisco Morazán;NA;AGROFORESTAL Y TURISMO;SEGURIDAD ALIMENTARIA;Secretaría de Agricultura y Ganadería;ALIANZA PARA EL CORREDOR SECO (USAID- GAFSP);13156550.000000000000000000000000000000;
2025;Francisco Morazán;NA;AGROFORESTAL Y TURISMO;SEGURIDAD ALIMENTARIA;Secretaría de Agricultura y Ganadería;Fortalecimiento de la innovación, resiliencia y sostenibilidad de los sistemas agroalimentarios en el Norte Centro de Honduras (INNOVASAN);50000000.000000000000000000000000000000;
2025;Francisco Morazán;NA;AGROFORESTAL Y TURISMO;SEGURIDAD ALIMENTARIA;Secretaría de Agricultura y Ganadería;Integrando la Innovación para la Competitividad Rural (COMRURAL II) Tipo de proyecto: Inversión Pública;75275728.444803530000000000000000000000;
2025;Francisco Morazán;NA;AGROFORESTAL Y TURISMO;SEGURIDAD ALIMENTARIA;Secretaría de Agricultura y Ganadería;Integrando la Innovación para la Competitividad Rural (COMRURAL III) ;116530889.342938870000000000000000000000;
2025;Francisco Morazán;NA;AGROFORESTAL Y TURISMO;SEGURIDAD ALIMENTARIA;Secretaría de Agricultura y Ganadería;PROYECTO DE DESAROLLO AGRICOLA BAJO RIEGO (PDABR);690798.000000000000000000000000000000;
2025;Francisco Morazán;NA;AGROFORESTAL Y TURISMO;SEGURIDAD ALIMENTARIA;Secretaría de Agricultura y Ganadería;Proyecto de inclusión económica y social de pequeños productores rurales en la región noreste de Honduras (PROINORTE);4132567.000000000000000000000000000000;
2025;Francisco Morazán;NA;AGROFORESTAL Y TURISMO;SEGURIDAD ALIMENTARIA;Secretaría de Agricultura y Ganadería;PROYECTO INTEGRAL DE DESARROLLO RURAL Y PRODUCTIVIDAD;180069051.407013800000000000000000000000;
2025;Francisco Morazán;NA;COMUNICACIONES Y ENERGIA;CARRETERAS;Secretaría de Infraestructura y Transporte;Construcción y Pavimentación con Concreto Hidráulico de la Carretera Central, Tramo: "Marale - Empalme Carretera Yoro" (53.31 km), localizado en el Departamento de Francisco Morazán y Yoro.;8265853.000000000000000000000000000000;
2025;Francisco Morazán;NA;COMUNICACIONES Y ENERGIA;CARRETERAS;Secretaría de Infraestructura y Transporte;Construcción y Pavimentación con Concreto Hidráulico del Tramo Carretero: "Portillo del Lobo-Reitoca - Curarén" (39.54 KM), Localizado en los Departamentos de Francisco Morazán y Choluteca.;65904000.000000000000000000000000000000;
2025;Francisco Morazán;NA;COMUNICACIONES Y ENERGIA;CARRETERAS;Secretaría de Infraestructura y Transporte;Libramiento Salida CA-5 Sur;599407245.000000000000000000000000000000;
2025;Francisco Morazán;NA;COMUNICACIONES Y ENERGIA;CARRETERAS;Secretaría de Infraestructura y Transporte;Pavimentación con Concreto Hidráulico del Tramo Carretero: "San Juan de Flores-Talanga",  (R73), con una Longitud de 18.46 Km, Ubicado en el Departamento de Francisco Morazán .;10571485.000000000000000000000000000000;
2025;Francisco Morazán;NA;COMUNICACIONES Y ENERGIA;CARRETERAS;Secretaría de Infraestructura y Transporte;Programa Carreteras Resilientes de Honduras (PCR-HN);848406050.850000000000000000000000000000;
2025;Francisco Morazán;NA;COMUNICACIONES Y ENERGIA;COMUNICACIONES;Comisión Nacional de Telecomunicaciones;Fortalecimiento Institucional, Ampliación Y Modernización de las Capacidades Técnicas y Logísticas de la Comisión Nacional de Telecomunicaciones (CONATEL) a Nivel Nacional.;36215722.000000000000000000000000000000;
2025;Francisco Morazán;NA;COMUNICACIONES Y ENERGIA;ENERGIA;Empresa Nacional de Energía Eléctrica;Apoyo al Programa de Transmisión  de Energía Eléctrica ;96815185.000000000000000000000000000000;
2025;Francisco Morazán;NA;COMUNICACIONES Y ENERGIA;TRANSPORTE Y OBRAS PUBLICAS;Alcaldia Municipal del Distrito Central;CONSTRUCCIÓN DE LA VILLA RÁPIDA EL CHILE - SOBERANÍA - MALLOL (VILLA RÁPIDA CENTRO HISTÓRICO);161005650.000000000000000000000000000000;
2025;Francisco Morazán;NA;COMUNICACIONES Y ENERGIA;TRANSPORTE Y OBRAS PUBLICAS;Alcaldia Municipal del Distrito Central;VILLA RÁPIDA SEXTA AVENIDA - BOULEVARD FUERZAS ARMADAS;86695350.000000000000000000000000000000;
2025;Francisco Morazán;NA;COMUNICACIONES Y ENERGIA;TRANSPORTE Y OBRAS PUBLICAS;Fondo Hondureño de Inversión Social;Actividad Piloto de Infraestructura en El Occidente de Honduras;11248820.000000000000000000000000000000;
2025;Francisco Morazán;NA;COMUNICACIONES Y ENERGIA;TRANSPORTE Y OBRAS PUBLICAS;Fondo Hondureño de Inversión Social;Proyecto Recuperación de Emergencia a Causa de Ciclones Tropicales Eta e Iota en Honduras.;159533210.270000000000000000000000000000;
2025;Francisco Morazán;NA;COMUNICACIONES Y ENERGIA;TRANSPORTE Y OBRAS PUBLICAS;Instituciones;VARIOS PROGRAMAS Y PROYECTOS;200504871.000000000000000000000000000000;
2025;Francisco Morazán;NA;FORTALECIMIENTO INSTITUCIONAL;DESCENTRALIZACION;Administración Aduanera de Honduras;Fortalecimiento Institucional y Operativo de la Administración Aduanera;121066565.000000000000000000000000000000;
2025;Francisco Morazán;NA;FORTALECIMIENTO INSTITUCIONAL;MODERNIZACION DEL ESTADO;Dirección de Gestión por Resultados;Proyecto Transformación Digital para una Mayor Competitividad;335574446.000000000000000000000000000000;
2025;Francisco Morazán;NA;FORTALECIMIENTO INSTITUCIONAL;MODERNIZACION DEL ESTADO;dministración Nacional de Servicio Civil;Escuela de Profesionalizaciónde la Administración Pública ;2953203.000000000000000000000000000000;
2025;Francisco Morazán;NA;FORTALECIMIENTO INSTITUCIONAL;MODERNIZACION DEL ESTADO;Instituto Nacional de Estadísticas;Programa de Apoyo al Censo de Población y Vivienda y Fortalecimiento del Sistema Estadístico Nacional  ;67682040.450000000000000000000000000000;
2025;Francisco Morazán;NA;FORTALECIMIENTO INSTITUCIONAL;MODERNIZACION DEL ESTADO;Secretaría de Finanzas;Diseño, Desarrollo e Implementación del Nuevo Sistema de Administración Financiera Integrada (SIAFI) de Honduras;70188000.000000000000000000000000000000;
2025;Francisco Morazán;NA;FORTALECIMIENTO INSTITUCIONAL;SEGURIDAD Y DEFENSA;Secretaría de Seguridad;Programa De Convivencia Ciudadana y Mejoramiento de Barrios;3713011.000000000000000000000000000000;
2025;Francisco Morazán;NA;FORTALECIMIENTO INSTITUCIONAL;SEGURIDAD Y DEFENSA;Secretaría de Seguridad;Programa de Modernización Integral y Profesionalización de los Servicios de la Policía Nacional de Honduras;113610134.000000000000000000000000000000;
2025;Francisco Morazán;NA;PROMOCION Y PROTECCION HUMANA;AGUA Y SANEAMIENTO;Alcaldia Municipal del Distrito Central;Proyecto para Fortalecer la Prestación de Agua Potable de Tegucigalpa;237932136.000000150000000000000000000000;
2025;Francisco Morazán;NA;PROMOCION Y PROTECCION HUMANA;AGUA Y SANEAMIENTO;Fondo Hondureño de Inversión Social;Programa de Infraestructura para la Seguridad Ciudadana;98571496.000000000000000000000000000000;
2025;Francisco Morazán;NA;PROMOCION Y PROTECCION HUMANA;AGUA Y SANEAMIENTO;Secretaría de Agricultura y Ganadería;PROYECTO DE SEGURIDAD HIDRICA EN EL CORREDOR SECO DE HONDURAS;58506625.145440780000000000000000000000;
2025;Francisco Morazán;NA;PROMOCION Y PROTECCION HUMANA;AGUA Y SANEAMIENTO;Secretaría de Desarrollo Comunitario, Agua y Saneamiento;Programa de Agua y Saneamiento en Honduras;91366461.361675230000000000000000000000;
2025;Francisco Morazán;NA;PROMOCION Y PROTECCION HUMANA;ARTES Y CULTURA ;Instituto Hondureño de Antropología e Historia;Fortalecimiento Integral del Instituto Hondureño de Antropología e Historia, para la restauración, rehabilitación, acceso inclusivo e investigación en sitios arqueológicos, museos, archivos históricos e inmuebles de patrimonio en 9 departamentos del país.;2426943.946267715000000000000000000000;
2025;Francisco Morazán;NA;PROMOCION Y PROTECCION HUMANA;DEPORTES;Comisión Nacional de Deportes, Educación Física y Recreación;Construcción, Mejoras, Y Rehabilitación De Espacios Físicos Deportivos, Recreativos Y Administrativo Con Acceso Inclusivo Para Uso De La Población A Nivel Nacional;9462623.000000000000000000000000000000;
2025;Francisco Morazán;NA;PROMOCION Y PROTECCION HUMANA;DEPORTES;Comisión Nacional de Deportes, Educación Física y Recreación;Diseño, Construcción Y Remodelación De Instalaciones Y Espacios Fisicos De Actividades Deportivas Y Recreativas, Para Uso De La Población A Nivel Nacional;444034417.000000000000000000000000000000;
2025;Francisco Morazán;NA;PROMOCION Y PROTECCION HUMANA;EDUCACION;Fondo Hondureño de Inversión Social;Programa de Mejora de la Infraestructura Escolar (PROMINE/KFW, Fase II);45527494.255834000000000000000000000000;
2025;Francisco Morazán;NA;PROMOCION Y PROTECCION HUMANA;EDUCACION;Fondo Hondureño de Inversión Social;PROGRAMA DE MEJORAMIENTO INTEGRAL DE LA INFRAESTRUCTURA Y FORMACION EDUCATIVA EN HONDURAS;300000000.000000000000000000000000000000;
2025;Francisco Morazán;NA;PROMOCION Y PROTECCION HUMANA;EDUCACION;Programa de la Red Solidaria;Mejora de la Calidad Educativa para el Desarrollo de Habilidades para el Empleo: Proyecto Joven;51568347.390000000000000000000000000000;
2025;Francisco Morazán;NA;PROMOCION Y PROTECCION HUMANA;EDUCACION;Secretaría de Educación;Mejoramiento de la Calidad en la Educación Prebásica en Honduras;31390620.000000000000000000000000000000;
2025;Francisco Morazán;NA;PROMOCION Y PROTECCION HUMANA;EDUCACION;Secretaría de Educación;Programa de Mejora de la Infraestructura Escolar (PROMINE/KFW, FASE II);2889688.000000000000000000000000000000;
2025;Francisco Morazán;NA;PROMOCION Y PROTECCION HUMANA;EDUCACION;Secretaría de Educación;Programa de Reconstrucción, Ampliación y Rehabilitación de Infraestructura Educativa e Implementación de Huertos Escolares Productivos en Centros Educativos de Honduras, Fase I.;10000000.000000000000000000000000000000;
2025;Francisco Morazán;NA;PROMOCION Y PROTECCION HUMANA;EDUCACION;Universidad Nacional Autónoma de Honduras;REMODELACIÓN Y MEJORAMIENTO DE INFRAESTRUCTURA UNIVERSITARIA;1169000000.000000000000000000000000000000;
2025;Francisco Morazán;NA;PROMOCION Y PROTECCION HUMANA;PROTECCION SOCIAL;Dirección Nacional del Programa Ciudad Mujer;SERVICIOS DE DESARROLLO EMPRESARIAL Y UN ENTORNO FAVORABLE PARA LAS EMPRESARIAS DE HONDURAS;2461750.000000000000000000000000000000;
2025;Francisco Morazán;NA;PROMOCION Y PROTECCION HUMANA;PROTECCION SOCIAL;Instituto Hondureño de Ciencia, Tecnología e Innovación;Fortalecimiento de la Capacidad de SENACIT/IHCIETI para brindar servicios integrados de Innovación Tecnológicas a la Población de Honduras;125237556.000000000000000000000000000000;
2025;Francisco Morazán;NA;PROMOCION Y PROTECCION HUMANA;PROTECCION SOCIAL;Instituto Hondureño para la Prevención del Alcoholismo, Drogadicción y Farmacodependencia;Construcción y Equipamiento del Edificio del Primer Centro Nacional de Tratamiento de las Adicciones en Honduras (CENATRAH) en el Municipio de Orica, Francisco Morazán.;62925100.000000000000000000000000000000;
2025;Francisco Morazán;NA;PROMOCION Y PROTECCION HUMANA;PROTECCION SOCIAL;Programa de la Red Solidaria;APOYO AL SISTEMA INTEGRAL DE PROTECCIÓN SOCIAL 5008/BL-HO;138597249.000000000000000000000000000000;
2025;Francisco Morazán;NA;PROMOCION Y PROTECCION HUMANA;PROTECCION SOCIAL;Programa de la Red Solidaria;FINANCIAMIENTO ADICIONAL AL PROYECTO DE INTEGRACIÓN DE LA PROTECCIÓN SOCIAL;116525956.000000000000000000000000000000;
2025;Francisco Morazán;NA;PROMOCION Y PROTECCION HUMANA;PROTECCION SOCIAL;Programa de la Red Solidaria;Programa Bono De Alivio A Familias Vulnerables Afectadas Por Fenomenos Naturales Producto Del Cambio Climatico/ 2282;71703078.000000000000000000000000000000;
2025;Francisco Morazán;NA;PROMOCION Y PROTECCION HUMANA;PROTECCION SOCIAL;Programa de la Red Solidaria;PROYECTO DE APOYO A POBLACIONES VULNERABLES AFECTADAS POR CORONAVIRUS;48956702.000000000000000000000000000000;
2025;Francisco Morazán;NA;PROMOCION Y PROTECCION HUMANA;PROTECCION SOCIAL;Programa de la Red Solidaria;PROYECTO DE INTEGRACIÓN DE LA PROTECCIÓN SOCIAL / 6401-HN;64438047.000000000000000000000000000000;
2025;Francisco Morazán;NA;PROMOCION Y PROTECCION HUMANA;PROTECCION SOCIAL;Registro Nacional de las Personas;Fortalecimiento del Ecosistema Nacion al de Registro Civil e Identificación de Honduras;71278410.000000000000000000000000000000;
2025;Francisco Morazán;NA;PROMOCION Y PROTECCION HUMANA;PROTECCION SOCIAL;Secretaría de Agricultura y Ganadería;Fortalecimiento del Abastecimiento de Agua Urbana;34200945.846465781000000000000000000000;
2025;Francisco Morazán;NA;PROMOCION Y PROTECCION HUMANA;PROTECCION SOCIAL;Secretaría de las Culturas, las Artes y los Patrimonios de los Pueblos de Honduras;"Potenciación de Industrias Culturales y Creativas en los Clúster de Música y Artes Plásticas de Honduras";23900551.000000000000000000000000000000;
2025;Francisco Morazán;NA;PROMOCION Y PROTECCION HUMANA;PROTECCION SOCIAL;Secretaría de las Culturas, las Artes y los Patrimonios de los Pueblos de Honduras;Restauración, Reparación y Modificaciones en el Teatro Nicolás Avellaneda y Teatro Manuel Bonilla;106000000.000000000000000000000000000000;
2025;Francisco Morazán;NA;PROMOCION Y PROTECCION HUMANA;PROTECCION SOCIAL;Secretaría de Trabajo y Seguridad Social;Programa de Apoyo para la Inserción Laboral en Honduras;5333889.830000000000000000000000000000;
2025;Francisco Morazán;NA;PROMOCION Y PROTECCION HUMANA;SALUD;Programa de la Red Solidaria;PROYECTO DE MEJORA DE LA GESTION Y CALIDAD DE LOS SERVICIOS DE SALUD MATERNO-NEONATAL;204563874.800000000000000000000000000000;
2025;Francisco Morazán;NA;PROMOCION Y PROTECCION HUMANA;SALUD;Secretaría de Salud;Apoyo al Sistema Integral de Protección Social 5008/BL-HO;19739312.460000000000000000000000000000;
2025;Francisco Morazán;NA;PROMOCION Y PROTECCION HUMANA;SALUD;Secretaría de Salud;Construcción y equipamiento del Edificio Administrativo y del Laboratorio Nacional de Vigilancia (LNV) de la salud en Tegucigalpa, Francisco Morazán;112668942.000000000000000000000000000000;
2025;Francisco Morazán;NA;PROMOCION Y PROTECCION HUMANA;SALUD;Secretaría de Salud;Fortalecimiento del Programa de Trasplantes Renales y servicios conexos hospitalarios;152655571.605886020000000000000000000000;
2025;Francisco Morazán;NA;PROMOCION Y PROTECCION HUMANA;SALUD;Secretaría de Salud;Honduras - Iniciativa Regional de Eliminación de la Malaria (IREM en Mesoamérica y República Dominicana);125178.008836178000000000000000000000;
2025;Francisco Morazán;NA;PROMOCION Y PROTECCION HUMANA;SALUD;Secretaría de Salud;Programa de construcción y equipamiento de Tres Hospitales(Tegucigalpa, San Pedro Sula y Roatán) para el Fortalecimiento de la Red Hospitalaria en Honduras;354716516.980327490000000000000000000000;
2025;Francisco Morazán;NA;PROMOCION Y PROTECCION HUMANA;SALUD;Secretaría de Salud;Programa de Diseño, Construcción y Equipamiento del nuevo Hospital en las ciudades de Choluteca y Tocoa como apoyo a la Red Hospitalaria de la República de Honduras;42560317.174296300000000000000000000000;
2025;Francisco Morazán;NA;PROMOCION Y PROTECCION HUMANA;SALUD;Secretaría de Salud;Proyecto de Servicios Esenciales de Salud y Preparación ante emergencias;39089291.886927959000000000000000000000;
2025;Francisco Morazán;NA;PROMOCION Y PROTECCION HUMANA;SALUD;Secretaría de Salud;Respuesta inmediata de salud pública para contener y controlar el coronavirus (COVID-19) y mitigar su efecto en la prestación de servicios en Honduras (RISP-HO-2);160779097.233005779000000000000000000000;
2025;Francisco Morazán;NA;PROMOCION Y PROTECCION HUMANA;SALUD;Universidad Nacional Autónoma de Honduras;CONSTRUCCIÓN DE HOSPITAL PARA LA UNAH;0.000000000000000000000000000000;
2025;Gracias a Dios;NA;AGROFORESTAL Y TURISMO;SEGURIDAD ALIMENTARIA;Secretaría de Agricultura y Ganadería;Integrando la Innovación para la Competitividad Rural (COMRURAL III) ;123614626.999999610000000000000000000000;
2025;Gracias a Dios;NA;FORTALECIMIENTO INSTITUCIONAL;MODERNIZACION DEL ESTADO;Dirección de Gestión por Resultados;Proyecto Transformación Digital para una Mayor Competitividad;532813.000000000000000000000000000000;
2025;Gracias a Dios;NA;FORTALECIMIENTO INSTITUCIONAL;MODERNIZACION DEL ESTADO;Instituto Nacional de Estadísticas;Programa de Apoyo al Censo de Población y Vivienda y Fortalecimiento del Sistema Estadístico Nacional  ;4072613.450000000000000000000000000000;
2025;Gracias a Dios;NA;PROMOCION Y PROTECCION HUMANA;EDUCACION;Fondo Hondureño de Inversión Social;Programa de Mejora de la Infraestructura Escolar (PROMINE/KFW, Fase II);31357108.469851633000000000000000000000;
2025;Gracias a Dios;NA;PROMOCION Y PROTECCION HUMANA;EDUCACION;Secretaría de Educación;Mejoramiento de la Calidad en la Educación Prebásica en Honduras;37615096.000000000000000000000000000000;
2025;Gracias a Dios;NA;PROMOCION Y PROTECCION HUMANA;PROTECCION SOCIAL;Programa de la Red Solidaria;Programa Bono De Alivio A Familias Vulnerables Afectadas Por Fenomenos Naturales Producto Del Cambio Climatico/ 2282;17258280.000000000000000000000000000000;
2025;Gracias a Dios;NA;PROMOCION Y PROTECCION HUMANA;PROTECCION SOCIAL;Programa de la Red Solidaria;PROYECTO DE APOYO A POBLACIONES VULNERABLES AFECTADAS POR CORONAVIRUS;8659080.000000000000000000000000000000;
2025;Gracias a Dios;NA;PROMOCION Y PROTECCION HUMANA;PROTECCION SOCIAL;Registro Nacional de las Personas;Fortalecimiento del Ecosistema Nacion al de Registro Civil e Identificación de Honduras;4289016.000000000000000000000000000000;
2025;Gracias a Dios;NA;PROMOCION Y PROTECCION HUMANA;SALUD;Secretaría de Salud;Honduras - Iniciativa Regional de Eliminación de la Malaria (IREM en Mesoamérica y República Dominicana);791160.847757566400000000000000000000;
2025;Gracias a Dios;NA;PROMOCION Y PROTECCION HUMANA;SALUD;Secretaría de Salud;Proyecto de Servicios Esenciales de Salud y Preparación ante emergencias;5207552.647853879000000000000000000000;
2025;Islas de la Bahía;NA;AGROFORESTAL Y TURISMO;RECURSOS FORESTAL Y AMBIENTE;Instituto Nacional de Conservación y Desarrollo Forestal;Fortalecimiento del Sistema Nacional de Áreas Protegida de Honduras, SINAPH  (LIFEWEB);25251412.000000000000000000000000000000;
2025;Islas de la Bahía;NA;AGROFORESTAL Y TURISMO;SEGURIDAD ALIMENTARIA;Instituto Nacional Penitenciario;CONSTRUCCIÓN DE CENTRO PENITENCIARIO DE ALTA SEGURIDAD EN LA ISLA DEL CISNE;1800000000.000000000000000000000000000000;
2025;Islas de la Bahía;NA;FORTALECIMIENTO INSTITUCIONAL;MODERNIZACION DEL ESTADO;Dirección de Gestión por Resultados;Proyecto Transformación Digital para una Mayor Competitividad;3108082.000000000000000000000000000000;
2025;Islas de la Bahía;NA;FORTALECIMIENTO INSTITUCIONAL;MODERNIZACION DEL ESTADO;Instituto Nacional de Estadísticas;Programa de Apoyo al Censo de Población y Vivienda y Fortalecimiento del Sistema Estadístico Nacional  ;2805996.800000000000000000000000000000;
2025;Islas de la Bahía;NA;PROMOCION Y PROTECCION HUMANA;AGUA Y SANEAMIENTO;Secretaría de Desarrollo Comunitario, Agua y Saneamiento;Programa de Agua y Saneamiento en Honduras;5229461.591989170000000000000000000000;
2025;Islas de la Bahía;NA;PROMOCION Y PROTECCION HUMANA;EDUCACION;Secretaría de Educación;Mejoramiento de la Calidad en la Educación Prebásica en Honduras;2674823.000000000000000000000000000000;
2025;Islas de la Bahía;NA;PROMOCION Y PROTECCION HUMANA;PROTECCION SOCIAL;Programa de la Red Solidaria;PROYECTO DE APOYO A POBLACIONES VULNERABLES AFECTADAS POR CORONAVIRUS;353760.000000000000000000000000000000;
2025;Islas de la Bahía;NA;PROMOCION Y PROTECCION HUMANA;PROTECCION SOCIAL;Registro Nacional de las Personas;Fortalecimiento del Ecosistema Nacion al de Registro Civil e Identificación de Honduras;2955096.000000000000000000000000000000;
2025;Islas de la Bahía;NA;PROMOCION Y PROTECCION HUMANA;SALUD;Secretaría de Salud;Honduras - Iniciativa Regional de Eliminación de la Malaria (IREM en Mesoamérica y República Dominicana);554234.007884436600000000000000000000;
2025;Islas de la Bahía;NA;PROMOCION Y PROTECCION HUMANA;SALUD;Secretaría de Salud;Programa de construcción y equipamiento de Tres Hospitales(Tegucigalpa, San Pedro Sula y Roatán) para el Fortalecimiento de la Red Hospitalaria en Honduras;421596897.444669424000000000000000000000;
2025;Islas de la Bahía;NA;PROMOCION Y PROTECCION HUMANA;SALUD;Secretaría de Salud;Proyecto de Servicios Esenciales de Salud y Preparación ante emergencias;2586898.393572839000000000000000000000;
2025;Islas de la Bahía;NA;PROMOCION Y PROTECCION HUMANA;SALUD;Secretaría de Salud;Respuesta inmediata de salud pública para contener y controlar el coronavirus (COVID-19) y mitigar su efecto en la prestación de servicios en Honduras (RISP-HO-2);263437.182603129000000000000000000000;
2025;Intibucá;NA;AGROFORESTAL Y TURISMO;SEGURIDAD ALIMENTARIA;Fondo Hondureño de Inversión Social;PROYECTO CONVIVENCIA Y ESPACIOS SEGUROS PARA LOS JÓVENES EN HONDURAS;20864338.070000000000000000000000000000;
2025;Intibucá;NA;AGROFORESTAL Y TURISMO;SEGURIDAD ALIMENTARIA;Secretaría de Agricultura y Ganadería;Integrando la Innovación para la Competitividad Rural (COMRURAL II) Tipo de proyecto: Inversión Pública;17279299.002024900000000000000000000000;
2025;Intibucá;NA;AGROFORESTAL Y TURISMO;SEGURIDAD ALIMENTARIA;Secretaría de Agricultura y Ganadería;Integrando la Innovación para la Competitividad Rural (COMRURAL III) ;4555980.252607910000000000000000000000;
2025;Intibucá;NA;AGROFORESTAL Y TURISMO;SEGURIDAD ALIMENTARIA;Secretaría de Agricultura y Ganadería;PROYECTO INTEGRAL DE DESARROLLO RURAL Y PRODUCTIVIDAD;27336069.110385670000000000000000000000;
2025;Intibucá;NA;COMUNICACIONES Y ENERGIA;CARRETERAS;Secretaría de Infraestructura y Transporte;Rehabilitación del Tramo Carretero: "Siguatepeque - La Esperanza" (67.00 Km), Localizado en los Departamentos de Comayagua e Intibucá.;174580673.000000000000000000000000000000;
2025;Intibucá;NA;FORTALECIMIENTO INSTITUCIONAL;MODERNIZACION DEL ESTADO;Dirección de Gestión por Resultados;Proyecto Transformación Digital para una Mayor Competitividad;11988324.000000000000000000000000000000;
2025;Intibucá;NA;FORTALECIMIENTO INSTITUCIONAL;MODERNIZACION DEL ESTADO;Instituto Nacional de Estadísticas;Programa de Apoyo al Censo de Población y Vivienda y Fortalecimiento del Sistema Estadístico Nacional  ;10431174.350000000000000000000000000000;
2025;Intibucá;NA;FORTALECIMIENTO INSTITUCIONAL;SEGURIDAD Y DEFENSA;Secretaría de Seguridad;Programa De Convivencia Ciudadana y Mejoramiento de Barrios;23696465.000000000000000000000000000000;
2025;Intibucá;NA;PROMOCION Y PROTECCION HUMANA;AGUA Y SANEAMIENTO;Secretaría de Agricultura y Ganadería;PROYECTO DE SEGURIDAD HIDRICA EN EL CORREDOR SECO DE HONDURAS;2026526.319824185000000000000000000000;
2025;Intibucá;NA;PROMOCION Y PROTECCION HUMANA;AGUA Y SANEAMIENTO;Secretaría de Desarrollo Comunitario, Agua y Saneamiento;Programa de Agua y Saneamiento en Honduras;6837759.867142642000000000000000000000;
2025;Intibucá;NA;PROMOCION Y PROTECCION HUMANA;ARTES Y CULTURA ;Instituto Hondureño de Antropología e Historia;Fortalecimiento Integral del Instituto Hondureño de Antropología e Historia, para la restauración, rehabilitación, acceso inclusivo e investigación en sitios arqueológicos, museos, archivos históricos e inmuebles de patrimonio en 9 departamentos del país.;273762.746406640000000000000000000000;
2025;Intibucá;NA;PROMOCION Y PROTECCION HUMANA;EDUCACION;Programa de la Red Solidaria;Mejora de la Calidad Educativa para el Desarrollo de Habilidades para el Empleo: Proyecto Joven;3996000.000000000000000000000000000000;
2025;Intibucá;NA;PROMOCION Y PROTECCION HUMANA;EDUCACION;Secretaría de Educación;Mejoramiento de la Calidad en la Educación Prebásica en Honduras;2674823.000000000000000000000000000000;
2025;Intibucá;NA;PROMOCION Y PROTECCION HUMANA;PROTECCION SOCIAL;Programa de la Red Solidaria;APOYO AL SISTEMA INTEGRAL DE PROTECCIÓN SOCIAL 5008/BL-HO;390000.000000000000000000000000000000;
2025;Intibucá;NA;PROMOCION Y PROTECCION HUMANA;PROTECCION SOCIAL;Programa de la Red Solidaria;FINANCIAMIENTO ADICIONAL AL PROYECTO DE INTEGRACIÓN DE LA PROTECCIÓN SOCIAL;30198240.000000000000000000000000000000;
2025;Intibucá;NA;PROMOCION Y PROTECCION HUMANA;PROTECCION SOCIAL;Programa de la Red Solidaria;PROYECTO DE APOYO A POBLACIONES VULNERABLES AFECTADAS POR CORONAVIRUS;3473280.000000000000000000000000000000;
2025;Intibucá;NA;PROMOCION Y PROTECCION HUMANA;PROTECCION SOCIAL;Registro Nacional de las Personas;Fortalecimiento del Ecosistema Nacion al de Registro Civil e Identificación de Honduras;10985448.000000000000000000000000000000;
2025;Intibucá;NA;PROMOCION Y PROTECCION HUMANA;PROTECCION SOCIAL;Secretaría de Agricultura y Ganadería;Fortalecimiento del Abastecimiento de Agua Urbana;11067569.601443881000000000000000000000;
2025;Intibucá;NA;PROMOCION Y PROTECCION HUMANA;SALUD;Secretaría de Salud;Proyecto de Servicios Esenciales de Salud y Preparación ante emergencias;9538751.946958744000000000000000000000;
2025;Lempira;NA;AGROFORESTAL Y TURISMO;SEGURIDAD ALIMENTARIA;Secretaría de Agricultura y Ganadería;Integrando la Innovación para la Competitividad Rural (COMRURAL II) Tipo de proyecto: Inversión Pública;11519532.668016600000000000000000000000;
2025;Lempira;NA;AGROFORESTAL Y TURISMO;SEGURIDAD ALIMENTARIA;Secretaría de Agricultura y Ganadería;Integrando la Innovación para la Competitividad Rural (COMRURAL III) ;18223921.010431640000000000000000000000;
2025;Lempira;NA;AGROFORESTAL Y TURISMO;SEGURIDAD ALIMENTARIA;Secretaría de Agricultura y Ganadería;PROYECTO INTEGRAL DE DESARROLLO RURAL Y PRODUCTIVIDAD;32354975.306116760000000000000000000000;
2025;Lempira;NA;COMUNICACIONES Y ENERGIA;TRANSPORTE Y OBRAS PUBLICAS;Fondo Hondureño de Inversión Social;Actividad Piloto de Infraestructura en El Occidente de Honduras;4505000.000000000000000000000000000000;
2025;Lempira;NA;FORTALECIMIENTO INSTITUCIONAL;MODERNIZACION DEL ESTADO;Dirección de Gestión por Resultados;Proyecto Transformación Digital para una Mayor Competitividad;7104192.000000000000000000000000000000;
2025;Lempira;NA;FORTALECIMIENTO INSTITUCIONAL;MODERNIZACION DEL ESTADO;Instituto Nacional de Estadísticas;Programa de Apoyo al Censo de Población y Vivienda y Fortalecimiento del Sistema Estadístico Nacional  ;14406497.200000000000000000000000000000;
2025;Lempira;NA;PROMOCION Y PROTECCION HUMANA;AGUA Y SANEAMIENTO;Fondo Hondureño de Inversión Social;Ampliación Del Sistema De Abastecimiento De Agua Potable En La Ciudad De Gracias, Departamento De Lempira;376524959.000000000000000000000000000000;
2025;Lempira;NA;PROMOCION Y PROTECCION HUMANA;AGUA Y SANEAMIENTO;Fondo Hondureño de Inversión Social;Programa de Infraestructura para la Seguridad Ciudadana;6935403.000000000000000000000000000000;
2025;Lempira;NA;PROMOCION Y PROTECCION HUMANA;EDUCACION;Fondo Hondureño de Inversión Social;Programa de Mejora de la Infraestructura Escolar (PROMINE/KFW, Fase II);200001.000000000000000000000000000000;
2025;Lempira;NA;PROMOCION Y PROTECCION HUMANA;EDUCACION;Fondo Hondureño de Inversión Social;PROGRAMA DE MEJORAMIENTO INTEGRAL DE LA INFRAESTRUCTURA Y FORMACION EDUCATIVA EN HONDURAS;4257002.295000000000000000000000000000;
2025;Lempira;NA;PROMOCION Y PROTECCION HUMANA;EDUCACION;Programa de la Red Solidaria;Mejora de la Calidad Educativa para el Desarrollo de Habilidades para el Empleo: Proyecto Joven;21978000.000000000000000000000000000000;
2025;Lempira;NA;PROMOCION Y PROTECCION HUMANA;EDUCACION;Secretaría de Educación;Mejoramiento de la Calidad en la Educación Prebásica en Honduras;4891841.000000000000000000000000000000;
2025;Lempira;NA;PROMOCION Y PROTECCION HUMANA;PROTECCION SOCIAL;Programa de la Red Solidaria;APOYO AL SISTEMA INTEGRAL DE PROTECCIÓN SOCIAL 5008/BL-HO;2145000.000000000000000000000000000000;
2025;Lempira;NA;PROMOCION Y PROTECCION HUMANA;PROTECCION SOCIAL;Programa de la Red Solidaria;PROYECTO DE APOYO A POBLACIONES VULNERABLES AFECTADAS POR CORONAVIRUS;21386400.000000000000000000000000000000;
2025;Lempira;NA;PROMOCION Y PROTECCION HUMANA;PROTECCION SOCIAL;Registro Nacional de las Personas;Fortalecimiento del Ecosistema Nacion al de Registro Civil e Identificación de Honduras;15172004.000000000000000000000000000000;
2025;Lempira;NA;PROMOCION Y PROTECCION HUMANA;PROTECCION SOCIAL;Secretaría de Agricultura y Ganadería;Fortalecimiento del Abastecimiento de Agua Urbana;323362.407390731000000000000000000000;
2025;Lempira;NA;PROMOCION Y PROTECCION HUMANA;SALUD;Secretaría de Salud;Proyecto de Servicios Esenciales de Salud y Preparación ante emergencias;5207552.647853879000000000000000000000;
2025;Lempira;NA;PROMOCION Y PROTECCION HUMANA;SALUD;Secretaría de Salud;Respuesta inmediata de salud pública para contener y controlar el coronavirus (COVID-19) y mitigar su efecto en la prestación de servicios en Honduras (RISP-HO-2);263437.182603129000000000000000000000;
2025;La Paz;NA;AGROFORESTAL Y TURISMO;SEGURIDAD ALIMENTARIA;Instituto Nacional de Conservación y Desarrollo Forestal;Rehabilitación y Reforestación tecnificada de fincas de café en agrobosques sostenibles y productivos en varias regiones cafetaleras de Honduras AGROBOSQUE	;47916705.500000000000000000000000000000;
2025;La Paz;NA;AGROFORESTAL Y TURISMO;SEGURIDAD ALIMENTARIA;Secretaría de Agricultura y Ganadería;Integrando la Innovación para la Competitividad Rural (COMRURAL III) ;3849138.462264740000000000000000000000;
2025;La Paz;NA;AGROFORESTAL Y TURISMO;SEGURIDAD ALIMENTARIA;Secretaría de Agricultura y Ganadería;PROYECTO INTEGRAL DE DESARROLLO RURAL Y PRODUCTIVIDAD;32980806.782125200000000000000000000000;
2025;La Paz;NA;COMUNICACIONES Y ENERGIA;TRANSPORTE Y OBRAS PUBLICAS;Fondo Hondureño de Inversión Social;Actividad Piloto de Infraestructura en El Occidente de Honduras;4000000.000000000000000000000000000000;
2025;La Paz;NA;FORTALECIMIENTO INSTITUCIONAL;MODERNIZACION DEL ESTADO;Dirección de Gestión por Resultados;Proyecto Transformación Digital para una Mayor Competitividad;9057846.000000000000000000000000000000;
2025;La Paz;NA;FORTALECIMIENTO INSTITUCIONAL;MODERNIZACION DEL ESTADO;Instituto Nacional de Estadísticas;Programa de Apoyo al Censo de Población y Vivienda y Fortalecimiento del Sistema Estadístico Nacional  ;8922833.880000000000000000000000000000;
2025;La Paz;NA;PROMOCION Y PROTECCION HUMANA;AGUA Y SANEAMIENTO;Fondo Hondureño de Inversión Social;Programa de Infraestructura para la Seguridad Ciudadana;5460000.000000000000000000000000000000;
2025;La Paz;NA;PROMOCION Y PROTECCION HUMANA;AGUA Y SANEAMIENTO;Secretaría de Agricultura y Ganadería;PROYECTO DE SEGURIDAD HIDRICA EN EL CORREDOR SECO DE HONDURAS;136283895.008176200000000000000000000000;
2025;La Paz;NA;PROMOCION Y PROTECCION HUMANA;AGUA Y SANEAMIENTO;Secretaría de Desarrollo Comunitario, Agua y Saneamiento;Programa de Agua y Saneamiento en Honduras;4793326.987415020000000000000000000000;
2025;La Paz;NA;PROMOCION Y PROTECCION HUMANA;ARTES Y CULTURA ;Instituto Hondureño de Antropología e Historia;Fortalecimiento Integral del Instituto Hondureño de Antropología e Historia, para la restauración, rehabilitación, acceso inclusivo e investigación en sitios arqueológicos, museos, archivos históricos e inmuebles de patrimonio en 9 departamentos del país.;1525903.226666590000000000000000000000;
2025;La Paz;NA;PROMOCION Y PROTECCION HUMANA;EDUCACION;Programa de la Red Solidaria;Mejora de la Calidad Educativa para el Desarrollo de Habilidades para el Empleo: Proyecto Joven;11988000.000000000000000000000000000000;
2025;La Paz;NA;PROMOCION Y PROTECCION HUMANA;EDUCACION;Secretaría de Educación;Mejoramiento de la Calidad en la Educación Prebásica en Honduras;9987353.000000000000000000000000000000;
2025;La Paz;NA;PROMOCION Y PROTECCION HUMANA;PROTECCION SOCIAL;Programa de la Red Solidaria;FINANCIAMIENTO ADICIONAL AL PROYECTO DE INTEGRACIÓN DE LA PROTECCIÓN SOCIAL;13772520.000000000000000000000000000000;
2025;La Paz;NA;PROMOCION Y PROTECCION HUMANA;PROTECCION SOCIAL;Programa de la Red Solidaria;PROYECTO DE APOYO A POBLACIONES VULNERABLES AFECTADAS POR CORONAVIRUS;4281300.000000000000000000000000000000;
2025;La Paz;NA;PROMOCION Y PROTECCION HUMANA;PROTECCION SOCIAL;Registro Nacional de las Personas;Fortalecimiento del Ecosistema Nacion al de Registro Civil e Identificación de Honduras;9396960.000000000000000000000000000000;
2025;La Paz;NA;PROMOCION Y PROTECCION HUMANA;PROTECCION SOCIAL;Secretaría de Agricultura y Ganadería;Fortalecimiento del Abastecimiento de Agua Urbana;46799561.439693281000000000000000000000;
2025;La Paz;NA;PROMOCION Y PROTECCION HUMANA;SALUD;Programa de la Red Solidaria;PROYECTO DE MEJORA DE LA GESTION Y CALIDAD DE LOS SERVICIOS DE SALUD MATERNO-NEONATAL;17347458.200000000000000000000000000000;
2025;La Paz;NA;PROMOCION Y PROTECCION HUMANA;SALUD;Secretaría de Salud;Apoyo al Sistema Integral de Protección Social 5008/BL-HO;8063632.592013360000000000000000000000;
2025;La Paz;NA;PROMOCION Y PROTECCION HUMANA;SALUD;Secretaría de Salud;Proyecto de Servicios Esenciales de Salud y Preparación ante emergencias;2586898.393572839000000000000000000000;
2025;La Paz;NA;PROMOCION Y PROTECCION HUMANA;SALUD;Secretaría de Salud;Respuesta inmediata de salud pública para contener y controlar el coronavirus (COVID-19) y mitigar su efecto en la prestación de servicios en Honduras (RISP-HO-2);924550.739003746000000000000000000000;
2025;Ocotepeque;NA;AGROFORESTAL Y TURISMO;SEGURIDAD ALIMENTARIA;Secretaría de Agricultura y Ganadería;Integrando la Innovación para la Competitividad Rural (COMRURAL III) ;9237932.309435390000000000000000000000;
2025;Ocotepeque;NA;AGROFORESTAL Y TURISMO;SEGURIDAD ALIMENTARIA;Secretaría de Agricultura y Ganadería;PROYECTO INTEGRAL DE DESARROLLO RURAL Y PRODUCTIVIDAD;27336069.110385670000000000000000000000;
2025;Ocotepeque;NA;COMUNICACIONES Y ENERGIA;CARRETERAS;Secretaría de Infraestructura y Transporte;REHABILITACIÓN CON CONCRETO HIDRÁULICO DE LA CARRETERA DE OCCIDENTE, TRAMO: CUCUYAGUA - OCOTEPEQUE - EL POY - OCOTEPEQUE - AGUA CALIENTE (CA-4, CA-10), CON UNA LONGITUD DE 93.6 KM;1001086019.800000000000000000000000000000;
2025;Ocotepeque;NA;FORTALECIMIENTO INSTITUCIONAL;MODERNIZACION DEL ESTADO;Dirección de Gestión por Resultados;Proyecto Transformación Digital para una Mayor Competitividad;4440118.000000000000000000000000000000;
2025;Ocotepeque;NA;FORTALECIMIENTO INSTITUCIONAL;MODERNIZACION DEL ESTADO;Instituto Nacional de Estadísticas;Programa de Apoyo al Censo de Población y Vivienda y Fortalecimiento del Sistema Estadístico Nacional  ;6568123.650000000000000000000000000000;
2025;Ocotepeque;NA;PROMOCION Y PROTECCION HUMANA;EDUCACION;Programa de la Red Solidaria;Mejora de la Calidad Educativa para el Desarrollo de Habilidades para el Empleo: Proyecto Joven;6376098.500000000000000000000000000000;
2025;Ocotepeque;NA;PROMOCION Y PROTECCION HUMANA;EDUCACION;Secretaría de Educación;Mejoramiento de la Calidad en la Educación Prebásica en Honduras;2674823.000000000000000000000000000000;
2025;Ocotepeque;NA;PROMOCION Y PROTECCION HUMANA;PROTECCION SOCIAL;Programa de la Red Solidaria;APOYO AL SISTEMA INTEGRAL DE PROTECCIÓN SOCIAL 5008/BL-HO;195000.000000000000000000000000000000;
2025;Ocotepeque;NA;PROMOCION Y PROTECCION HUMANA;PROTECCION SOCIAL;Registro Nacional de las Personas;Fortalecimiento del Ecosistema Nacion al de Registro Civil e Identificación de Honduras;6917130.000000000000000000000000000000;
2025;Ocotepeque;NA;PROMOCION Y PROTECCION HUMANA;PROTECCION SOCIAL;Secretaría de Agricultura y Ganadería;Fortalecimiento del Abastecimiento de Agua Urbana;323362.413393081000000000000000000000;
2025;Ocotepeque;NA;PROMOCION Y PROTECCION HUMANA;SALUD;Secretaría de Infraestructura y Transporte;Diseño, construcción y equipamiento del Hospital Básico de Ocotepeque, ubicado la Ciudad de Ocotepeque,  Municipio de Ocotepeque, Departamento de Ocotepeque;558245241.000000000000000000000000000000;
2025;Ocotepeque;NA;PROMOCION Y PROTECCION HUMANA;SALUD;Secretaría de Salud;Apoyo al Sistema Integral de Protección Social 5008/BL-HO;5548888.537241970000000000000000000000;
2025;Ocotepeque;NA;PROMOCION Y PROTECCION HUMANA;SALUD;Secretaría de Salud;Proyecto de Servicios Esenciales de Salud y Preparación ante emergencias;2586898.393572839000000000000000000000;
2025;Olancho;NA;AGROFORESTAL Y TURISMO;RECURSOS FORESTAL Y AMBIENTE;Instituto Nacional de Conservación y Desarrollo Forestal;Proyecto Manejo Integrado de la Biosfera del Río de Plátano  ;14502359.000000000000000000000000000000;
2025;Olancho;NA;AGROFORESTAL Y TURISMO;RECURSOS FORESTAL Y AMBIENTE;Secretaría de Recursos Naturales y Ambiente;Programa de Restauración de Bosques Resilientes al Clima y Silvicultura para la Sostenibilidad de los Servicios Ecosistémicos Relacionados con el Agua.;15543141.934426236000000000000000000000;
2025;Olancho;NA;AGROFORESTAL Y TURISMO;SEGURIDAD ALIMENTARIA;Fondo Hondureño de Inversión Social;PROYECTO CONVIVENCIA Y ESPACIOS SEGUROS PARA LOS JÓVENES EN HONDURAS;22498646.380000000000000000000000000000;
2025;Olancho;NA;AGROFORESTAL Y TURISMO;SEGURIDAD ALIMENTARIA;Instituto Nacional de Conservación y Desarrollo Forestal;Diseño E Implementación De Un Piloto Del Sistema Para Asegurar La Legalidad De La Madera En Bosque De Pino;6523824.000000000000000000000000000000;
2025;Olancho;NA;AGROFORESTAL Y TURISMO;SEGURIDAD ALIMENTARIA;Instituto Nacional de Conservación y Desarrollo Forestal;Rehabilitación y Reforestación tecnificada de fincas de café en agrobosques sostenibles y productivos en varias regiones cafetaleras de Honduras AGROBOSQUE	;47916705.500000000000000000000000000000;
2025;Olancho;NA;AGROFORESTAL Y TURISMO;SEGURIDAD ALIMENTARIA;Secretaría de Agricultura y Ganadería;Integrando la Innovación para la Competitividad Rural (COMRURAL III) ;23451750.885543910000000000000000000000;
2025;Olancho;NA;AGROFORESTAL Y TURISMO;SEGURIDAD ALIMENTARIA;Secretaría de Agricultura y Ganadería;Proyecto de inclusión económica y social de pequeños productores rurales en la región noreste de Honduras (PROINORTE);71504593.970298237000000000000000000000;
2025;Olancho;NA;COMUNICACIONES Y ENERGIA;CARRETERAS;Secretaría de Infraestructura y Transporte;Pavimentación con Concreto Hidráulico del Anillo Agrícola, Ruta 77, Tramos Carreteros: "Las Delicias (R15) - El Bijagual" y "San Francisco de Becerra - Catacamas" con una Longitud de 62.75 Km, Ubicado;440421397.000000000000000000000000000000;
2025;Olancho;NA;COMUNICACIONES Y ENERGIA;CARRETERAS;Secretaría de Infraestructura y Transporte;PAVIMENTACIÓN CON CONCRETO HIDRÁULICO DEL TRAMO CARRETERO "TERRERO BLANCO - PATUCA" CON UNA LONGITUD DE 29.75 KM, UBICADO EN EL DEPARTAMENTO DE OLANCHO.;300000000.000000000000000000000000000000;
2025;Olancho;NA;COMUNICACIONES Y ENERGIA;TRANSPORTE Y OBRAS PUBLICAS;Fondo Hondureño de Inversión Social;Proyecto Recuperación de Emergencia a Causa de Ciclones Tropicales Eta e Iota en Honduras.;20012488.920000000000000000000000000000;
2025;Olancho;NA;FORTALECIMIENTO INSTITUCIONAL;MODERNIZACION DEL ESTADO;Dirección de Gestión por Resultados;Proyecto Transformación Digital para una Mayor Competitividad;12698745.000000000000000000000000000000;
2025;Olancho;NA;FORTALECIMIENTO INSTITUCIONAL;MODERNIZACION DEL ESTADO;Instituto Nacional de Estadísticas;Programa de Apoyo al Censo de Población y Vivienda y Fortalecimiento del Sistema Estadístico Nacional  ;23358755.990000000000000000000000000000;
2025;Olancho;NA;PROMOCION Y PROTECCION HUMANA;EDUCACION;Fondo Hondureño de Inversión Social;Programa de Mejora de la Infraestructura Escolar (PROMINE/KFW, Fase II);1340438.278456840000000000000000000000;
2025;Olancho;NA;PROMOCION Y PROTECCION HUMANA;EDUCACION;Fondo Hondureño de Inversión Social;PROGRAMA DE MEJORAMIENTO INTEGRAL DE LA INFRAESTRUCTURA Y FORMACION EDUCATIVA EN HONDURAS;30207344.034400000000000000000000000000;
2025;Olancho;NA;PROMOCION Y PROTECCION HUMANA;EDUCACION;Secretaría de Educación;Mejoramiento de la Calidad en la Educación Prebásica en Honduras;6819050.000000000000000000000000000000;
2025;Olancho;NA;PROMOCION Y PROTECCION HUMANA;EDUCACION;Universidad Nacional de Agricultura;Construcción y equipamiento de edificio residencial para estudiantes mujeres "Xiomara Castro" en la Universidad Nacional de Agricultura, Catacamas, Olancho;50000000.000000000000000000000000000000;
2025;Olancho;NA;PROMOCION Y PROTECCION HUMANA;PROTECCION SOCIAL;Programa de la Red Solidaria;APOYO AL SISTEMA INTEGRAL DE PROTECCIÓN SOCIAL 5008/BL-HO;2925000.000000000000000000000000000000;
2025;Olancho;NA;PROMOCION Y PROTECCION HUMANA;PROTECCION SOCIAL;Programa de la Red Solidaria;FINANCIAMIENTO ADICIONAL AL PROYECTO DE INTEGRACIÓN DE LA PROTECCIÓN SOCIAL;34953900.000000000000000000000000000000;
2025;Olancho;NA;PROMOCION Y PROTECCION HUMANA;PROTECCION SOCIAL;Programa de la Red Solidaria;PROYECTO DE INTEGRACIÓN DE LA PROTECCIÓN SOCIAL / 6401-HN;6030000.000000000000000000000000000000;
2025;Olancho;NA;PROMOCION Y PROTECCION HUMANA;PROTECCION SOCIAL;Registro Nacional de las Personas;Fortalecimiento del Ecosistema Nacion al de Registro Civil e Identificación de Honduras;24599952.000000000000000000000000000000;
2025;Olancho;NA;PROMOCION Y PROTECCION HUMANA;PROTECCION SOCIAL;Secretaría de Agricultura y Ganadería;Fortalecimiento del Abastecimiento de Agua Urbana;323362.407390731000000000000000000000;
2025;Olancho;NA;PROMOCION Y PROTECCION HUMANA;PROTECCION SOCIAL;Secretaría de Trabajo y Seguridad Social;Programa de Apoyo para la Inserción Laboral en Honduras;1068850.820000000000000000000000000000;
2025;Olancho;NA;PROMOCION Y PROTECCION HUMANA;SALUD;Secretaría de Infraestructura y Transporte;Diseño, construcción y equipamiento de un Hospital Básico en el Municipio de Salamá, Olancho;575517035.000000000000000000000000000000;
2025;Olancho;NA;PROMOCION Y PROTECCION HUMANA;SALUD;Secretaría de Salud;Apoyo al Sistema Integral de Protección Social 5008/BL-HO;7425448.194855270000000000000000000000;
2025;Olancho;NA;PROMOCION Y PROTECCION HUMANA;SALUD;Secretaría de Salud;Honduras - Iniciativa Regional de Eliminación de la Malaria (IREM en Mesoamérica y República Dominicana);915217.161928380000000000000000000000;
2025;Olancho;NA;PROMOCION Y PROTECCION HUMANA;SALUD;Secretaría de Salud;Proyecto de Servicios Esenciales de Salud y Preparación ante emergencias;5207552.647853879000000000000000000000;
2025;Olancho;NA;PROMOCION Y PROTECCION HUMANA;SALUD;Secretaría de Salud;Respuesta inmediata de salud pública para contener y controlar el coronavirus (COVID-19) y mitigar su efecto en la prestación de servicios en Honduras (RISP-HO-2);865978.165218238000000000000000000000;
2025;Santa Bárbara;NA;AGROFORESTAL Y TURISMO;SEGURIDAD ALIMENTARIA;Secretaría de Agricultura y Ganadería;PROYECTO INTEGRAL DE DESARROLLO RURAL Y PRODUCTIVIDAD;32354975.306116760000000000000000000000;
2025;Santa Bárbara;NA;COMUNICACIONES Y ENERGIA;CARRETERAS;Secretaría de Infraestructura y Transporte;COMPLEJO CIENTÍFICO INDUSTRIAL DE HONDURAS PROYECTO LABORATORIO NACIONAL DE MOLÉCULAS BIOLÓGICAS, GENÉTICA Y PROTOTIPOS DE SALUD (COCINH LAB-HONDURAS), EN EL MUNICIPIO DE QUIMISTÀN, DEPARTAMENTO SANTA BÀRBARA;805832981.000000000000000000000000000000;
2025;Santa Bárbara;NA;COMUNICACIONES Y ENERGIA;CARRETERAS;Secretaría de Infraestructura y Transporte;CONSTRUCCIÓN Y REHABILITACIÓN VIAL CON CONCRETO HIDRÁULICO DEL CORREDOR DE OCCIDENTE, TRAMO CARRETERO: "NACO - LA ENTRADA" (79.1 KM), LOCALIZADO EN LOS DEPARTAMENTOS DE SANTA BÁRBARA Y COPÁN;119610019.200000000000000000000000000000;
2025;Santa Bárbara;NA;COMUNICACIONES Y ENERGIA;CARRETERAS;Secretaría de Infraestructura y Transporte;Programa Carreteras Resilientes de Honduras (PCR-HN);14986116.000000000000000000000000000000;
2025;Santa Bárbara;NA;COMUNICACIONES Y ENERGIA;TRANSPORTE Y OBRAS PUBLICAS;Fondo Hondureño de Inversión Social;Actividad Piloto de Infraestructura en El Occidente de Honduras;4400000.000000000000000000000000000000;
2025;Santa Bárbara;NA;FORTALECIMIENTO INSTITUCIONAL;MODERNIZACION DEL ESTADO;Dirección de Gestión por Resultados;Proyecto Transformación Digital para una Mayor Competitividad;12432331.000000000000000000000000000000;
2025;Santa Bárbara;NA;FORTALECIMIENTO INSTITUCIONAL;MODERNIZACION DEL ESTADO;Instituto Nacional de Estadísticas;Programa de Apoyo al Censo de Población y Vivienda y Fortalecimiento del Sistema Estadístico Nacional  ;18899088.400000000000000000000000000000;
2025;Santa Bárbara;NA;PROMOCION Y PROTECCION HUMANA;AGUA Y SANEAMIENTO;Fondo Hondureño de Inversión Social;Programa de Infraestructura para la Seguridad Ciudadana;3965000.000000000000000000000000000000;
2025;Santa Bárbara;NA;PROMOCION Y PROTECCION HUMANA;AGUA Y SANEAMIENTO;Secretaría de Desarrollo Comunitario, Agua y Saneamiento;Programa de Agua y Saneamiento en Honduras;33093893.795087000000000000000000000000;
2025;Santa Bárbara;NA;PROMOCION Y PROTECCION HUMANA;EDUCACION;Fondo Hondureño de Inversión Social;PROGRAMA DE MEJORAMIENTO INTEGRAL DE LA INFRAESTRUCTURA Y FORMACION EDUCATIVA EN HONDURAS;26405770.401079600000000000000000000000;
2025;Santa Bárbara;NA;PROMOCION Y PROTECCION HUMANA;EDUCACION;Programa de la Red Solidaria;Mejora de la Calidad Educativa para el Desarrollo de Habilidades para el Empleo: Proyecto Joven;242573.270000000000000000000000000000;
2025;Santa Bárbara;NA;PROMOCION Y PROTECCION HUMANA;EDUCACION;Secretaría de Educación;Mejoramiento de la Calidad en la Educación Prebásica en Honduras;9987353.000000000000000000000000000000;
2025;Santa Bárbara;NA;PROMOCION Y PROTECCION HUMANA;PROTECCION SOCIAL;Programa de la Red Solidaria;FINANCIAMIENTO ADICIONAL AL PROYECTO DE INTEGRACIÓN DE LA PROTECCIÓN SOCIAL;1407000.000000000000000000000000000000;
2025;Santa Bárbara;NA;PROMOCION Y PROTECCION HUMANA;PROTECCION SOCIAL;Programa de la Red Solidaria;Programa Bono De Alivio A Familias Vulnerables Afectadas Por Fenomenos Naturales Producto Del Cambio Climatico/ 2282;80087587.000000000000000000000000000000;
2025;Santa Bárbara;NA;PROMOCION Y PROTECCION HUMANA;PROTECCION SOCIAL;Registro Nacional de las Personas;Fortalecimiento del Ecosistema Nacion al de Registro Civil e Identificación de Honduras;19903314.000000000000000000000000000000;
2025;Santa Bárbara;NA;PROMOCION Y PROTECCION HUMANA;PROTECCION SOCIAL;Secretaría de Agricultura y Ganadería;Fortalecimiento del Abastecimiento de Agua Urbana;970087.240179243000000000000000000000;
2025;Santa Bárbara;NA;PROMOCION Y PROTECCION HUMANA;SALUD;Secretaría de Infraestructura y Transporte;Diseño, Construcción y Equipamiento de Hospital General ubicado en Santa Bárbara, municipio de Santa Bárbara, Aldea Inguaya;2286493118.000000000000000000000000000000;
2025;Santa Bárbara;NA;PROMOCION Y PROTECCION HUMANA;SALUD;Secretaría de Salud;Proyecto de Servicios Esenciales de Salud y Preparación ante emergencias;2586898.393572839000000000000000000000;
2025;Valle;NA;AGROFORESTAL Y TURISMO;SEGURIDAD ALIMENTARIA;Secretaría de Agricultura y Ganadería;Integrando la Innovación para la Competitividad Rural (COMRURAL III) ;9111960.505215820000000000000000000000;
2025;Valle;NA;FORTALECIMIENTO INSTITUCIONAL;MODERNIZACION DEL ESTADO;Dirección de Gestión por Resultados;Proyecto Transformación Digital para una Mayor Competitividad;4440120.000000000000000000000000000000;
2025;Valle;NA;FORTALECIMIENTO INSTITUCIONAL;MODERNIZACION DEL ESTADO;Instituto Nacional de Estadísticas;Programa de Apoyo al Censo de Población y Vivienda y Fortalecimiento del Sistema Estadístico Nacional  ;7827698.050000000000000000000000000000;
2025;Valle;NA;PROMOCION Y PROTECCION HUMANA;AGUA Y SANEAMIENTO;Secretaría de Agricultura y Ganadería;PROYECTO DE SEGURIDAD HIDRICA EN EL CORREDOR SECO DE HONDURAS;209669408.535659400000000000000000000000;
2025;Valle;NA;PROMOCION Y PROTECCION HUMANA;EDUCACION;Secretaría de Educación;Mejoramiento de la Calidad en la Educación Prebásica en Honduras;2674823.000000000000000000000000000000;
2025;Valle;NA;PROMOCION Y PROTECCION HUMANA;PROTECCION SOCIAL;Programa de la Red Solidaria;FINANCIAMIENTO ADICIONAL AL PROYECTO DE INTEGRACIÓN DE LA PROTECCIÓN SOCIAL;9073140.000000000000000000000000000000;
2025;Valle;NA;PROMOCION Y PROTECCION HUMANA;PROTECCION SOCIAL;Registro Nacional de las Personas;Fortalecimiento del Ecosistema Nacion al de Registro Civil e Identificación de Honduras;8243632.000000000000000000000000000000;
2025;Valle;NA;PROMOCION Y PROTECCION HUMANA;SALUD;Secretaría de Salud;Honduras - Iniciativa Regional de Eliminación de la Malaria (IREM en Mesoamérica y República Dominicana);482873.974346900000000000000000000000;
2025;Valle;NA;PROMOCION Y PROTECCION HUMANA;SALUD;Secretaría de Salud;Proyecto de Servicios Esenciales de Salud y Preparación ante emergencias;2586898.393572839000000000000000000000;
2025;Yoro;NA;AGROFORESTAL Y TURISMO;RECURSOS FORESTAL Y AMBIENTE;Secretaría de Recursos Naturales y Ambiente;Programa de Restauración de Bosques Resilientes al Clima y Silvicultura para la Sostenibilidad de los Servicios Ecosistémicos Relacionados con el Agua.	;431753.942622951000000000000000000000;
2025;Yoro;NA;AGROFORESTAL Y TURISMO;RECURSOS FORESTAL Y AMBIENTE;Secretaría de Recursos Naturales y Ambiente;Programa de Restauración de Bosques Resilientes al Clima y Silvicultura para la Sostenibilidad de los Servicios Ecosistémicos Relacionados con el Agua.;2158769.713114755000000000000000000000;
2025;Yoro;NA;AGROFORESTAL Y TURISMO;SEGURIDAD ALIMENTARIA;Instituto Nacional de Conservación y Desarrollo Forestal;Rehabilitación y Reforestación tecnificada de fincas de café en agrobosques sostenibles y productivos en varias regiones cafetaleras de Honduras AGROBOSQUE	;47916705.500000000000000000000000000000;
2025;Yoro;NA;AGROFORESTAL Y TURISMO;SEGURIDAD ALIMENTARIA;Secretaría de Agricultura y Ganadería;Integrando la Innovación para la Competitividad Rural (COMRURAL III) ;35727003.643321940000000000000000000000;
2025;Yoro;NA;AGROFORESTAL Y TURISMO;SEGURIDAD ALIMENTARIA;Secretaría de Agricultura y Ganadería;PROYECTO DE DESAROLLO AGRICOLA BAJO RIEGO (PDABR);458524.848351365000000000000000000000;
2025;Yoro;NA;AGROFORESTAL Y TURISMO;SEGURIDAD ALIMENTARIA;Secretaría de Agricultura y Ganadería;Proyecto de inclusión económica y social de pequeños productores rurales en la región noreste de Honduras (PROINORTE);21461076.225281368000000000000000000000;
2025;Yoro;NA;COMUNICACIONES Y ENERGIA;CARRETERAS;Secretaría de Infraestructura y Transporte;Programa Carreteras Resilientes de Honduras (PCR-HN);1271464052.700000000000000000000000000000;
2025;Yoro;NA;COMUNICACIONES Y ENERGIA;ENERGIA;Empresa Nacional de Energía Eléctrica;Apoyo al Programa de Transmisión  de Energía Eléctrica ;25550000.000000000000000000000000000000;
2025;Yoro;NA;COMUNICACIONES Y ENERGIA;TRANSPORTE Y OBRAS PUBLICAS;Fondo Hondureño de Inversión Social;Proyecto Recuperación de Emergencia a Causa de Ciclones Tropicales Eta e Iota en Honduras.;45475592.990000000000000000000000000000;
2025;Yoro;NA;FORTALECIMIENTO INSTITUCIONAL;MODERNIZACION DEL ESTADO;Dirección de Gestión por Resultados;Proyecto Transformación Digital para una Mayor Competitividad;7104191.000000000000000000000000000000;
2025;Yoro;NA;FORTALECIMIENTO INSTITUCIONAL;MODERNIZACION DEL ESTADO;Instituto Nacional de Estadísticas;Programa de Apoyo al Censo de Población y Vivienda y Fortalecimiento del Sistema Estadístico Nacional  ;25594128.530000000000000000000000000000;
2025;Yoro;NA;PROMOCION Y PROTECCION HUMANA;EDUCACION;Secretaría de Educación;Mejoramiento de la Calidad en la Educación Prebásica en Honduras;43418617.000000000000000000000000000000;
2025;Yoro;NA;PROMOCION Y PROTECCION HUMANA;PROTECCION SOCIAL;Programa de la Red Solidaria;FINANCIAMIENTO ADICIONAL AL PROYECTO DE INTEGRACIÓN DE LA PROTECCIÓN SOCIAL;43162740.000000000000000000000000000000;
2025;Yoro;NA;PROMOCION Y PROTECCION HUMANA;PROTECCION SOCIAL;Programa de la Red Solidaria;Programa Bono De Alivio A Familias Vulnerables Afectadas Por Fenomenos Naturales Producto Del Cambio Climatico/ 2282;89281145.000000000000000000000000000000;
2025;Yoro;NA;PROMOCION Y PROTECCION HUMANA;PROTECCION SOCIAL;Registro Nacional de las Personas;Fortalecimiento del Ecosistema Nacion al de Registro Civil e Identificación de Honduras;26954104.000000000000000000000000000000;
2025;Yoro;NA;PROMOCION Y PROTECCION HUMANA;PROTECCION SOCIAL;Secretaría de Trabajo y Seguridad Social;Programa de Apoyo para la Inserción Laboral en Honduras;5026759.290000000000000000000000000000;
2025;Yoro;NA;PROMOCION Y PROTECCION HUMANA;SALUD;Secretaría de Salud;Honduras - Iniciativa Regional de Eliminación de la Malaria (IREM en Mesoamérica y República Dominicana);2877068.921197409000000000000000000000;
2025;Yoro;NA;PROMOCION Y PROTECCION HUMANA;SALUD;Secretaría de Salud;Proyecto de Servicios Esenciales de Salud y Preparación ante emergencias;6918097.692677704000000000000000000000;
2025;Yoro;NA;PROMOCION Y PROTECCION HUMANA;SALUD;Secretaría de Salud;Respuesta inmediata de salud pública para contener y controlar el coronavirus (COVID-19) y mitigar su efecto en la prestación de servicios en Honduras (RISP-HO-2);263437.182603129000000000000000000000;
2025;Olancho;NA;PROMOCION Y PROTECCION HUMANA;EDUCACION;Secretaría de Educación;Mejoramiento de la Calidad en la Educación Prebásica en Honduras;6035321.000000000000000000000000000000;
